time,fx,fy,fz,mx,my,mz,force_magnitude,torque_magnitude
0.0,-40010.20444776389,-32023.863508028255,61847.715304888145,-2013.4348138281675,1916.9720121675896,-296.66402598729564,80321.1316053701,2795.838155059072
0.001,-39859.3047464176,-31999.073688436467,61275.793382073025,-2008.6843395317342,1910.1430797387834,-296.5211816358317,79796.1637322765,2787.7202463864114
0.002,-6.568273031999672,-4.028882594476974,-33.01596613795868,-0.7442854969814525,0.23707170317638027,-0.04602746187093201,33.90321703918092,0.7824847734685689
0.003,16.982073396341008,10.01904689883963,25.17323335342503,1.3858002336091944,-1.4533349885109261,-0.0813679784485909,31.975987788743154,2.009787457473591
0.004,16.824588638362542,9.92903709510467,25.343136765900503,1.3757228142450324,-1.4345579479370838,-0.07883118087702445,31.998861567581127,1.9891666905270144
0.005,16.670365648703573,9.836517940341981,25.508255569720383,1.365409506973792,-1.416174498241806,-0.07633526156607895,32.02076323672371,1.96868494263638
0.006,16.519420122098943,9.741638340271752,25.668553111913,1.3548768330577543,-1.398185356097816,-0.07388175727606405,32.04161945941807,1.9483511071727255
0.007,16.435346955343054,9.703182275047563,25.822085371183768,1.3461404834212287,-1.383150206306137,-0.10674918443933101,32.11000574154424,1.9330271810527422
0.008,16.428423933087885,9.731156920810937,25.968775657933406,1.3396658313110679,-1.3714980619133499,-0.18069167024200344,32.23299299033175,1.925710506049467
0.009000000000000001,16.28950347932536,9.633970994742857,26.114977008595144,1.329063442859812,-1.3548057932805455,-0.17993671575139641,32.25140841715215,1.9063802334078854
0.01,16.150982430484767,9.533850112728198,26.25620915740738,1.3182977762378523,-1.338350175098421,-0.1779436440284805,32.26665540088278,1.8869960674229755
0.011,16.015108814841426,9.43294985272607,26.39237325852002,1.3074471352642163,-1.322222335715395,-0.17594443530145532,32.2803596555599,1.8677918408882797
0.012,15.8819482702132,9.331410575775784,26.523445089449954,1.2965242685924387,-1.306426424347536,-0.1739603947963923,32.29248586907634,1.8487799761573478
0.013000000000000001,15.751530370985328,9.229336181159274,26.649403901948585,1.2855405469970853,-1.2909651775778386,-0.17199271318191534,32.302973295071794,1.8299691475759428
0.014,15.623884290964515,9.126826890580851,26.770231184857657,1.2745070241849312,-1.2758413439409566,-0.17004222977823968,32.31176267427704,1.811367894579605
0.015,15.499039407202073,9.023979730716755,26.885910570080963,1.2634344477298063,-1.2610577099674256,-0.1681097577357698,32.31879669648579,1.7929846742860318
0.016,15.377025324089484,8.9208884862942,26.99642775798116,1.2523332529192404,-1.2466171029305104,-0.1661960891278404,32.324020029917094,1.774827855801101
0.017,15.257871885864045,8.817643646757933,27.10177044411311,1.2412135565457045,-1.2325223929733196,-0.16430199480252689,32.32737934278085,1.7569057139270747
0.018000000000000002,15.141609186899434,8.71433235495535,27.20192824711898,1.2300851509096389,-1.2187764949957711,-0.16242822414344915,32.328823324130255,1.7392264232241184
0.019,15.02826758000935,8.611038357856618,27.29689263789414,1.2189574980268267,-1.2053823703156445,-0.16057550482419097,32.32830270431093,1.721798052447826
0.02,14.917877682834149,8.507841959186239,27.386656870133365,1.2078397240280954,-1.1923430281112937,-0.15874454255514547,32.325770275198614,1.7046285593691421
0.021,14.810470382380561,8.404819973848957,27.471215912361103,1.1967406137395313,-1.1796615266534904,-0.1569360208245294,32.32118091041452,1.6877257859831232
0.022,14.706076837773733,8.302045684030018,27.550566381547114,1.1856686054316623,-1.167340974333221,-0.15515060063108266,32.31449158569976,1.6710974541120223
0.023,14.604728481278869,8.199588796855288,27.62470647840214,1.1746317857259734,-1.1553845304916197,-0.15338892020853995,32.3056613996257,1.6547511614076214
0.024,14.506457017646728,8.097515403501811,27.693635924446255,1.163637884647735,-1.1437954060581756,-0.1516515947421035,32.29465159481615,1.638694377757813
0.025,14.411294421825307,7.9958879396478455,27.757355900936485,1.1526942708140775,-1.1325768640022904,-0.14993921607465238,32.28142557984688,1.6229344421010794
0.026000000000000002,14.319272935081935,7.894765147161063,27.815868989737364,1.1418079467467277,-1.121732219602971,-0.14825235240369422,32.26594895199011,1.6074785596525434
0.027,11.299938975937168,7.813065096759409,25.6620182156202,1.1524149348153874,-0.888863600044774,-0.157486958460197,29.107933385332032,1.4638786915435151
0.028,8.492273286620643,7.666527141696802,23.729031783879034,1.1591837657818653,-0.6748206104931295,-0.12232413735915854,26.343145092971827,1.3468678679733987
0.029,8.39431555880271,7.2014637614206105,23.616077986341995,1.1110630684089355,-0.6706035709767959,-0.07770081215424118,26.07766771520794,1.3000798850834276
0.03,3.921885241509591,5.637463953557604,18.45563528133525,0.9124278664109562,-0.2270488339150168,-0.03943360094520454,19.691943969880132,0.9410795892319226
0.031,0.8355676489483241,4.871234678520702,13.601475174897491,0.8051155966274964,0.06449881768124892,-0.013933669159035565,14.471600724264903,0.8078151821743399
0.032,-0.8785800541835607,4.155594612246055,10.640176574281693,0.7114590004629039,0.22291410072292608,0.0049871730666392776,11.456623718392366,0.745579960524679
0.033,15.878484274762151,-5.775867676377846,21.000880126787663,-0.42301269630209737,-1.4046294185940968,0.10567733447634492,26.95410685551648,1.4707451321812308
0.034,-14.724580161140862,9.130530107016964,-6.511173087858088,1.178751350855327,1.6178399566517625,-0.1646720677999407,18.508787532873505,2.0084764779294138
0.035,18.19684420456257,-20.138202398667808,13.154931346038195,-2.085596868111019,-1.7725186409660343,0.255122334419406,30.16164043240703,2.748931435006369
0.036000000000000004,-14.184334507778221,9.494494853775572,-8.857172652251954,1.204802629518264,1.53407573675645,-0.1987495989875917,19.22993201622717,1.960724137990017
0.037,18.18665434455627,-21.16224516286481,12.648571827249462,-2.2036014717270245,-1.7787618645705432,0.26683328143928353,30.63627565241329,2.8444776703520875
0.038,-13.332459519815348,9.234805551762328,-10.60472203329158,1.1668188438548623,1.4170952742717988,-0.19762377977558376,19.377725352315093,1.8462611919961516
0.039,18.095394019443276,-21.728763509207536,12.397396130171762,-2.2686196628243884,-1.772460962819465,0.2737987804512003,30.875198447400628,2.8919230300007834
0.04,-12.58621916913418,9.273549998984016,-12.051463293762259,1.16403511099072,1.3156650590799024,-0.19951228519002773,19.739539256984603,1.7679811761567623
0.041,17.957940418254893,-22.020447819391425,12.300566201753304,-2.30181358000388,-1.7588892129154563,0.27788061729106345,30.962746569318572,2.910198388059944
0.042,-11.916745987785621,9.473230911470425,-13.282962348638481,1.1804786060607715,1.2254228553901274,-0.20301175641549002,20.203663717127917,1.7135940847010933
0.043000000000000003,17.79505817155204,-22.14882613405858,12.296212560743125,-2.3161026375832585,-1.7412106965886054,0.2802210982952075,30.958543857627646,2.91112864395658
0.044,-11.306215349799555,9.751837433254934,-14.35365666482069,1.206606869211728,1.1436628361227479,-0.20728093295695937,20.711260186483745,1.6753597239771414
0.045,17.618943092873767,-22.181268654041325,12.346771864577148,-2.3192912465802933,-1.7212998271612312,0.2815142646050368,30.901110178901252,2.9019364677100308
0.046,-10.743413653698656,10.060956480340666,-15.298846736832258,1.2367722622093895,1.0686769526023732,-0.21182016741666962,21.229660706447255,1.6481941150600106
0.047,17.43669969743615,-22.15838227840357,12.429478332332824,-2.316083572733502,-1.7002598487844465,0.2821814738017435,30.81435271344135,2.88699723820987
0.048,-10.221093486187653,10.37248538029502,-16.142025883917476,1.267682651337404,0.9993595225702651,-0.21633713723469103,21.73992191004566,1.6286621862131507
0.049,17.252413844268972,-22.104565149415656,12.530564607567648,-2.3093060960898346,-1.678733707789053,0.2824782868244461,30.71274382537503,2.868943270549651
0.05,-9.734396840308438,10.670571223888496,-16.89935853343234,1.297467497015647,0.9349700479961668,-0.22066510738075967,22.230787006540652,1.614398955053355
0.051000000000000004,17.06838663426228,-22.03440787863152,12.641728981644885,-2.3006491131056146,-1.6570902426822922,0.28255950673275126,30.60487321496239,2.849346291497677
0.052000000000000005,-9.27991528003801,10.946723891912873,-17.582417473729517,1.3251115661329036,0.8749909569995702,-0.22471320756699925,22.695572162670146,1.6037536790870566
0.053,16.885868191594952,-21.95657396146916,12.757985555582879,-2.291116251780851,-1.6355355890338608,0.2825187357598546,30.49573544195721,2.8291354117867917
0.054,-8.85512950445226,11.196855327210017,-18.19985918900695,1.3501117820227317,0.8190422313029206,-0.22843620443113086,23.130450973960127,1.5955610612286717
0.055,16.705493524238225,-21.876150899237814,12.876357302317956,-2.2812968400409597,-1.6141797675104013,0.28241242386361365,30.38815672974499,2.8088517887872477
0.056,-8.45807472180134,11.419487412144896,-18.758451962530025,1.3722694540834168,0.7668300991461298,-0.2318161394066186,23.533449402632353,1.5889904273016409
0.057,16.527541047492235,-21.79607395257164,12.99508233238584,-2.271530847282639,-1.593076434037865,0.28227448308393654,30.283669157616934,2.7888032914932683
0.058,-8.282659467649715,11.445352990959178,-18.961097215901688,1.3737618108686689,0.7436211049304887,-0.23250137765961018,23.645755656683516,1.5793197115571065
0.059000000000000004,16.352638596466445,-21.724267323788236,13.109391430116005,-2.262738475230372,-1.5723463300852965,0.28219633121869403,30.186234006415184,2.7698182536718647
0.06,-8.182536734468913,11.40361545288297,-19.04832494328192,1.3681235605070503,0.7302118158789308,-0.23224436102246349,23.660833374017507,1.5680908188272855
0.061,16.18052460652808,-21.660658416362544,13.219162438350981,-2.2549121082203767,-1.5519566996424072,0.2821803387965831,30.095510547992166,2.7518764428962235
0.062,-8.082201417212845,11.361297341350694,-19.138812022004792,1.362406222380142,0.7167432783158689,-0.2319650883003994,23.679002990848556,1.5568170875158458
0.063,16.010748333483253,-21.602734811219314,13.32572579448171,-2.2477606788424582,-1.5318388059617858,0.2822007860490751,30.00995137403123,2.734702082576355
0.064,-7.981903278412645,11.320275633795347,-19.231511777237138,1.3568271116627888,0.7032581375374621,-0.23168386380504086,23.70043175997108,1.5457131789900347
0.065,15.843021658706505,-21.54897501214343,13.429870952230285,-2.2411078540036224,-1.5119496324088972,0.2822422474964521,29.92859991957165,2.7181274419147403
0.066,-7.881770964905234,11.281654145983595,-19.325819086554542,1.3515139444168485,0.6897794107635253,-0.23141291388778884,23.725204260006866,1.534906353554021
0.067,13.332368228592221,-21.16159589100622,11.424350517020814,-2.203154260129281,-1.26030039977488,0.28836002261091875,27.496926518663503,2.554485720108588
0.068,-7.774366192030435,11.243627958368036,-19.42891988644857,1.3461958036641628,0.6753605526666879,-0.23109320487276627,23.755901736368962,1.5237319604312372
0.069,11.484805139957333,-20.87757129611266,9.996963222070749,-2.1740784113370903,-1.0786074230108047,0.29188166333171656,25.840143304372226,2.444423411973733
0.07,-7.662804858598797,11.204803311680243,-19.53883530542399,1.3407302137637032,0.6603666117874379,-0.2306999592520331,23.791432925464765,1.512238089475786
0.07100000000000001,11.163434983079105,-20.766972047674432,9.871976399098422,-2.163105682681642,-1.0406611427607109,0.29326649289641427,25.560620623816664,2.4182652965209184
0.07200000000000001,-7.551525657096285,11.176524279567332,-19.64711548445568,1.336470804361052,0.6454397010916737,-0.23040110579790177,23.831688601126853,1.50194250496072
0.073,10.8118876151584,-20.649542919320563,9.712535834596494,-2.1513781398857112,-1.0001149767002828,0.29458744445264107,25.251413602370828,2.3906985652372503
0.074,-7.439956740242835,11.156119872198069,-19.755268029156728,1.3331068431713569,0.6304945623780438,-0.23016885809406204,23.876402195543605,1.4925397655455972
0.075,10.478034817603952,-20.532828268297155,9.55938347083837,-2.1397032528303286,-0.9614759691179152,0.29579717726648425,24.955321329865527,2.3643734940661854
0.076,-7.327848191517788,11.142491116895393,-19.863901094170625,1.3305107189278447,0.6154955286887804,-0.22999361244000704,23.92544741665276,1.483910570344782
0.077,10.160559679308081,-20.418049507257273,9.411080746406544,-2.128222080902287,-0.9246265327478048,0.29690906918363813,24.67189006730076,2.339320082003483
0.078,-7.215004147430069,11.134868190233412,-19.973455091666324,1.3285928472880733,0.6004152937482374,-0.2298691317115434,23.97875065052632,1.4759733386974274
0.079,9.859517090889053,-20.306291693459997,9.267609675368396,-2.1170577608158077,-0.8895745985329911,0.2979314056758788,24.401724297688425,2.3156078362869605
0.08,-7.101268295678714,11.132698853622808,-20.08426116907062,1.3272887955004762,0.5852325002348453,-0.22979142532247038,24.036275540942363,1.4686717554116595
0.081,9.57488946761368,-20.1984400344551,9.129040240238652,-2.106310199533585,-0.8563192195611294,0.298870584415193,24.14528657627394,2.293283429643547
0.082,-6.986511001785141,11.135561532495956,-20.196587401303027,1.3265492266825243,0.569929646277427,-0.2297578306538125,24.098012558726513,1.4619648809956627
0.083,9.306634149799644,-20.095251473456294,8.995527883891638,-2.0960643154985266,-0.8248556468381351,0.29973178874662987,23.902972469748114,2.2723801614193695
0.084,-6.870621751133216,11.14311308114976,-20.310665967554154,1.3263338607344137,0.554491852986352,-0.2297664604808441,24.163972447261198,1.455821194900249
0.085,8.976817585795231,-19.998409896200695,8.810930376924933,-2.08613062210208,-0.7893042984070937,0.3004039377294029,23.625243838998127,2.2505965373116648
0.08600000000000001,-6.7763063062451305,11.138354768245884,-20.398230329273588,1.3248424478114869,0.5418147753652025,-0.2295505323069916,24.20886355584376,1.4496427867614836
0.08700000000000001,8.751506464683157,-19.92667637961724,8.726222339699907,-2.0785287833780473,-0.7647043859414793,0.3007124868603813,23.447990388544273,2.2350576504785993
0.088,-6.873595060030581,11.016045312760241,-20.244529127793598,1.311125941282097,0.5537001918011047,-0.2274095686923572,24.050790485723066,1.4413015812925098
0.089,8.50032733862631,-19.722381223484717,8.65082307856856,-2.061436572855392,-0.7392910744849799,0.30015330270485663,23.153069470913675,2.210466928466376
0.09,-6.982632100520581,10.90612231492889,-20.081186553362837,1.298858244424733,0.567096829326784,-0.225339530831007,23.89465857446745,1.4350642693265447
0.091,5.993960723804183,-12.88814741491474,8.348154049980986,-1.5445713252571962,-0.5620348807671672,0.2592171183130888,16.48404031144351,1.6639643326803244
0.092,-7.444183965118765,11.244965173614176,-19.257217172092155,1.340707277890659,0.6293084126570904,-0.22737135526290883,23.509690127167733,1.4984067593360821
0.093,6.485456612601786,-11.08591635073568,9.805741804471014,-1.3902748654086134,-0.6220597733489253,0.2405435128796978,16.15893750051034,1.5419739766268301
0.094,-7.845017814793198,11.501693436398645,-18.559852351815746,1.3727404490121866,0.6831487720669385,-0.22873081853363747,23.201322715322046,1.5502988010308896
0.095,7.233534046339597,-10.838191384896826,11.018087674331083,-1.35666201919497,-0.691266686394294,0.23293573286113958,17.064251032332255,1.5403377946698174
0.096,-8.129566610387958,11.606264591913703,-18.088394641358583,1.3865090068151529,0.7209510540705699,-0.22876210748615633,22.977929666351024,1.5794017063959742
0.097,7.560716491086696,-10.685711750176496,11.692361753216748,-1.336251619960954,-0.7192297378136797,0.22873614913894286,17.55164359353665,1.5346595822939761
0.098,-8.34136029417526,11.620857136913523,-17.756824387467844,1.3894464335360208,0.7487483486960353,-0.22801863238995748,22.80191712293443,1.5947344537752968
0.099,7.63446844640507,-10.590260945692474,12.037135460180771,-1.3237854730489549,-0.7224164331699356,0.22659841928953187,17.757572059371046,1.5250050246454703
0.1,-8.506968325315142,11.583415452267703,-17.513255330654303,1.3860863284146643,0.7702168496162218,-0.22683828492246033,22.65520107843761,1.6018504651675027
0.101,7.5566124493246924,-10.52894108367664,12.180088813129801,-1.316099293673093,-0.7108308287914746,0.22570482877039605,17.78526231317808,1.512726177369012
0.10200000000000001,-8.642630655723636,11.516716066122761,-17.326402996504413,1.3791507313641567,0.7875983830767888,-0.22542315285203413,22.528516471268613,1.6041145690658172
0.10300000000000001,7.389110476743362,-10.48802464201356,12.19950240803807,-1.311287238476818,-0.6905549241864702,0.22555818222843632,17.70382652232926,1.4990719858234085
0.10400000000000001,-8.758275638749357,11.434403222068699,-17.17735126430065,1.3702711581322977,0.8022606915213257,-0.2238939093469651,22.416832195168357,1.6035565928934878
0.105,7.1696959083329,-10.45928036512673,12.143450934665877,-1.3082007441596237,-0.6652885730612954,0.22585583332288556,17.5574623957145,1.484927247346382
0.106,-8.859970525946824,11.344617970864125,-17.054618411525915,1.360422069108736,0.8150382185254937,-0.22232237851559788,22.31724543460188,1.6013940001648994
0.107,6.92136062830199,-10.437775459530304,12.041516887911992,-1.3061475640184477,-0.6372834050556184,0.22641335919262146,17.373845816411855,1.4708550596749823
0.108,-8.951418808080536,11.252182558295887,-16.95119622719947,1.3501817330203307,0.8264397603798006,-0.22075104645776944,22.227968070336473,1.5983505292114764
0.109,6.658118134497069,-10.420559183422409,11.911948272498055,-1.3047107849241482,-0.6079097291622944,0.22711826529204693,17.170122376814827,1.4571915376973712
0.11,-9.034876514112186,11.159916640104257,-16.862770930527734,1.3398893843208264,0.8367751832709672,-0.21920476055049865,22.147816517543735,1.594850148635227
0.111,6.388507724038466,-10.405873279028029,11.76603750671724,-1.3036398408971588,-0.5780009613715676,0.2279018742262593,16.956853135200692,1.4441264523568105
0.112,-9.11171363939809,11.06943126332364,-16.78665295568006,1.3297400082769082,0.8462328496127902,-0.21769775153245355,22.075945084962548,1.5911350779862599
0.113,6.117727173614945,-10.392677706017613,11.610803367505397,-1.3027847857408912,-0.5480630747183185,0.22872223691769222,16.74052240853961,1.4317594747331934
0.114,-9.182758502224614,10.981608385684837,-16.721132474456557,1.31984157471552,0.8549269793526868,-0.21623785312810379,22.011702516503526,1.5873376236636314
0.115,5.848931932711806,-10.380365319929773,11.450635404080485,-1.3020565929924168,-0.518402084204024,0.22955373222266692,16.525103330565834,1.4201362639688673
0.116,-9.248509141996198,10.896890838813663,-16.66509092333061,1.3102496395975722,0.8629266483013424,-0.2148290410591062,21.954553213069143,1.5835239294991825
0.117,5.584027321164857,-10.368589934383552,11.28830326832682,-1.3014031378043156,-0.4892017138907235,0.23038072963748166,16.313025747194583,1.4092706356654274
0.11800000000000001,-9.309263180849419,10.815457897516772,-16.61776665047696,1.3009882906771413,0.8702735568498186,-0.213472963212645,21.904033394628048,1.5797206405734692
0.11900000000000001,5.324152045671177,-10.357162525783256,11.125576868434624,-1.3007946416851746,-0.46057075821646254,0.2311937230219463,16.10577136452524,1.3991578398185451
0.12,-9.365197626601539,10.737331730222904,-16.578613451318535,1.2920628434179549,0.8769929232883187,-0.21216986354970863,21.859726513348573,1.5759311627852859
0.121,5.069973606920395,-10.34598845725318,10.963607774913593,-1.300214836450674,-0.43257199122197093,0.23198696882312372,15.904238585189523,1.3897823938372276
0.122,-9.416417909568004,10.662442031790178,-16.54721514976182,1.2834675466513585,0.8831001628474271,-0.21091914123439706,21.821249403767556,1.5721455801125621
0.123,4.821868970982749,-10.335029437745996,10.803164005559156,-1.2996555906098233,-0.40523983133743297,0.23275704139174588,15.708965796111833,1.3811226648720232
0.124,-9.462987990937153,10.590665320190364,-16.52323403115117,1.2751902654079206,0.888604980759534,-0.20971968997800272,21.7882444563369,1.5683467005691836
0.125,4.580035197446477,-10.324280424982138,10.644774672809879,-1.2991136356740332,-0.3785911482317281,0.23350194798595503,15.520267927404237,1.3731535440826923
0.126,-9.50494881418837,10.521848858726862,-16.50637974197285,1.267215329885634,0.8935138768212922,-0.20857010475172783,21.760375170305416,1.5645137356269898
0.127,4.344557271519342,-10.31375557522952,10.488819161831508,-1.2985885684619907,-0.35263188362711023,0.23422058575092042,15.338319965390388,1.3658480143412994
0.128,-9.542329571032962,10.455825232440777,-16.496390574676393,1.2595252699833714,0.8978316732030014,-0.20746880831779835,21.737323591597644,1.5606245306152255
0.129,4.115449766404491,-10.303479682172537,10.335582141042524,-1.2980816303209872,-0.3273611149738419,0.2349124079021762,15.163208055519723,1.3591780817685766
0.13,-9.575154534528439,10.392421232110184,-16.49302225244613,1.2521018713034804,0.9015624411124704,-0.20641412918298963,21.718788788636402,1.5566569063453661
0.131,3.8926824901236183,-10.293482954390806,10.185287507669564,-1.2975949604165804,-0.30277355584012566,0.2355772180461427,14.994960817392581,1.3531153435967462
0.132,-9.603447155785242,10.331463263071122,-16.496041257547162,1.2449268171209131,0.9047100572018221,-0.20540435004440621,21.7044858865822,1.5525894546228558
0.133,3.676196323465137,-10.283797828992133,10.03811933613444,-1.2971311389738094,-0.27886109989463503,0.23621504308242958,14.833568586241075,1.3476313484437692
0.134,-9.627232470915096,10.272780626594004,-16.505220912104736,1.2379820770584953,0.9072785318123514,-0.20443773825050776,21.69414539014032,1.5484019976177457
0.135,3.4108475372027938,-10.2804929152345,9.85501614680076,-1.2971623316004322,-0.2515261898003517,0.23705249526416802,14.64389834558861,1.34241924307927
0.136,-9.663691079421096,10.209164792926167,-16.504337371551124,1.2305220164764044,0.911420969303069,-0.20336290702073678,21.679647670605377,1.5447424019138036
0.137,3.1336346214042554,-10.293570625296212,9.699965111803593,-1.2984127987961973,-0.22470411135554935,0.23797036991963055,14.486772771346672,1.339028614592514
0.138,-9.72914020066553,10.134540490232332,-16.478914465438933,1.2219211993562382,0.9191738595101672,-0.20204313160176873,21.65455383866445,1.5423337604002754
0.139,3.0236455431762317,-10.313996613368095,9.736553397363744,-1.3000554566828733,-0.21264086740223298,0.23820647580290488,14.502462913969252,1.3386943841127175
0.14,-9.792667756721404,10.06203071061189,-16.458418132131072,1.2135374264632832,0.9266566035364022,-0.20075168663765539,21.633777553328237,1.54002168361118
0.14100000000000001,2.9170995151194656,-10.33357883442903,9.779274874249008,-1.3015865737751522,-0.200855997659887,0.2384361159702471,14.523310165888072,1.3384029745284733
0.14200000000000002,-9.853792397134002,9.99172118982303,-16.443156019566633,1.2053792705254156,0.9338092616603834,-0.19949171938781168,21.617333249612102,1.537769771155422
0.14300000000000002,2.8111342639843135,-10.352113314109298,9.824849422630956,-1.302990855667697,-0.18909576797182098,0.23867014384208743,14.546353223254187,1.3380978353543858
0.14400000000000002,-9.912484264873427,9.92353399366361,-16.433004469371422,1.1974386338124605,0.9406286270861749,-0.19826265378940444,21.605034300253767,1.5355616482995045
0.145,2.7056838261747695,-10.369545160728642,9.87317399632066,-1.304262561941901,-0.1773533959545786,0.23890779194348202,14.571470638519537,1.3377712773830894
0.146,-9.968720955240908,9.857379564037704,-16.427835904858245,1.1897061088907153,0.9471124058604947,-0.19706372237609954,21.596692382629268,1.533380789479073
0.147,2.6007380217485747,-10.385835669377673,9.92419871636559,-1.3053976690071634,-0.16562721509133504,0.2391482007090135,14.59860065112402,1.3374181509649874
0.148,-10.022479671726455,9.793164958277877,-16.42752519957688,1.1821718843505513,0.9532582526185581,-0.19589409386950984,21.592122703730293,1.5312106832004786
0.149,2.4962916142802962,-10.400955635821783,9.977870759671527,-1.3063932392246873,-0.15391616346684162,0.23939058653768008,14.62768795328117,1.337034529767716
0.15,-10.07373737959113,9.730797296024514,-16.43194891956214,1.174826138614112,0.9590638027826236,-0.194752913544552,21.591145085529597,1.5290351634651518
0.151,2.392343060035399,-10.414882475906868,10.034134465450855,-1.3072470911663026,-0.14221965115317003,0.23963421437525703,14.65868127679295,1.3366173510904815
0.152,-10.122471001851965,9.670185802418558,-16.440984833941197,1.1676592735259967,0.9645267047089339,-0.19363932732242534,21.593584578446347,1.526838607133647
0.153,2.288894290383713,-10.427598448231903,10.092932148303174,-1.30795759414748,-0.13053752611441438,0.23987837812662968,14.691532453095942,1.3361641927939836
0.154,-10.168657547590632,9.611243007902813,-16.45451167500943,1.1606620513060226,0.96964464002148,-0.192552496450364,21.599271815044006,1.524606043918742
0.155,2.18595055521018,-10.43908953899261,10.154204685151953,-1.3085235389051189,-0.11887005012564758,0.24012238853088322,14.72619580953922,1.3356731269885707
0.156,-10.212274198974118,9.55388542244929,-16.472409048659948,1.1538256713132535,0.9744153367068314,-0.1914916063005139,21.608043198001425,1.5223232125519597
0.157,2.1287804033155178,-10.438538584660943,10.17969464047967,-1.307890901570928,-0.11287119608310962,0.24006811489163776,14.735025509391084,1.3345228424814883
0.158,-10.257404449025342,9.497966661103012,-16.49091133374934,1.147150459169762,0.9793511430170776,-0.1904391409374536,21.61887770777872,1.5203124362127831
0.159,2.0924811050560517,-10.435177169381745,10.222341032239267,-1.3069034093119947,-0.10884156561377734,0.23988940456974134,14.756952798962432,1.3331878840213776
0.16,-10.301365343353602,9.443998422465711,-16.512272895150428,1.1406846907630261,0.9841165356743082,-0.18941205983005555,21.632438380929255,1.5183951553985569
0.161,2.0595682998151603,-10.430182658225455,10.269511701561754,-1.3057200384961107,-0.10510467070980584,0.23968629047473305,14.781522332089626,1.331691153600128
0.162,-10.343753877120246,9.39171163062053,-16.53678144964922,1.1343966995656694,0.9886607460020338,-0.1884088697087001,21.648617330828213,1.5165104169954426
0.163,2.0286289532823814,-10.423730199509494,10.318569102655438,-1.304368352086371,-0.10155394726787217,0.23946861652776819,14.806834740366938,1.3300508337773875
0.164,-10.532721350499218,9.851967820567406,-16.588122905769865,1.1670509864026928,1.0030420469537633,-0.1908548784690039,21.98102159868109,1.550653712940485
0.165,2.0559689874656746,-10.361574948303643,10.504790269844989,-1.2962015255365964,-0.10205615369304641,0.23821197717551454,14.897646206705414,1.321854303385924
0.166,-11.57672387534971,13.31557698829031,-16.769227087868572,1.4293773499744127,1.075760395583568,-0.2137297748490625,24.341982321530093,1.8016826729429964
0.167,2.3969814101502758,-9.941895227799794,11.47979843039151,-1.2445058524525667,-0.12368448683883301,0.23054216883254608,15.374412918988929,1.2717084416969517
0.168,-11.970385881320288,14.719174744561565,-16.769076485014022,1.545900604621186,1.106938533671638,-0.22416960479968764,25.320864311253306,1.914516546914994
0.169,2.449446449573663,-9.541941134938202,11.94180450719263,-1.1963787740049345,-0.12380329841608792,0.22487058035589788,15.480798539479835,1.2236078642677366
0.17,-12.127830219734676,15.266258370599116,-16.730564254015793,1.596069588495126,1.1221227041383663,-0.22870485703722543,25.69152955225415,1.964409174814203
0.171,2.422623748932283,-9.24948713784865,12.22279017741315,-1.1609870466757897,-0.11864009052759703,0.2210086331841632,15.518334893382914,1.187775740437268
0.17200000000000001,-12.191124672472384,15.422190715367616,-16.696872987082685,1.612871858996208,1.1301469681033316,-0.23016827057813805,25.792499971652756,1.9828174993770777
0.17300000000000001,2.3710156766023402,-9.05705954443303,12.41780083527704,-1.1372548281596075,-0.11223720066775726,0.21854611909776114,15.551650089772039,1.1634896387844482
0.17400000000000002,-12.21244634070103,15.379915661902883,-16.676789948948844,1.6112636496380985,1.1344974566461061,-0.22989225324545912,25.764335318286573,1.9839620651322551
0.17500000000000002,2.3132777030499434,-8.938189131826142,12.567146884345599,-1.1220720692799933,-0.10583904203178235,0.2170541326260612,15.59409053136605,1.1477630974929203
0.176,-12.212162232573924,15.228344933920564,-16.669722563059256,1.5988256891387895,1.1366728550959253,-0.22857618881694394,25.669418500436194,1.9749723638208527
0.177,2.2555576464424707,-8.868255533212785,12.689043193437234,-1.1125918023705579,-0.0997680462016313,0.21619893202651266,15.644338070487358,1.1377856388417205
0.178,-12.19902158689468,15.013217306745258,-16.673161741716665,1.5797915880849995,1.1373965020455952,-0.2266212363315799,25.538346540888703,1.9597881133954596
0.179,2.199894568453263,-8.828699116643863,12.792699693887736,-1.1066781996362673,-0.09407644061702053,0.2157430334888813,15.698363916744116,1.1314292159602042
0.18,-12.177257213174704,14.760385091259288,-16.68473257602431,1.5566996015325543,1.1370606689220994,-0.2242721979268151,25.387691159527122,1.9407520792167428
0.181,2.146978205238986,-8.806586742009792,12.883253495989598,-1.1028453113368049,-0.08874862397305303,0.21552392555955316,15.752577760488665,1.1272065744499915
0.182,-12.149179905890616,14.485471672335507,-16.702599089862893,1.5311416940532296,1.1359001253743166,-0.22168425791739124,25.227133771247566,1.919324853249696
0.183,2.0970598045730426,-8.793246572008739,12.963797267920155,-1.100096842097073,-0.08376050044656352,0.21543254370537282,15.804394474443919,1.124117460194609
0.184,-12.11618628758049,14.198317007819142,-16.72542320120855,1.5041426716939943,1.1340662011876776,-0.21895793018376727,25.062600768264357,1.8964424327348712
0.185,2.050249709265342,-8.783004384920947,13.036298483645057,-1.097780169744508,-0.07909404730719999,0.21539654442075504,15.852121878492154,1.1215047216807055
0.186,-12.079187049064531,13.905262093500157,-16.752239370035543,1.47637159379328,1.1316619593470445,-0.21615906137490748,24.89780306706175,1.8727137028941134
0.187,2.0066127574687886,-8.772226860478895,13.102061717332031,-1.0954764064654021,-0.0747388149070017,0.21536839981961864,15.894731205494525,1.1189450367274154
0.188,-12.038810011908573,13.610439177083146,-16.782341668404754,1.4482683426020202,1.1287607625117946,-0.21333101734421622,24.735076166670368,1.8485378476326981
0.189,1.966197630118107,-8.758647967427963,13.161983133931594,-1.0929231749792283,-0.07069024923979553,0.21531722854084867,15.93165551209013,1.1161718893838768
0.19,-11.995507517749726,13.316551428100162,-16.815200648585733,1.4201229207125161,1.12541694959075,-0.21050240085477498,24.575876696423766,1.8241775355279486
0.191,1.929045044457676,-8.740909321233048,13.216700158898544,-1.0899619797822755,-0.06694771629550572,0.21522328122042986,15.962639933162505,1.113022989370556
0.192,-11.94961847707899,13.025364532505307,-16.850406438148898,1.3921264731692833,1.1216723489727045,-0.20769205009347358,24.421091295910685,1.7998058126977814
0.193,1.8951894692470177,-8.718251029334324,13.26668331930988,-1.0865028349706183,-0.06351292241878949,0.21507424430482697,15.987636799404996,1.1094049000597834
0.194,-11.901406474145409,12.73802437570448,-16.887630949768795,1.364404610969045,1.1175604009459217,-0.20491231699187187,24.27123441760762,1.775536608986415
0.195,1.864659064227805,-8.690305137552976,13.312294031326198,-1.0825006426214347,-0.06038879052192844,0.21486276912750552,16.00673387003325,1.1052694046492286
0.196,-11.851084073365767,12.45526517130967,-16.92660307788186,1.3370393559991585,1.113108825429568,-0.20217123243879093,24.12657696312892,1.7514447476199917
0.197,1.8374752823444402,-8.656958041558983,13.353821477208074,-1.0779394635576531,-0.057578700167216675,0.21458482058107242,16.020105679791353,1.1005977644133749
0.198,-11.798828687023052,12.177546844092953,-16.967092450349003,1.3100836588413558,1.1083413728702918,-0.19947394190029447,23.98723059764271,1.727579128571655
0.199,1.8136525237416925,-8.618258950361406,13.391506320052104,-1.0728220556255963,-0.05508598734199315,0.2142385723731693,16.027980669203295,1.0953902477796058
0.2,-11.74479309424516,11.905146082823176,-17.0088987355194,1.283571026640558,1.1032789857236112,-0.19682365924503498,23.85320322881483,1.703971435678727
0.201,1.7931979065633852,-8.574359006431372,13.425556016515587,-1.0671629171480996,-0.052913620668484936,0.21382366643177841,16.030618997901236,1.0896591684167203
0.202,-11.68911250267782,11.638216806842927,-17.051844533083003,1.257521914815558,1.0979405770996373,-0.1942223009229,23.724435578613303,1.6806418950088855
0.203,1.7761111290577867,-8.525470778370918,13.45615472530742,-1.060983658904962,-0.051063994077533044,0.21334071487166176,16.02829756171979,1.0834242551172937
0.20400000000000001,-11.63190935431485,11.376830338871041,-17.09577057002448,1.2319479695905118,1.0923435597135471,-0.19167090735003406,23.600825306954185,1.6576030854671555
0.20500000000000002,1.7623843790601135,-8.471841268624313,13.483469726964644,-1.0543099203340978,-0.049538794403257716,0.21279096350498045,16.02129985545159,1.076709568275121
0.20600000000000002,-11.573296655992714,11.121002063299052,-17.14053237699022,1.2068548390624165,1.0865042121022839,-0.18916992218568338,23.48224291983549,1.6348624605587203
0.20700000000000002,1.7520022483691573,-8.41373386080242,13.507655590005893,-1.0471693068067007,-0.04833891545478638,0.21217606284295945,16.009909084592618,1.0695414388928137
0.20800000000000002,-11.513380349144466,10.870709052511106,-17.18599791383363,1.1822440277837287,1.080437939477354,-0.18671937634446192,23.36854224513602,1.6124240161306296
0.209,1.7449416146005514,-8.351416146123638,13.528856885206551,-1.039589998127975,-0.04746439899683187,0.21149791043027819,15.994403443220383,1.0619470794235595
0.21,-11.452261062353706,10.625901629524403,-17.23204580144725,1.1581141093741576,1.0741594674496135,-0.1843190077892962,23.259567308611054,1.5902893914239529
0.211,1.741171457161441,-8.285151572042428,13.54720997214024,-1.0315997931740917,-0.04691438891756304,0.21075854021812276,15.975052821327598,1.053953630592547
0.212,-11.39003547938564,10.38651083114768,-17.278563937351215,1.1344615051359601,1.0676829944612767,-0.18196833763683895,23.155156816664956,1.5684585933965427
0.213,1.7406525759425144,-8.215193519376411,13.56284420404974,-1.0232254313895324,-0.046687088607322784,0.2099600425385646,15.952116438086362,1.0455874842153183
0.214,-11.19832921815968,10.157513342285643,-17.046789312336855,1.1133068845539977,1.0496388702723218,-0.18055666919030314,22.785317211665095,1.5407123962540772
0.215,1.6844589985451124,-8.14732556548981,13.44785100702087,-1.0155750316804766,-0.04274228444066512,0.20963747726260556,15.813317573959477,1.037866763956259
0.216,-10.887293770130528,9.93985927103329,-16.548214247693757,1.0946826010577912,1.0210436188098393,-0.18003554945680636,22.16252157929337,1.507737665391151
0.217,1.5757686329000173,-8.081670689551352,13.207674342222596,-1.0086645780993124,-0.03525642960313865,0.20976809798269727,15.564032557438,1.0308491169283232
0.218,-10.590745965867171,9.728611907184579,-16.069998478555156,1.0765258544462724,0.9937897235251183,-0.17948432858791424,21.565125570116916,1.4760557422008365
0.219,1.4733650690242397,-8.012683647855312,12.969971516383817,-1.001426280893279,-0.02819777179725844,0.20981441797450537,15.316463854396558,1.023558401063689
0.22,-10.30818909759152,9.523074194637394,-15.614429846592067,1.0587727840832748,0.9678026246852792,-0.17889856854740072,20.994240258280804,1.4455609383528158
0.221,1.37595049622014,-7.94058795505557,12.731917243593296,-0.9938911710441324,-0.021493737033794827,0.20978869031929837,15.068108492366596,1.0160181766076044
0.222,-10.03851179270055,9.322646908529283,-15.180157422695265,1.0413790238571083,0.9429779652267609,-0.17827975978142568,20.447998527266886,1.4161431378856124
0.223,1.283547174490817,-7.865517747279222,12.493609410286338,-0.9860703622120786,-0.015158639812273795,0.20969159416901312,14.819046490199803,1.008233657571081
0.224,-9.78074816924464,9.126944844032165,-14.765977400124056,1.024314283647778,0.9192232061134223,-0.1776301685216401,19.92481481763788,1.3877116166953876
0.225,1.1961385577846215,-7.787597802832941,12.25512433277273,-0.9779741667259219,-0.009202345643377758,0.20952409402121874,14.569334212647666,1.0002092280738135
0.226,-9.534013308786598,8.93566273225114,-14.370726805630403,1.007554071832166,0.896453552541717,-0.17695225416349405,19.42321464533423,1.3601861195379787
0.227,1.1136828641497134,-7.706926970389225,12.016547874049449,-0.9696100891475398,-0.003631207187746569,0.20928711475285894,14.3190235581249,0.9919465746923656
0.228,-9.297485971889879,8.748529660253649,-13.993274512509009,0.9910765567735789,0.8745907107604312,-0.17624841171273847,18.941798969376194,1.333493590298008
0.229,1.0361094210418544,-7.623575553803783,11.777964899301416,-0.9609825560196555,0.0015520923696521038,0.20898152900414044,14.06815141111662,0.983444539071575
0.23,-9.070400536026476,8.565290203285324,-13.632516230439629,0.9748611174138659,0.8535622343464464,-0.17552085698467207,18.47922782271069,1.307566540327697
0.231,0.9633188087474271,-7.537585563258083,11.53945601382947,-0.9520929486047033,0.006348428456318158,0.20860815069737748,13.816737109239227,0.9746992591892347
0.232,-8.852042204475326,8.385695175539118,-13.287371502983058,0.9588875358652222,0.8333010830295944,-0.17477156636264768,18.034211272610694,1.2823420377671575
0.233,0.8951840721886919,-7.44897143561881,11.301096456073049,-0.9429396824350147,0.010762051772312735,0.20816772714640427,13.56478201377494,0.9657043383428988
0.234,-8.641743405011445,8.20949611373872,-12.95678152515872,0.943135462886445,0.8137452625185174,-0.17400224022341845,17.605503202414983,1.2577609602894058
0.23500000000000001,0.831552317847915,-7.357720581438318,11.062955875014708,-0.9335182645684168,0.014800381325274824,0.20766092722742385,13.312269682678522,0.9564509722234358
0.23600000000000002,-8.438880693633596,8.036441414550225,-12.639707431358936,0.9275840187297127,0.7948375013492227,-0.17321427819478943,17.191896402701776,1.2337673814477272
0.23700000000000002,0.7722464770272205,-7.2637936619202765,10.82509854842388,-0.9238213189415498,0.018473788867852274,0.2070883260396922,13.059166189589707,0.9469280252416022
0.23800000000000002,-8.242871933345295,7.866273337899301,-12.335128960786335,0.91221147269723,0.7765249494869294,-0.17240876119836002,16.792218448296424,1.2103080389033531
0.23900000000000002,0.7170671707702767,-7.167124643979171,10.587583881402105,-0.9138385857946273,0.02179537872270007,0.20645038702882823,12.805420470857477,0.9371220634075068
0.24,-8.053173668145673,7.69872554361007,-12.042043489018699,0.8969949747689546,0.7587588930009443,-0.1715864378191997,16.40532817460738,1.1873318609859074
0.241,0.665794661565202,-7.067620706349473,10.350467119540072,-0.9035569036709639,0.02478076349391043,0.20574744246261492,12.550964686942145,0.9270173539317954
0.242,-7.8692786627228255,7.533521000973561,-11.759465438988045,0.8819103249860917,0.7414944824214921,-0.17074771364640912,16.030112686891776,1.1647895391417569
0.243,0.618190892748006,-6.965162062169811,10.113800242981094,-0.8929601815424975,0.027447835105442013,0.20497967294386674,12.295714614738365,0.9165958410294911
0.244,-7.690713595656025,7.37037018340822,-11.486426090639236,0.866931772050797,0.7246904735713114,-0.16989264276679839,15.665484881949844,1.142633138825596
0.245,0.5740016207425431,-6.859601749490476,9.877633017852332,-0.8820293669947609,0.0298165303633735,0.2041470864523113,12.03957009438437,0.9058371060135789
0.246,-7.517036900041402,7.208969495408464,-11.221973807570182,0.8520318357076835,0.7083089801255562,-0.16902092089378523,15.310381480554462,1.1208157440389985
0.247,0.5329586448403599,-6.750765427135313,9.642014183292238,-0.8707424148079084,0.031908590322510255,0.20324949724999192,11.782415553702227,0.8947183183629649
0.248,-7.347836747426902,7.048999897887023,-10.965174693987223,0.8371811492995463,0.6923152373466103,-0.16813187979631056,14.963761575783883,1.0992911323251195
0.249,0.49478213614734545,-6.638451199897818,9.406992750256473,-0.8590742587483446,0.03374731301916546,0.2022865048542644,11.524120630184898,0.8832141830984066
0.25,-7.1827291711297665,6.890125708748322,-10.715113686786692,0.8223483199947876,0.6766773765253182,-0.16722448280685664,14.624605702340032,1.0780134780926711
0.251,0.45918306211905313,-6.522429483197395,9.172619384168902,-0.8469967878227932,0.035357299585217494,0.20125747316267686,11.26454090563174,0.8712968883910434
0.252,-7.021356324190546,6.731993561085536,-10.470896075037407,0.80749980478957,0.6613662096943211,-0.1662973212552085,14.291915426281443,1.056937082856536
0.253,0.42586569585616313,-6.402442901833624,8.938947838178152,-0.8344788265001637,0.03676419438754403,0.20016150969085905,11.003518762460336,0.8589360557269553
0.254,-6.863384865617514,6.574231502829723,-10.231649422189298,0.7925998005799201,0.6463550241830796,-0.16534861170269743,13.964713443711364,1.0360161314178693
0.255,0.39453019007753254,-6.278206199401563,8.70603639790687,-0.82148611636593,0.037994420644470166,0.19899744474537612,10.740884363718196,0.8460986930596668
0.256,-6.7085044663394955,6.416448219559445,-9.996525844607975,0.7776101464201418,0.6316193865714886,-0.16437619384458735,13.642044161015596,1.0152044732029757
0.257,0.3648751846610449,-6.149406113433073,8.473949292902631,-0.8079812942414091,0.039074913943911375,0.19776381018808314,10.47645675154508,0.832749149122264
0.258,-6.556426423495866,6.258232356494065,-9.76470457375508,0.7624902355295953,0.6171369555758947,-0.16337752890549448,13.32297470864887,0.9944554279437199
0.259,0.33660040418818693,-6.015701146094981,8.242758025178613,-0.7939238589385763,0.04003285719968201,0.19645881724980055,10.21004505244098,0.8188490644329278
0.26,-6.406882368451969,6.099151906363861,-9.53539469901007,0.7471969336642148,0.6028873033724437,-0.16234969827102014,13.006596315946457,0.9737216146176448
0.261,0.309409188708159,-5.876721131123981,8.01254256226179,-0.7792701155063729,0.0408954217807029,0.19508033261323265,9.941449774108046,0.8043573115328951
0.262,-6.259623050427176,5.938753616881839,-9.3078379549659,0.7316844991239289,0.5888517448340801,-0.16128940197732372,12.692025947474663,0.952954802098493
0.263,0.2830108877361019,-5.732066464868514,7.783392341736955,-0.7639730820846604,0.041689520764717145,0.1936258517051846,9.670464180465014,0.7892299137387566
0.264,-6.114417174006123,5.776562354737004,-9.081311382534917,0.7159044978971001,0.5750131741296631,-0.1601929565147578,12.378408073839866,0.9321057793238429
0.265,0.2571230352729685,-5.581306833229411,7.555407037187556,-0.7479823403593113,0.042441581420997666,0.1920924678137096,9.396875742474439,0.7734199283142819
0.266,-5.971050265356412,5.61208034255763,-8.855129659622015,0.6998057052523228,0.5613559081113193,-0.15905629119136555,12.064916424553141,0.911124242045363
0.267,0.23147321343983462,-5.423979227430037,7.328697042220915,-0.7312438061612684,0.04317734502011661,0.1904768352759781,9.120467687832148,0.7568772766763162
0.268,-5.829323538865791,5.444786161101665,-8.628646866495254,0.683333982466055,0.5478655358956338,-0.1578749420447193,11.750755550498758,0.8899586924912596
0.269,0.20580050497429225,-5.25958500009109,7.103383639945435,-0.7136993919963357,0.043921702824455185,0.18877512456280232,8.841020719197266,0.739548501295649
0.27,-5.689052733371426,5.274133381247902,-8.401257425623548,0.6664321143343966,0.5345287740253962,-0.15664404198639675,11.435162012751245,0.8685563477214034
0.271,0.17985643095652065,-5.0875856687824035,6.879598839531789,-0.6952865282047671,0.044698577567959655,0.18698296660961125,8.558315048293306,0.7213764266607056
0.272,-5.550066885238643,5.099548659171756,-8.172395937071723,0.6490395896517621,0.5213333265702903,-0.15535830551158347,11.117405016916019,0.8468630523405796
0.273,0.1534052697942761,-4.907397125578136,6.6574848784021565,-0.6759375038650812,0.04553085986726657,0.18509538319312127,8.27213301579989,0.7022997004207091
0.274,-5.412207004246541,4.920429093186477,-7.941535619127034,0.6310923029208966,0.5082677494798458,-0.15401200590430514,10.796786332411818,0.8248231919205326
0.275,0.12622365599746393,-4.718381855199152,6.437193406562868,-0.6555785821456451,0.046440408864054275,0.18310669949899613,7.982262755403535,0.6822521911617218
0.276,-5.275324617260694,4.736138601451771,-7.7081850584298826,0.6125221511144784,0.49532131841900295,-0.1525989424112107,10.472639379098275,0.8023796054931027
0.277,0.09809936123451052,-4.5198386958009245,6.218884386834335,-0.6341288369768381,0.04744812608524445,0.18101043421815508,7.6885036474951285,0.6611622220381649
0.278,-5.139280143563793,4.546003034582897,-7.471882971486551,0.5932564941744822,0.4824838991769666,-0.15111239432926843,10.14432743576708,0.7794734995913145
0.279,0.0688291630989562,-4.310989587107841,6.002724758906463,-0.6114986477365303,0.04857411122375257,0.17879916147012914,7.390674746261926,0.6389516261871503
0.28,-5.00394106365581,4.349303683434786,-7.232190674263508,0.5732174418244959,0.4697458195138852,-0.14954505833106524,9.811241035067088,0.7560443737201096
0.281,0.03821570572058547,-4.090962628425333,5.788886924170998,-0.5875877747579535,0.049837908554723656,0.17646433746666246,7.088628039908315,0.6155346233735846
0.28200000000000003,-4.869179839273629,4.145268775690433,-6.98868194063056,0.5523209217157198,0.45709774096317185,-0.14788896459355413,9.47279477225167,0.7320299797187891
0.28300000000000003,0.006063246617869361,-3.858770597093171,5.577547110170565,-0.5622829189577497,0.05125885336723064,0.17399608293235097,6.782269461627307,0.5908165433330148
0.28400000000000003,-4.734871534875458,3.9330624686190534,-6.7409298926238606,0.5304754742026465,0.4445305285970678,-0.14613536633525737,9.128423996019444,0.7073663583174218
0.28500000000000003,-0.027827839129348164,-3.6132838326215917,5.368883666494656,-0.5354546410723077,0.05285652954705803,0.17138290965744646,6.471592251375877,0.5646924712480992
0.28600000000000003,-4.600891078099222,3.7117707299217275,-6.488490491732869,0.5075807061005227,0.4320351160355628,-0.1442745961056389,8.777582214103411,0.68198803052166
0.28700000000000003,-0.06366796925304102,-3.3531960403098626,5.1630753268993805,-0.5069534761636526,0.054651352809148034,0.16861137583813968,6.156729986469741,0.5370459881800733
0.28800000000000003,-4.467110076425995,3.4803833398265693,-6.230882073131014,0.48352531806500504,0.41960236195855455,-0.14229588046142722,8.419740615738377,0.6558284783137699
0.289,-0.10168692168851123,-3.076981063775802,4.960299443485992,-0.4766050219021668,0.056665299725909835,0.16566564958264637,5.838041046954431,0.5077483732588735
0.29,-4.333393076433898,3.2377710258003902,-5.9675601605609705,0.4581845955736509,0.40722289296885833,-0.14018710230076284,8.054392034183104,0.6288211445477965
0.291,-0.14214440984533802,-2.7828379509234713,4.76073015611371,-0.44420369698317236,0.05892281147428258,0.1625269524237088,5.516243623488786,0.4766590315830493
0.292,-4.199593106417002,2.982656427589613,-5.6978864877228075,0.4314172186912763,0.3948869256935236,-0.13793449680158143,7.681063211006728,0.6009013447105144
0.293,-0.1853431778379773,-2.468620591004872,4.564536399290893,-0.4095047473888431,0.06145191436230645,0.1591728438263278,5.192632497717877,0.44362875258999274
0.294,-4.0660931911666,2.63384691678404,-5.177010751596052,0.3726379828588503,0.37927456453405306,-0.13275645188413124,7.090254138071872,0.5480260368709429
0.295,-0.20278817385210923,-1.9796907499752616,4.4014565514843556,-0.3548698159335021,0.06211994383926582,0.15352054472828786,4.830436655582644,0.3916120929401203
0.296,-3.8624009758735145,1.870706527904365,-4.3471481539040555,0.2520306240581972,0.3545012971333316,-0.12180356484062302,6.108631703087371,0.45169316304352325
0.297,-0.5327240350588612,-0.6564028866792796,3.7874786812150525,-0.20796757610580638,0.08827199401221611,0.12221802430184547,3.880677055338256,0.25686514575252045
0.298,-2.176192698987742,0.11124304032626375,-1.517964760567209,0.0016351764952106753,0.21311272974691484,-0.051866817273466835,2.6556367770221225,0.21933963644638252
0.299,-2.4280779443467226,-0.981057665459031,-1.321183340125892,-0.06544551922569529,0.24572255125096845,-0.04295277916336659,2.933182923890895,0.2578907315470306
0.3,-2.7781260975672493,-1.3110141185111444,-0.9344864891175887,-0.07460253978410104,0.2858931542179317,-0.038366898136652255,3.210920059930347,0.29794706483458555
0.301,-1.805610501264449,-1.675655753253996,1.7630863723736214,-0.18905612827884372,0.20806587398982873,0.06155477318880579,3.0292779737322304,0.2877891896184831
0.302,-1.5895212634646005,-1.0396209434061885,1.4175625489673607,-0.15132850890808372,0.18063075375023452,0.056158231937623884,2.3699943318940058,0.24224271675962064
0.303,-1.5909712162241956,-0.7275784816946681,0.5183205463882196,-0.11468654757202379,0.1734686177806439,0.0317720153682639,1.8246139445612042,0.21036593476434914
0.304,-1.9115719341487318,-0.6344117701960345,-0.5922214329135536,-0.07213295349006724,0.19836658280889763,-0.00582827265875366,2.0993598498567536,0.2111549973755398
0.305,-1.9900951538001188,-0.8525132334946948,-0.602972731595615,-0.08094438371937253,0.20759535694833597,-0.005504099639773243,2.2474059823516925,0.22288589142218176
0.306,-1.8970154752714856,-0.9568663570895617,-0.21817628854388782,-0.09778552126203545,0.20133939440173906,0.009856944402745116,2.1358515471895827,0.2240462435737449
0.307,-1.6840587832829386,-0.9261616896997217,0.13796443691711807,-0.11244920007442524,0.18191220464102076,0.027490862930734297,1.9268792507247858,0.2156214746712654
0.308,-1.6157023811157925,-0.7489258923401727,-0.08539775739452528,-0.09920129863654195,0.17274441061361612,0.02359974962427546,1.7828844476097658,0.20059530710300896
0.309,-1.624289402017369,-0.647930956719903,-0.4383202108283462,-0.08404262276064756,0.17102558433241058,0.01388761323759007,1.802846414257886,0.19106485479587262
0.31,-1.6581666986350743,-0.6230776454024891,-0.6911140983618888,-0.0738339422048264,0.1729065755611623,0.00644183846011151,1.9014155909787889,0.1881213230246368
0.311,-1.6251694079666672,-0.6489710465417653,-0.6957572061902711,-0.0754085697194954,0.16971696843985642,0.00860786148644459,1.8831933288448994,0.18591502640433621
0.312,-1.5571679741812667,-0.635634672486163,-0.659455285346404,-0.07736713308895414,0.16295890759512985,0.012955703561512606,1.8065671341120122,0.18085665346283447
0.313,-1.4871580062711294,-0.5851875632827447,-0.694974177127012,-0.07577562693431888,0.1553535734305461,0.015039850695483237,1.742719864668583,0.1735018026530894
0.314,-1.4476650176219217,-0.5177113756001265,-0.8331002080102683,-0.0690276698139462,0.15018861927081692,0.012738295475052303,1.748660924324326,0.16578210014964617
0.315,-1.4180870756485164,-0.4728355912260644,-0.9684818104310507,-0.0630140068188369,0.14617083248069623,0.010166084945305843,1.781151725032786,0.15949929970560797
0.316,-1.3850950939415583,-0.44352704094013473,-1.0640541947642774,-0.0589028139663402,0.1420976979607995,0.008944972820463061,1.8020588183246242,0.15408215275518028
0.317,-1.3328315773456407,-0.4233606550175746,-1.1107267117530653,-0.05781157342660709,0.13632416628616859,0.010105989745236774,1.7858857986972054,0.1484203064422445
0.318,-1.2361289839423983,-0.42053393857493415,-1.1088179820800244,-0.0630291803075188,0.12616738817603984,0.015347328974248536,1.712991820126363,0.14186764224461137
0.319,-1.1785151521940025,-0.36364438757599765,-1.2619701453577399,-0.05866264544761228,0.11893083712561779,0.0136573802019927,1.7645690273663455,0.13331306771766327
0.32,-1.1160226341799877,-0.34304048929476116,-1.4015881464837294,-0.057569835897557375,0.11140449888544172,0.012927023706448302,1.8241799882855103,0.1260648893193309
0.321,-1.05509031884275,-0.3330389749619164,-1.541839446079923,-0.05734229215251952,0.10402767334341374,0.012358056826038466,1.8977353390943172,0.11942619837818037
0.322,-0.9949610342703212,-0.3276421101583272,-1.679270594889724,-0.057493934460260965,0.09675338718905242,0.011868704870022924,1.9792035122560174,0.11317082922541119
0.323,-0.9356991423357258,-0.3243031702143239,-1.8135032447799113,-0.057812457860896976,0.0895870486428572,0.011414533039394312,2.066276711867542,0.10723064456097928
0.324,-0.8773030794394902,-0.32205839489596755,-1.9443618705893222,-0.05821774308968552,0.08252923325531582,0.010979383023043434,2.1572958505310735,0.10159196229886322
0.325,-0.8197819644648301,-0.3205299047568288,-2.07183742253337,-0.058678395991945874,0.07558094943442982,0.010557027074728843,2.2510646802157765,0.09626569946899054
0.326,-0.7631445981804001,-0.31956465668726186,-2.1959749103520028,-0.05918171495801985,0.06874304353865993,0.010145069565714811,2.3466608307190575,0.09127433295742893
0.327,-0.7073990064914308,-0.3190953391464356,-2.3168395682996934,-0.05972212170185285,0.062016214793269415,0.009742567393978396,2.443354410454847,0.08664675606900735
0.328,-0.6525519747756123,-0.31908740950407427,-2.4345031915766913,-0.06029675591062997,0.055401004640997106,0.009349126414799205,2.540560301288806,0.08241587379442003
0.329,-0.5986089544423391,-0.31951889002715667,-2.5490390198738666,-0.060903795368102816,0.04889780080030066,0.008964557142581146,2.6378068402106813,0.07861698606604191
0.33,-0.5455740798020605,-0.320372670948726,-2.6605197953776685,-0.06154181641411153,0.04250684496581953,0.008588743931726681,2.7347130208559576,0.07528607812086639
0.331,-0.49345022829718044,-0.3216335855546073,-2.7690170328121737,-0.06220955134733743,0.03622824193998375,0.008221595549294665,2.8309709675599266,0.07245763193946647
0.332,-0.4422390943779797,-0.3232873072125075,-2.874600745950231,-0.06290579738880954,0.030061969060723597,0.007863026793808556,2.926332098074071,0.07016187368713875
0.333,-0.3919412656424591,-0.3253199432823081,-2.9773393422869057,-0.06362938364549728,0.024007885497799936,0.007512951971011579,3.020596063749677,0.0684216447953429
0.334,-0.3425562968698558,-0.3277178973719351,-3.0772995745885106,-0.0643791604550038,0.018065741277137646,0.007171282921653081,3.1136018545320945,0.06724934652118185
0.335,-0.29408278032600393,-0.3304678373264898,-3.1745465050214903,-0.06515399761564307,0.012235186016611473,0.006837928830184069,3.205220614206716,0.06664458307204697
0.336,-0.24651841192244234,-0.33355670798513426,-3.2691434629105665,-0.0659527864676127,0.006515777422457092,0.0065127967752951245,3.295349812379489,0.06659310715154995
0.337,-0.19986005326943584,-0.3369717667883901,-3.3611519863156327,-0.06677444404579175,0.0009069896290217137,0.006195792647258687,3.383908492796292,0.06706740530495832
0.338,-0.1541037899599019,-0.3407006353991547,-3.450631740822469,-0.06761791878733954,-0.004591778505784306,0.00588682231207578,3.4708333742507573,0.06802883247499829
0.339,-0.10924498661139574,-0.34473136659787773,-3.5376404097378673,-0.06848219779420128,-0.009981195010671098,0.005585793004822892,3.556075625015091,0.06943080549768871
0.34,-0.06527833941558973,-0.34905252827967054,-3.6222335498722456,-0.06936631587481103,-0.01526198614770336,0.005292614976258675,3.6395981672315667,0.07122236848423161
0.341,-0.022197927148772403,-0.35365330769434616,-3.7044644066843486,-0.07026936670961569,-0.020434927295840323,0.005007203436637471,3.7213733957242288,0.07335149785527627
0.342,0.020002738108759202,-0.3585236398738583,-3.784383682162997,-0.07119051656420367,-0.025500833133496457,0.004729480851644104,3.8013812178867052,0.07576773804401617
0.343,0.06133065680675139,-0.36365436342938545,-3.8620392554195693,-0.07212902090516875,-0.030460546731206146,0.004459379612295795,3.8796073455837408,0.07842401819869232
0.34400000000000003,0.10179328865032125,-0.3690374117849393,-3.937475831054052,-0.07308424473439358,-0.035314927597182265,0.004196845246155794,3.956041759770234,0.08127769958365666
0.34500000000000003,0.1413984960048179,-0.3746660458160356,-4.010734509894054,-0.07405568729703085,-0.04006483814999485,0.003941840234888756,4.030677299091922,0.0842910089004651
0.34600000000000003,0.18015447132136275,-0.3805351289542571,-4.081852303267683,-0.07504301134703692,-0.044711127648432554,0.0036943483531081366,4.103508357929468,0.0874310396677293
0.34700000000000003,0.2180696626106349,-0.3866414592172871,-4.150861535824082,-0.0760460783844373,-0.04925461413638016,0.0034543798754625788,4.174529612461821,0.09066948655253146
0.34800000000000003,0.2551526854190059,-0.3929841638692283,-4.217789144926925,-0.07706499054643422,-0.05369606333595108,0.0032219776572087935,4.243734760442968,0.0939822383523824
0.34900000000000003,0.29141222280804335,-0.399565169153154,-4.282655848411219,-0.07810014043852698,-0.058036164183181485,0.0029972243010846548,4.31111522972109,0.09734891701054434
0.35000000000000003,0.3268569135042426,-0.40638976014593303,-4.3454751488711585,-0.07915227048445478,-0.06227550050478597,0.0027802506581791646,4.376658811069674,0.1007524177361923
0.35100000000000003,0.3614952310310342,-0.413467251461083,-4.406252126037124,-0.08022254395442079,-0.0664145183386183,0.002571246022372857,4.440348158455104,0.10417848199497443
0.352,0.39533536034431427,-0.42081179813789155,-4.464981943930369,-0.08131263071798404,-0.07045348838161898,0.002370470546373969,4.502159079398998,0.10761531986678007
0.353,0.42838508438565526,-0.42844338952124095,-4.521647960652772,-0.08242481215172524,-0.07439246302961788,0.0021782706701631077,4.562058504515689,0.11105328935683423
0.354,0.46065170199089167,-0.4363890897478293,-4.576219268772535,-0.08356211177161267,-0.07823122743674718,0.001995098757310815,4.620001972302943,0.11448463603926501
0.355,0.49214201285456005,-0.4446846210040055,-4.628647400713618,-0.08472846150453779,-0.08196924398279547,0.001821538770450552,4.675930381550494,0.11790329576194741
0.356,0.5228624283505494,-0.45337643678068607,-4.678861785428397,-0.08592891875465176,-0.08560558952702288,0.0016583408153377321,4.729765630509697,0.12130476549118953
0.357,0.5528193057535202,-0.4625245142312885,-4.726763302817557,-0.08716995781355336,-0.08913888495102124,0.001506469001864125,4.7814045459406,0.12468605296656739
0.358,0.5820196710000549,-0.47220622858868566,-4.772214883013561,-0.0884598728573117,-0.09256721701753988,0.0013671697472550878,4.830710145455335,0.12804572591625962
0.359,0.6104726178682119,-0.48252189810649315,-4.815027410055008,-0.0898093527899104,-0.09588805413301568,0.001242072228514956,4.877498658011112,0.13138409918015034
0.36,0.6381919033894425,-0.4936029811551531,-4.854937960280044,-0.091232328212435,-0.0990981616878499,0.001133340824455183,4.921519623726523,0.13470362958137796
0.361,0.6652007165403542,-0.5056246207394469,-4.891575113034425,-0.09274726321554731,-0.10219353281937518,0.0010439144396390708,4.962424340666713,0.13800964727668866
0.362,0.6915405405431373,-0.5188255885710052,-4.924401586855853,-0.09437920193271607,-0.10516937540758338,0.0009778968201284897,4.999713921735842,0.14131166817806806
0.363,0.7172880786214901,-0.5335414024671172,-4.9526151939704945,-0.09616315409142402,-0.10802025819091769,0.0009412218464539004,5.032649985388065,0.14462577323218612
0.364,0.7425889425938073,-0.5502622010916083,-4.974968744053174,-0.09814998716077794,-0.11074067847535009,0.0009428485033692283,5.060092966726875,0.14797907558888873
0.365,0.7677285311766859,-0.5697403131579613,-4.989421307949234,-0.10041732789980973,-0.11332674639950312,0.0009970476748632994,5.080190558457221,0.15141857645646106
0.366,0.7932922520398156,-0.5932059996805737,-4.992408396606227,-0.10309131532818991,-0.11578094142095262,0.001128134050111969,5.089729614990151,0.1550300563724769
0.367,0.8205628603741475,-0.6228438664149434,-4.977157758207549,-0.10639436336209832,-0.11812594591139318,0.0013812704482242901,5.082652579100968,0.1589824127403366
0.368,0.852633305311512,-0.6629853839954634,-4.92927864305585,-0.11076396043209064,-0.120448351132603,0.0018504934892398226,5.046218496419331,0.1636456065628353
0.369,0.8980846733609157,-0.7236466303826558,-4.813065427171373,-0.117202654627332,-0.12305735682473368,0.0027650579507201333,4.9493251390893995,0.16996241015546448
0.37,0.9864215610900607,-0.8339326272029851,-4.517221128149026,-0.1285943072496824,-0.12720247491585418,0.004829922151043954,4.69827179327601,0.18094279104106187
0.371,0.8558095847537917,-2.3232771922115383,-4.11731633051862,-0.36338096502247097,-0.1176585972805411,0.11860052766703372,4.804406386096216,0.3999441916287642
0.372,2.1381399173694122,-2.920641397761823,-0.44258240351731537,-0.42341055047563947,-0.17829383624567818,0.11695127567672908,3.646596723586497,0.4740704453767383
0.373,-0.6185407518011466,-1.0897915831684346,-7.845457859225421,-0.19348640461288596,0.008096751462123238,-0.011966012588839864,7.944900715381245,0.19402507985190237
0.374,0.8099280076278718,-1.904122214394647,-4.5850265811404265,-0.2532634114927275,-0.08995230271046245,0.004095920607688132,5.030321414646931,0.2687946222108504
0.375,-0.3484915489888649,-1.897673103181017,-7.256313360174464,-0.2626656283100483,-0.012942267861076013,0.007232784003322046,7.508441459271008,0.26308372765592897
0.376,0.36552452109454425,-2.011287126788069,-5.6773174122889625,-0.26280755278410994,-0.06203711450854576,0.00598373332802026,6.034137641932295,0.27009668350696203
0.377,-0.09826527335977832,-1.9951444154977631,-6.72515931912731,-0.26711183053042803,-0.03156252060538217,0.00897455472791054,7.015555941640355,0.2691197973929929
0.378,0.2246079969868249,-2.000038564201498,-6.021434416243403,-0.2625507312038351,-0.054147714288932274,0.007258277987079711,6.348879857086929,0.2681744656333299
0.379,0.04268782888367864,-1.974599411914254,-6.4375388729006096,-0.26234022338402596,-0.042619844471278305,0.008262242618073727,6.733704168462806,0.26590808299300817
0.38,0.190866737395138,-1.9616122497085704,-6.121605399798751,-0.25868265421744524,-0.05339477772092896,0.007334856319615036,6.43105010091632,0.26423761654631833
0.381,0.1254497940713838,-1.9369075103912714,-6.279314525117216,-0.25689882308687,-0.04971736779217159,0.007529001928307189,6.5724530625931985,0.26177377224167714
0.382,0.19896073249124402,-1.919509999302759,-6.12923831890172,-0.25390568009204173,-0.05544062280974375,0.007009045023080089,6.425859193943633,0.25998246816404774
0.383,0.18226655601623293,-1.8964402430746738,-6.1794508633200875,-0.25158793397513624,-0.055051962215926994,0.006898521487287814,6.466476603621366,0.2576330659376081
0.384,0.22421927250899232,-1.8773431638004299,-6.099838086714314,-0.24887193157638016,-0.05863812180373814,0.006535490447504361,6.386134693299478,0.25577017083823106
0.385,0.22808818628892158,-1.855332323556438,-6.105075693055094,-0.24636685531736172,-0.059641698686863025,0.006306536394630257,6.384843887636567,0.2535616927347607
0.386,0.25682406429073124,-1.8353844065005143,-6.05541571491314,-0.24374132872008827,-0.06233527052865863,0.0059914525213213875,6.332665631473137,0.2516573439846937
0.387,0.26953575816618014,-1.8139009003686986,-6.041764169621363,-0.24116092588703966,-0.06394398688375456,0.005710106317911435,6.313936987538687,0.24955967412113253
0.388,0.2929061283868008,-1.7934323979524605,-6.004812245048086,-0.23854507227808927,-0.06628238979159108,0.005398503537013261,6.2737519766365875,0.24764137486511095
0.389,0.30964263654241003,-1.7721107411316435,-5.983119541040982,-0.2359175241259455,-0.06817670696877426,0.005085616955751453,6.247717541917651,0.2456237062309801
0.39,0.33109607655449913,-1.7512240237021481,-5.9514363755988136,-0.2332717209566864,-0.07040119175368534,0.0047581961862364,6.212568319616458,0.2437102050169013
0.391,0.34996925957710195,-1.7297979268633958,-5.926128863269651,-0.2305931196263227,-0.07246144705668854,0.004417313483130469,6.183339118510927,0.2417506169319059
0.392,0.37112669886470806,-1.7084650350005564,-5.8963969365221685,-0.22789024708714292,-0.07469137987931773,0.004063559472408457,6.150128830801651,0.23985262029275686
0.393,0.3915175366054902,-1.6867043757535154,-5.8691730026827935,-0.2251423830575168,-0.07688596276027251,0.0036912427912220488,6.119268695528596,0.23793732198151551
0.394,0.4132649347946711,-1.6648061720135443,-5.839797064043687,-0.22235585885816742,-0.07919317806774347,0.003302942609172403,6.0865094467944845,0.2360605787735472
0.395,0.43513203597225497,-1.6424725909127138,-5.811179111517618,-0.219511538029622,-0.08153222975420182,0.0028924423826329456,6.054490793350633,0.23418195071302783
0.396,0.45809013781875163,-1.619810146986372,-5.7812698008477295,-0.2166097802602956,-0.08397340543249464,0.0024611101881714752,6.021354664595066,0.23233033979164663
0.397,0.48168745398998125,-1.596623052572818,-5.7512560586224515,-0.2136332248940352,-0.08649030595791858,0.0020034907590442182,5.9881695222479925,0.2304858819505901
0.398,0.5064209391991563,-1.5729117213731694,-5.720196286599255,-0.2105761134432721,-0.0891218401368826,0.0015192468062754415,5.954087588213358,0.22866418620570259
0.399,0.5321901386333615,-1.548516557999964,-5.6885328738664,-0.20742109039689827,-0.09186667128597042,0.0010035278688279728,5.919504720085742,0.22685678544576598
0.4,0.559309172587281,-1.5233664747094335,-5.655790024455918,-0.20415654083422097,-0.09475243434506143,0.0004544662412573398,5.8839980427889325,0.2250735957843002
0.401,0.5878484546530379,-1.497298941559441,-5.622082267066903,-0.20076299559946828,-0.09779081033975687,-0.00013263862091319892,5.847672951157675,0.2233133237896525
0.402,0.618067690144331,-1.4701821276146558,-5.58712420978162,-0.19722271686209644,-0.10100721454831159,-0.0007609695233737972,5.810283994219714,0.22158482915554217
0.403,0.6501362056603458,-1.4418228442766312,-5.550879689032935,-0.19351192044209467,-0.10442175801520229,-0.0014355144471871373,5.771810419816885,0.2198927638688939
0.404,0.6843193705091366,-1.412024550029437,-5.513134706669675,-0.18960570716456018,-0.10806210059999007,-0.002160669883001073,5.7320817007982,0.21824850576761948
0.405,0.7208607271142643,-1.3805383757976655,-5.473777288511561,-0.18547353487571863,-0.1119554973592044,-0.0029420829030829053,5.691024881264424,0.21666361341962764
0.406,0.7600635248927039,-1.3470880231232982,-5.432612724341981,-0.18108142696941834,-0.11613450165696727,-0.0037853895686810538,5.648506326153575,0.2151558385045119
0.40700000000000003,0.8022423084885096,-1.3113410133937706,-5.389484403574069,-0.17638910682551687,-0.12063379016805961,-0.004697227627294366,5.6044402139112615,0.21374679479327324
0.40800000000000003,0.8477600694524501,-1.2729156352162392,-5.344193568969457,-0.17135057438943024,-0.12549285908062513,-0.005684610395948425,5.558724336783619,0.2124659780274739
0.40900000000000003,0.8970099913942231,-1.2313605029259258,-5.296551551609083,-0.16591194981204008,-0.13075494657940218,-0.006755496643342835,5.511291495800203,0.2113510536531896
0.41000000000000003,0.9504341532443636,-1.186150573533242,-5.246344760313434,-0.16001097121670677,-0.13646850426665888,-0.007918515548346869,5.462088575518965,0.21045157745900187
0.41100000000000003,1.0085187761816696,-1.136668430146219,-5.19335730541729,-0.153574957737197,-0.14268708647105213,-0.00918331345728175,5.411107589369591,0.2098313740498166
0.41200000000000003,1.071805703803719,-1.0821921147145979,-5.13735568764728,-0.14651944986161494,-0.14947037563624155,-0.010560476515458625,5.358388815797011,0.20957305658128625
0.41300000000000003,1.1408942022500972,-1.0218739979200235,-5.078098688995098,-0.1387458856766588,-0.15688457496289115,-0.012061777131143132,5.304050560046225,0.2097824518901637
0.41400000000000003,1.216450214873506,-0.9547207834548701,-5.0153307674061605,-0.13013939476784717,-0.1650033439875087,-0.013700216375204008,5.248312643709152,0.21059454296426844
0.41500000000000004,1.1876582230022108,-1.0627329919158932,-5.0244984215302155,-0.14928854947022954,-0.16449657206969492,-0.0008741740221992339,5.271197003976507,0.22214175070397416
0.41600000000000004,1.1967011889982966,-1.0016512831941684,-5.034408316493717,-0.14531262966788583,-0.16576662808831166,-0.00037899394244365436,5.270736772601678,0.2204415545335615
0.417,1.2061137263317991,-0.9655349481474478,-5.055040586389384,-0.14246771313164924,-0.1669088245374452,-0.0006515245436260176,5.285868271815332,0.21944482103176763
0.418,1.2155396551221131,-0.9413661659134962,-5.079579401120411,-0.14022277119916812,-0.16800451986235526,-0.0010916400682376027,5.307149310485608,0.21883586528490562
0.419,1.2232298870089526,-0.9265082958810944,-5.1065158714661765,-0.13881014940618583,-0.16896073798394604,-0.001304882931464036,5.332092771543307,0.2186725663582703
0.42,1.2303601058428588,-0.9145563867138556,-5.133532254391161,-0.1376297454197533,-0.1698620807118058,-0.0014678636720085818,5.357551005954414,0.21862577138070832
0.421,1.2368753322822241,-0.9041186362913999,-5.160386147724672,-0.13659085710626695,-0.17070563603730876,-0.001587641422384245,5.383017396379689,0.21863210428757446
0.422,1.243074886876839,-0.8942312116410843,-5.186531899707897,-0.13559851817367247,-0.17151212988974496,-0.0016961094604399452,5.407864438107205,0.21864639401900576
0.423,1.2489181418794708,-0.8846764463346412,-5.212045108718721,-0.13463705702648726,-0.17227887689814458,-0.0017961504175180785,5.4321140594738715,0.2186558362046666
0.424,1.2544888858964756,-0.8753281972981529,-5.236784678082798,-0.13369334668603686,-0.17301184110298023,-0.0018924220444037074,5.455626048624096,0.2186563270777909
0.425,1.2597609234562543,-0.8661558813221796,-5.260826071592277,-0.13276550087418207,-0.17370939322294204,-0.001985171285504601,5.478459140174488,0.21864485455022248
0.426,1.2647657514955837,-0.857141502733217,-5.284129521124505,-0.13185141321789873,-0.17437392473034966,-0.0020751941207545616,5.500577129527723,0.21862151592206458
0.427,1.2694918007169405,-0.8482792046054324,-5.30674257836609,-0.13095088222820406,-0.17500483883575235,-0.0021624396947814177,5.5220199052608585,0.21858523124334403
0.428,1.2739541796270493,-0.8395644776091776,-5.328657937954277,-0.13006333662344413,-0.17560339701840377,-0.0022471237887832967,5.542781177673851,0.21853620785432468
0.429,1.2781494700799394,-0.8309945341138884,-5.349906005699779,-0.12918867986784147,-0.17616957126035915,-0.002329219439599101,5.562887043021398,0.2184739300402961
0.43,1.2820864133376901,-0.8225666259241606,-5.370491901722102,-0.12832660924848968,-0.17670418035418498,-0.0024088256392970444,5.582342222742353,0.2183984625330944
0.431,1.2857655021991237,-0.8142783462523312,-5.390437383505499,-0.12747699106956914,-0.17720746757820968,-0.002485948263521203,5.601165712359741,0.21830952740639184
0.432,1.2891927406373367,-0.8061272459342479,-5.409752581845788,-0.12663959384999507,-0.17768005975557716,-0.002560650960161617,5.619366695272404,0.21820712018304297
0.433,1.2923704137754524,-0.7981109921953246,-5.428454953317039,-0.12581425789047482,-0.1781223233493377,-0.0026329570790343403,5.636960672424231,0.21809108653697187
0.434,1.2953032998596221,-0.7902272389428792,-5.446556534561832,-0.1250007793865674,-0.1785347978444422,-0.0027029161209159713,5.653958596591657,0.21796140631809532
0.435,1.2979944883512258,-0.7824737021827328,-5.46407251852792,-0.12419898728483554,-0.1789179037026128,-0.0027705593938904794,5.670374174084966,0.21781799904340146
0.436,1.3004481932968013,-0.7748481061575752,-5.481015491544724,-0.1234086913388259,-0.17927213879003237,-0.0028359299239246374,5.686218946683125,0.2176608539513884
0.437,1.3026678547050228,-0.7673482181339951,-5.497399322043795,-0.1226297169998696,-0.17959794563098258,-0.0028990623314523274,5.701505602344242,0.21748994029319868
0.438,1.304657415230209,-0.7599718243719671,-5.513236550645734,-0.12186188190790258,-0.17989580059703475,-0.0029599963903617684,5.716245744221507,0.2173052666485896
0.439,1.3064204561719226,-0.7527167460143513,-5.52854015818937,-0.12110501176089462,-0.18016615341538275,-0.0030187678740527532,5.730451394850796,0.21710683929710523
0.44,1.3079607776002997,-0.745580828092903,-5.5433223829330665,-0.12035892963627592,-0.1804094677076278,-0.0030754147204970286,5.7441339824282664,0.2168946890945988
0.441,1.3092820041084496,-0.7385619467346773,-5.5575955273624045,-0.11962346322497092,-0.18062619333884616,-0.0031299728588878597,5.757305025895827,0.21666885194719518
0.442,1.310387848598046,-0.731658004050668,-5.5713714225904996,-0.11889843997231045,-0.1808167848459304,-0.003182479017819255,5.76997567387445,0.2164293808210139
0.443,1.311281931758078,-0.7248669313599321,-5.584661798624139,-0.11818369038445324,-0.18098168874605808,-0.003232968818038414,5.782157017735351,0.21617633640535627
0.444,1.3119679019559984,-0.7181866867574529,-5.5974780427785165,-0.11747904581553582,-0.18112135190228235,-0.0032814780530585055,5.793859881994565,0.21590979231811572
0.445,1.3124493521820464,-0.7116152565046692,-5.609831371259014,-0.11678433998349781,-0.18123621566360754,-0.0033280418153140206,5.805094968154705,0.21562983048681217
0.446,1.3127298744128604,-0.705150653822826,-5.621732721325987,-0.11609940796260779,-0.18132671964740898,-0.003372695080498589,5.81587275976616,0.21533654325140475
0.447,1.3128130211150817,-0.6987909194388641,-5.633192832244892,-0.11542408688131452,-0.18139329900869428,-0.0034154723059004154,5.8262035891955195,0.21503003094618012
0.448,1.3127034114433733,-0.6925253484543696,-5.644222398581392,-0.1147571533690926,-0.18143646256100976,-0.0034567475946304356,5.836096991081865,0.21470990498801662
0.449,1.312405927879443,-0.6863391114628529,-5.654831761160943,-0.114096909835279,-0.181456743924651,-0.003496929898451606,5.845561815813027,0.21437556593140655
0.45,1.3119181982989438,-0.6802731281117909,-5.665029856340548,-0.11344843384754186,-0.18145417121458285,-0.003534140112050996,5.854610504644076,0.21402956230381548
0.451,1.3112475440156879,-0.6742995691032686,-5.674828329526065,-0.11280833567718652,-0.1814294125030457,-0.0035698780856954658,5.863252220412457,0.21367053224299284
0.452,1.310396965807118,-0.6684237436512646,-5.684234964303474,-0.1121773412267083,-0.18138285746618457,-0.0036037957385797368,5.871495349438965,0.21329904878132247
0.453,1.3093695956483544,-0.6626412297229953,-5.693260808757274,-0.11155497546297412,-0.18131489934395806,-0.0036360703364831273,5.8793503700552385,0.2129150682364831
0.454,1.308169189011838,-0.6569511813920533,-5.701913986829112,-0.11094119384516772,-0.18122597564035625,-0.0036666889218408523,5.886825510834321,0.21251881645219
0.455,1.3067987392813298,-0.6513515579090001,-5.7102043706366725,-0.11033581650252403,-0.18111646778810608,-0.0036956961402551123,5.893930416234647,0.21211040869622552
0.456,1.305261808012246,-0.6458407425907828,-5.7181402707295055,-0.10973870535988972,-0.18098679566441972,-0.0037231199007271122,5.9006734198720165,0.21169002168438242
0.457,1.3035614875452912,-0.6404170019795248,-5.72573075128171,-0.10914971388394225,-0.18083734416419997,-0.003748991071802909,5.907063494191403,0.21125780463538907
0.458,1.3017011502386568,-0.6350786702690925,-5.732984048062639,-0.10856869769380259,-0.1806685161239683,-0.003773340768720255,5.913108902878763,0.21081392965817458
0.459,1.299683921979824,-0.62982409265829,-5.739908657862913,-0.10799551596076677,-0.18048069514657258,-0.003796198412484732,5.918818132478419,0.21035856034544745
0.46,1.29751304516957,-0.6246516420813638,-5.746512602140174,-0.10743002768356431,-0.18027427122576625,-0.003817594306688311,5.924199259216049,0.20989187154428585
0.461,1.295191629195746,-0.6195597158895367,-5.752803934975267,-0.10687209526570352,-0.18004962312699604,-0.003837557425746357,5.929260384918069,0.20941403577996107
0.462,1.292722820622925,-0.6145467352033929,-5.758790403076524,-0.10632158174474025,-0.17980713040834492,-0.003856117072724975,5.934009343376088,0.20892523191147977
0.463,1.2901096866741146,-0.6096111460380492,-5.76447968318421,-0.10577835280172741,-0.17954716519027042,-0.003873301696057153,5.938453904078716,0.20842563881475246
0.464,1.2873552944551745,-0.6047514178799581,-5.769879226009881,-0.10524227534607554,-0.17927009775764732,-0.0038891397163167965,5.942601636853169,0.20791543924824016
0.465,1.2844626566852078,-0.5999660444410361,-5.774996368139904,-0.10471321848924216,-0.17897629272666035,-0.0039036589581024333,5.946460007679369,0.2073948168055705
0.466,1.281434768544103,-0.5952535427633885,-5.779838261192832,-0.10419105286874163,-0.17866611165550578,-0.003916887042291761,5.950036316843336,0.20686395760522577
0.467,1.278274582386623,-0.5906124534950193,-5.784411925458124,-0.10367565110261111,-0.17833991126082643,-0.003928851120443616,5.953337744625385,0.206323048763817
0.468,1.2749850249026615,-0.5860413403499362,-5.788724218526857,-0.10316688746980586,-0.17799804463845756,-0.003939578059326576,5.95637132358994,0.20577227908687662
0.46900000000000003,1.2715689853376264,-0.5815387901299847,-5.792781861804558,-0.10266463811880762,-0.1776408604362555,-0.003949094318013404,5.959143960951966,0.20521183826117706
0.47000000000000003,1.2680293235037319,-0.5771034123565136,-5.7965914274289085,-0.10216878091435469,-0.17726870342904266,-0.003957426035286845,5.961662426736454,0.20464191708876278
0.47100000000000003,1.264368864307719,-0.572733839173415,-5.800159352104472,-0.10167919553118078,-0.17688191413897816,-0.003964598973278604,5.963933365269106,0.20406270702496296
0.47200000000000003,1.2605904015203135,-0.5684287250556663,-5.803491932458506,-0.10119576337744514,-0.1764808291113474,-0.003970638559823671,5.9659632907003814,0.20347440020785226
0.47300000000000003,1.2566966952513654,-0.5641867466567795,-5.806595332928757,-0.1007183676346156,-0.17606578074468882,-0.003975569863189787,5.967758593420891,0.20287718916614436
0.47400000000000003,1.2526904737637217,-0.5600066025589377,-5.809475584972615,-0.10024689321681574,-0.1756370974290184,-0.00397941761325323,5.9693255389835205,0.20227126676187804
0.47500000000000003,1.2485744323318653,-0.5558870130841587,-5.812138592136607,-0.0997812267842536,-0.17519510347486417,-0.003982206191133303,5.970670272137976,0.20165682598485904
0.47600000000000003,1.2443512341528857,-0.5518267200689667,-5.814590131008432,-0.09932125671953183,-0.17474011918828958,-0.003983959640338201,5.971798817319664,0.20103405986225478
0.47700000000000004,1.2400235098700423,-0.5478244866626832,-5.816835854901948,-0.09886687312865594,-0.17427246084780515,-0.0039847016633362126,5.972717081537558,0.20040316130124625
0.47800000000000004,1.2355938580652344,-0.5438790971027662,-5.818881295582576,-0.09841796782402738,-0.1737924407503858,-0.0039844556282971014,5.973430855583298,0.19976432298896996
0.47900000000000004,1.2310648451067607,-0.539989356512787,-5.820731866244963,-0.09797443431986377,-0.1733003672119909,-0.00398324456877149,5.9739458163532415,0.19911773726467175
0.48,1.2264390054562908,-0.5361540906821533,-5.82239286354612,-0.09753616781829048,-0.1727965446009554,-0.003981091188372284,5.9742675283697,0.19846359602143115
0.481,1.2217188416716713,-0.5323721458547479,-5.823869470211515,-0.09710306520108353,-0.1722812733500411,-0.003978017862112155,5.974401445821943,0.19780209059731585
0.482,1.2169068246418449,-0.5286423885156044,-5.825166757147787,-0.09667502501727682,-0.17175484998514315,-0.003974046640070687,5.974352914197072,0.19713341168408663
0.483,1.212005393663701,-0.5249637051775478,-5.826289685837227,-0.09625194747325358,-0.17121756714300876,-0.003969199249354532,5.974127172174769,0.1964577492323623
0.484,1.2070169566513005,-0.5213350021639536,-5.827243110438778,-0.09583373441996405,-0.17066971359848632,-0.003963497097649387,5.97372935328353,0.19577529236833902
0.485,1.2019438902568957,-0.5177552053998739,-5.82803178002867,-0.09542028934252138,-0.17011157428569817,-0.003956961275269304,5.973164487695672,0.19508622931079242
0.486,1.19678854007049,-0.5142232601940122,-5.828660340657159,-0.0950115173471296,-0.169543430324897,-0.003949612558601752,5.972437503877143,0.19439074729600733
0.487,1.1915532207669597,-0.5107381310265268,-5.829133337472574,-0.09460732514955884,-0.1689655590457262,-0.003941471412482254,5.971553230311083,0.19368903250438457
0.488,1.1862402163077912,-0.5072988013335961,-5.829455216708951,-0.09420762106205317,-0.16837823401447619,-0.003932557993409206,5.970516397116389,0.19298126999368784
0.489,1.1808517801019114,-0.5039042732973461,-5.829630327718157,-0.09381231498136965,-0.1677817250584904,-0.003922892152007019,5.969331637718622,0.1922676436340833
0.49,1.175390135216917,-0.5005535676269003,-5.829662924875033,-0.0934213183749105,-0.16717629829425332,-0.0039124934363200786,5.968003490422219,0.1915483360490631
0.491,1.1698574745464674,-0.49724572334950173,-5.8295571695327,-0.09303454426841272,-0.16656221615241842,-0.003901381094280578,5.966536400039114,0.19082352855787732
0.492,1.1642559610287186,-0.4939797975935522,-5.829317131849689,-0.09265190723178898,-0.1659397374065117,-0.0038895740769926456,5.964934719416278,0.19009340112358059
0.493,1.1585877278252938,-0.4907548653809931,-5.8289467926586385,-0.09227332336648739,-0.16530911719885677,-0.0038770910411496315,5.963202711010915,0.18935813230253162
0.494,1.1528548785380266,-0.48757001940539707,-5.828450045234081,-0.09189871029050292,-0.16467060706925293,-0.00386395035245731,5.961344548386803,0.1886178991981947
0.495,1.1470594874052131,-0.48442436982860204,-5.827830697065728,-0.09152798712555076,-0.16402445498216842,-0.003850170088059929,5.959364317726493,0.18787287741757555
0.496,1.141203599510784,-0.4813170440663007,-5.827092471577802,-0.09116107448258996,-0.16337090535490398,-0.0038357680395979155,5.957266019304811,0.18712324103049013
0.497,1.1352892309942957,-0.47824718656968174,-5.82623900981558,-0.09079789444694156,-0.16271019908579984,-0.00382076171627738,5.955053568942119,0.18636916253133493
0.498,1.1293183692637259,-0.4752139586250908,-5.825273872095521,-0.09043837056493487,-0.1620425735826446,-0.0038051683473711013,5.952730799435446,0.1856108128043167
0.499,1.1232929732050994,-0.47221653813465897,-5.824200539633146,-0.09008242782848949,-0.16136826279085187,-0.0037890048853817856,5.950301461976769,0.18484836108993202
0.5,1.117214973403969,-0.4692541194075764,-5.823022416118182,-0.08972999266045116,-0.16068749722245215,-0.003772288008961295,5.947769227533449,0.1840819749548628
0.501,1.111086272352743,-0.46632591295649645,-5.821742829285005,-0.08938099290058278,-0.1600005039840828,-0.003755034125357312,5.945137688232022,0.18331182026355292
0.502,1.104908744679545,-0.46343114527692647,-5.8203650324177225,-0.08903535778921982,-0.159307506806464,-0.0037372593738498727,5.942410358690568,0.18253806115211532
0.503,1.0986842373572354,-0.46056905864926384,-5.8188922058601715,-0.08869301795343917,-0.15860872607243065,-0.0037189796281177764,5.93959067736343,0.18176086000424507
0.504,1.092414569933759,-0.45773891092535113,-5.817327458460319,-0.08835390539114371,-0.15790437884646386,-0.003700210499376267,5.936682007833592,0.18098037742941758
0.505,1.0861015347409726,-0.45493997532019737,-5.815673829025282,-0.08801795345595051,-0.15719467890263863,-0.003680967339028511,5.933687640120655,0.1801967722419814
0.506,1.0797468971313446,-0.45217154021024886,-5.8139342876983955,-0.08768509684194953,-0.15647983675452146,-0.003661265241609984,5.930610791926573,0.1794102014437116
0.507,1.0733523956836868,-0.4494329089215058,-5.812111737366816,-0.0873552715679856,-0.15576005968280923,-0.0036411190475388574,5.927454609912982,0.17862082020589637
0.508,1.0669197424430115,-0.44672339952941265,-5.8102090149763805,-0.08702841496240137,-0.15503555176536657,-0.003620543345860301,5.924222170902656,0.17782878185540954
0.509,1.0604506231312119,-0.44404234465194736,-5.808228892879911,-0.08670446564724213,-0.15430651390510783,-0.003599552477144817,5.920916483115462,0.177034237860242
0.51,1.0539466973782348,-0.44138909124465947,-5.8061740801161825,-0.08638336352244394,-0.1535731438593151,-0.0035781605362496705,5.917540487347533,0.17623733781780682
0.511,1.0474095989403598,-0.43876300040192684,-5.804047223690063,-0.08606504975057432,-0.15283563626796212,-0.0035563813749134613,5.914097058156759,0.1754382294441137
0.512,1.0408409359320823,-0.4361634471512001,-5.801850909802356,-0.08574946674049932,-0.15209418268295868,-0.0035342286047476195,5.910589005007641,0.1746370585646352
0.513,1.0342422910447473,-0.43358982025504594,-5.799587665079234,-0.0854365581320145,-0.1513489715963915,-0.0035117155997612228,5.907019073420493,0.17383396910611004
0.514,1.027615221769184,-0.43104152201045476,-5.797259957770474,-0.08512626877983338,-0.15060018846898074,-0.0034888554991943143,5.903389946096881,0.1730291030895185
0.515,1.0209612606283291,-0.4285179680475894,-5.79487019890356,-0.08481854473749664,-0.14984801575920426,-0.0034656612102343257,5.899704244009525,0.17222260062483544
0.516,1.0142819153917186,-0.4260185871374631,-5.792420743451055,-0.08451333324209484,-0.14909263295105957,-0.003442145410514995,5.895964527508571,0.17141459990618033
0.517,1.0075786693088946,-0.4235428209871624,-5.789913891437417,-0.08421058269740303,-0.14833421658308696,-0.003418320551169164,5.892173297376446,0.17060523720843052
0.518,1.0008529813229339,-0.4210901240518541,-5.787351889060688,-0.08391024265898211,-0.1475729402759549,-0.003394198859037867,5.888332995900566,0.16979464688462506
0.519,0.9941062863064537,-0.41865996333655064,-5.784736929750416,-0.08361226381762607,-0.14680897476154106,-0.0033697923396370567,5.884446007891757,0.16898296136491212
0.52,0.9873399952704276,-0.41625181820175794,-5.782071155254953,-0.08331659798362512,-0.14604248791003716,-0.003345112779638403,5.880514661732272,0.16817031115517048
0.521,0.9805554956014356,-0.41386518017265356,-5.779356656651764,-0.0830231980707868,-0.14527364475899354,-0.0033201717495720245,5.87654123035809,0.1673568248381583
0.522,0.9737541512738093,-0.41149955274907474,-5.776595475386469,-0.08273201808081748,-0.1445026075405104,-0.0032949806062794206,5.8725279322699775,0.16654262907414197
0.523,0.9669373030767333,-0.40915445121057237,-5.773789604261618,-0.08244301308688624,-0.14372953570945107,-0.0032695504957099713,5.868476932501845,0.1657278486028913
0.524,0.96010626883393,-0.40682940243784915,-5.770940988418292,-0.0821561392187758,-0.14295458597101593,-0.003243892355162638,5.864390343586316,0.16491260624673706
0.525,0.9532623436249026,-0.4045239447122303,-5.76805152629624,-0.08187135364582135,-0.1421779123083965,-0.0032180169162124763,5.8602702265021165,0.16409702291341624
0.526,0.9464068000083464,-0.40223762754050124,-5.765123070569049,-0.08158861456215091,-0.1413996660104943,-0.0031919347069569123,5.856118591603055,0.16328121760087422
0.527,0.9395408882354062,-0.3999700114641115,-5.762157429079107,-0.08130788117046847,-0.14061999569884445,-0.0031656560546312515,5.851937399547975,0.16246530740139656
0.528,0.9326658364773696,-0.3977206678810944,-5.759156365726719,-0.0810291136667861,-0.1398390473555333,-0.0031391910880081723,5.847728562192538,0.1616494075077761
0.529,0.925782851039765,-0.3954891788546872,-5.756121601366923,-0.08075227322389285,-0.13905696435001255,-0.0031125497401993936,5.843493943489064,0.16083363121857355
0.53,0.9188931165789026,-0.3932751369454578,-5.753054814679694,-0.08047732197719898,-0.13827388746609143,-0.003085741750543229,5.8392353603656675,0.16001808994534997
0.531,0.9119977963237995,-0.39107814502071137,-5.749957643017367,-0.08020422300785893,-0.1374899549291886,-0.0030587766676435897,5.83495458358556,0.1592028932193985
0.532,0.9050980322911467,-0.3888978160834936,-5.746831683242599,-0.07993294032818368,-0.1367053024330472,-0.00303166385141968,5.8306533386004675,0.15838814869973034
0.533,0.8981949454996239,-0.38673377309384704,-5.743678492552479,-0.07966343886598796,-0.13592006316632166,-0.003004412475623658,5.826333306392828,0.15757396218098838
0.534,0.8912896361872917,-0.3845856487952684,-5.74049958927896,-0.07939568444938916,-0.13513436783931734,-0.0029770315302348697,5.82199612429844,0.1567604376022564
0.535,0.8843831840267262,-0.3824530855384873,-5.737296453677041,-0.0791296437913534,-0.13434834471051063,-0.0029495298238730286,5.817643386819298,0.1559476770560645
0.536,0.8774766483353832,-0.3803357351146696,-5.7340705287047555,-0.07886528447502872,-0.13356211961263278,-0.0029219159860452183,5.813276646430956,0.155135780797906
0.537,0.870571068295814,-0.37823325857804535,-5.730823220768483,-0.07860257493801845,-0.13277581597942334,-0.0028941984696542328,5.808897414359073,0.15432484725626736
0.538,0.8636674631559196,-0.3761453260863488,-5.727555900490093,-0.07834148445838986,-0.13198955487085468,-0.0028663855530447232,5.804507161378102,0.15351497304266185
0.539,0.8567668324578771,-0.37407161672442046,-5.7242699034041555,-0.0780819831387159,-0.13120345500036928,-0.002838485342685634,5.800107318546559,0.15270625296283477
0.54,0.8498701562272961,-0.3720118183449382,-5.7209665307142705,-0.07782404189226039,-0.13041763275917304,-0.002810505775064664,5.795699277998039,0.15189878002691956
0.541,0.8429783952059167,-0.36996562740224925,-5.717647049952142,-0.07756763242771854,-0.12963220224359567,-0.00278245461927715,5.791284393644429,0.15109264546189694
0.542,0.8360924910395736,-0.36793274879013776,-5.71431269570631,-0.07731272723508884,-0.12884727527918913,-0.0027543394789647665,5.786863981943531,0.1502879387221868
0.543,0.8292133665038061,-0.36591289567889496,-5.71096467026564,-0.077059299570588,-0.12806296144741192,-0.002726167794982255,5.782439322589993,0.14948474750233662
0.544,0.8223419256975001,-0.3639057893623358,-5.707604144306131,-0.07680732344332927,-0.1272793681100189,-0.0026979468470400758,5.778011659246789,0.1486831577489641
0.545,0.8154790542590652,-0.36191115909197746,-5.704232257524686,-0.07655677359996277,-0.12649660043493666,-0.002669683756453696,5.773582200228532,0.14788325367326569
0.546,0.8086256195668773,-0.3599287419291071,-5.7008501192851515,-0.07630762551150563,-0.1257147614209813,-0.002641385487935494,5.769152119197423,0.14708511776394753
0.547,0.8017824709423951,-0.3579582825833492,-5.697458809247725,-0.07605985535863906,-0.12493395192269134,-0.0026130588519893386,5.764722555843865,0.14628883079976546
0.548,0.7949504398632129,-0.3559995332675208,-5.694059377963934,-0.07581344001845847,-0.12415427067579814,-0.0025847105068747033,5.760294616536938,0.1454944718636282
0.549,0.7881303401504353,-0.35405225354022557,-5.690652847510191,-0.07556835705021808,-0.12337581432079786,-0.0025563469608977586,5.755869375010033,0.1447021183548248
0.55,0.7813229681863115,-0.3521162101629586,-5.687240212045548,-0.07532458468221713,-0.12259867742862438,-0.0025279745743184453,5.751447872977976,0.1439118460038811
0.551,0.7745291031042748,-0.35019117694448687,-5.683822438415457,-0.07508210179754685,-0.12182295252426874,-0.0024995995617471136,5.747031120796224,0.14312372888531275
0.552,0.7677495069938618,-0.3482769346032395,-5.680400466707854,-0.07484088792153744,-0.12104873011140625,-0.0024712279939040653,5.742620098077249,0.14233783943233808
0.553,0.7609849250975184,-0.3463732706211269,-5.676975210816803,-0.0746009232083189,-0.12027609869638113,-0.0024428657997429934,5.738215754313786,0.14155424845079947
0.554,0.7542360860108618,-0.3444799790956751,-5.673547558985851,-0.07436218842711012,-0.11950514481235233,-0.0024145187687309704,5.733819009483387,0.1407730251332793
0.555,0.7475037018756384,-0.34259686060842,-5.670118374351575,-0.07412466495026422,-0.1187359530428707,-0.0023861925524836813,5.729430754654068,0.1399942370738355
0.556,0.7407884685828441,-0.3407237220782115,-5.666688495458148,-0.07388833473950875,-0.11796860604610346,-0.0023578926671242503,5.725051852562549,0.1392179502825269
0.557,0.734091065956699,-0.3388603766295994,-5.663258736794766,-0.07365318033400561,-0.11720318457763149,-0.0023296244949662826,5.720683138214286,0.13844422919984586
0.558,0.7274121579626036,-0.3370066434528456,-5.659829889276353,-0.0734191848371646,-0.11643976751489228,-0.0023013932867212623,5.716325419430663,0.13767313671205458
0.559,0.7207523928862148,-0.33516234767510944,-5.656402720768523,-0.07318633190482268,-0.11567843187947911,-0.0022732041632846462,5.711979477437559,0.1369047341655727
0.56,0.7141124035363526,-0.33332732022202893,-5.652977976553872,-0.07295460573236295,-0.11491925286111374,-0.002245062117756319,5.707646067398887,0.1361390813823632
0.561,0.707492807428085,-0.33150139769581277,-5.649556379827201,-0.07272399104330421,-0.11416230384007135,-0.002216972017283575,5.703325918977714,0.13537623667492305
0.562,0.7008942069783027,-0.32968442223911554,-5.646138632154082,-0.072494473076693,-0.11340765641051537,-0.0021889386050090447,5.699019736862265,0.1346162568615298
0.5630000000000001,0.6943171896923661,-0.32787624141103033,-5.642725413937098,-0.0722660375754675,-0.11265538040305377,-0.002160966501974452,5.69472820129949,0.13385919728146545
0.5640000000000001,0.6877623283484748,-0.3260767080641642,-5.6393173848743965,-0.07203867077503635,-0.11190554390711421,-0.00213306020886537,5.690451968621111,0.13310511181031248
0.5650000000000001,0.6812301811910104,-0.3242856802186947,-5.6359151843910285,-0.07181235939144139,-0.11115821329386752,-0.0021052241079383737,5.68619167174391,0.1323540528755925
0.5660000000000001,0.6747212921106724,-0.3225030209394095,-5.632519432086126,-0.07158709060983687,-0.11041345323815294,-0.002077462464925169,5.681947920684451,0.1316060714718282
0.5670000000000001,0.6682361908307596,-0.3207285982222022,-5.629130728155853,-0.07136285207393565,-0.10967132674078107,-0.002049779430546056,5.677721303051253,0.13086121717653199
0.5680000000000001,0.6617753930939799,-0.31896228486623585,-5.625749653808429,-0.0711396318738158,-0.10893189515079597,-0.002022179042759229,5.6735123845284265,0.13011953816536168
0.5690000000000001,0.6553394008353827,-0.3172039583658724,-5.622376771691845,-0.07091741853603455,-0.10819521818668526,-0.0019946652280669287,5.669321709371436,0.12938108122771114
0.5700000000000001,0.6489287023777971,-0.3154535007928363,-5.619012626272003,-0.07069620101225804,-0.10746135395913727,-0.0019672418035550227,5.665149800855788,0.1286458917828713
0.5710000000000001,0.6425437725949588,-0.3137107986816042,-5.615657744261506,-0.07047596866870516,-0.10673035899141788,-0.0019399124785490134,5.660997161772318,0.12791401389470067
0.5720000000000001,0.6361850731078403,-0.31197574291915486,-5.612312634974602,-0.07025671127557837,-0.106002288242055,-0.0019126808563618035,5.656864274853229,0.1271854902882793
0.5730000000000001,0.6298530524474085,-0.3102482286366899,-5.608977790738731,-0.07003841899699109,-0.10527719512505719,-0.0018855504359119072,5.6527516032503895,0.12646036236482883
0.5740000000000001,0.6235481462441561,-0.3085281550994887,-5.605653687244224,-0.06982108238039908,-0.10455513153197993,-0.0018585246135572346,5.6486595909550426,0.12573867021795362
0.5750000000000001,0.6172707773900861,-0.30681542560198616,-5.602340783937246,-0.0696046923468986,-0.10383614785196102,-0.0018316066845841207,5.644588663257375,0.12502045264870756
0.5760000000000001,0.611021356229402,-0.3051099473623337,-5.599039524349874,-0.06938924018103365,-0.1031202929937465,-0.0018047998450069908,5.640539227146632,0.12430574718209064
0.577,0.604800280713275,-0.3034116314192542,-5.595750336489024,-0.06917471752121775,-0.10240761440505432,-0.0017781071931350053,5.6365116717654695,0.12359459008170559
0.578,0.5986079365914012,-0.3017203925303857,-5.592473633146251,-0.06896111634991875,-0.10169815809454512,-0.0017515317312591686,5.632506368789558,0.12288701636648085
0.579,0.5924446975649567,-0.3000361490753548,-5.5892098122724585,-0.06874842898470125,-0.1009919686509343,-0.001725076367054792,5.628523672867294,0.12218305982552563
0.58,0.5863109254698062,-0.29835882295269595,-5.585959257287037,-0.06853664806820439,-0.10028908926421698,-0.001698743915464422,5.624563921996951,0.12148275303417072
0.581,0.5802069704378024,-0.29668833948732826,-5.582722337418989,-0.06832576655954081,-0.0995895617452556,-0.0016725371000204392,5.620627437933358,0.12078612736946195
0.582,0.5741331710656171,-0.2950246273342611,-5.579499408025948,-0.06811577772506117,-0.09889342654583327,-0.0016464585545168141,5.616714526572762,0.12009321302570683
0.583,0.5680898545823674,-0.29336761838596875,-5.576290810906934,-0.06790667512959069,-0.0982007227785809,-0.0016205108244712017,5.6128254783310325,0.11940403903019234
0.584,0.5620773370138427,-0.29171724767925344,-5.573096874613575,-0.06769845262753761,-0.09751148823655607,-0.0015946963687255174,5.608960568519423,0.11871863325855547
0.585,0.5560959233466644,-0.29007345330561923,-5.569917914753457,-0.06749110435440485,-0.09682575941279437,-0.0015690175609057895,5.6051200577121385,0.11803702245036485
0.586,0.5501459076892583,-0.288436176325113,-5.566754234290056,-0.06728462471858536,-0.09614357151952618,-0.0015434766908274103,5.601304192109777,0.11735923222459424
0.587,0.5442275734333862,-0.28680536067558493,-5.563606123836303,-0.06707900839269333,-0.0954649585073994,-0.0015180759661237915,5.59751320389566,0.11668528709484086
0.588,0.5383411934199522,-0.28518095309005215,-5.560473861928954,-0.06687425030570969,-0.09478995308492781,-0.0014928175135508234,5.593747311573277,0.1160152104851872
0.589,0.532487030086987,-0.28356290301123477,-5.557357715332324,-0.06667034563487606,-0.09411858673660052,-0.0014677033804990382,5.590006720330372,0.11534902474482375
0.59,0.5266653356382496,-0.2819511625090198,-5.554257939291936,-0.06646728979775947,-0.09345088974239883,-0.0014427355364213764,5.58629162235473,0.11468675116391333
0.591,0.5208763521941783,-0.28034568620260086,-5.551174777817191,-0.06626507844485674,-0.09278689119599397,-0.001417915874156794,5.582602197176622,0.11402840998867969
0.592,0.5151203119456068,-0.27874643117638576,-5.548108463948547,-0.06606370745163476,-0.09212661902306357,-0.0013932462113837422,5.5789386119951185,0.11337402043625963
0.593,0.5093974373142602,-0.2771533569055357,-5.545059220006383,-0.06586317291129831,-0.09147010000004005,-0.001368728292005192,5.575301021986538,0.11272360071031373
0.594,0.5037079410980003,-0.275566425178674,-5.542027257860489,-0.06566347112753819,-0.0908173597716958,-0.0013443637874344368,5.57168957063112,0.11207716801566515
0.595,0.49805202662690456,-0.27398560002007494,-5.539012779171633,-0.06546459860707357,-0.09016842286944281,-0.0013201542980198044,5.568104390012114,0.11143473857338428
0.596,0.492429887913537,-0.2724108476254699,-5.536015975637669,-0.06526655205344696,-0.08952331272914493,-0.0012961013541814522,5.564545601118753,0.11079632763618971
0.597,0.48684170979841024,-0.27084213627447856,-5.533037029241353,-0.06506932835877256,-0.08888205170851976,-0.001272206418072779,5.561013314148522,0.11016194950230287
0.598,0.481287668104177,-0.2692794362759992,-5.530076112473732,-0.06487292459845866,-0.08824466110511996,-0.0012484708844361957,5.557507628786744,0.10953161753148749
0.599,0.4757679297711313,-0.2677227198861275,-5.527133388587699,-0.0646773380234265,-0.08761116117287776,-0.0012248960822481398,5.554028634512328,0.10890534415844266
0.6,0.4702826530196085,-0.2661719612498998,-5.524209011792004,-0.06448256605441921,-0.08698157114054841,-0.0012014832757408992,5.550576410846964,0.10828314090892777
0.601,0.46483198747140236,-0.2646271363279473,-5.521303127517774,-0.06428860627520083,-0.08635590922711164,-0.001178233665767268,5.547151027671348,0.10766501841276063
0.602,0.4594160743180712,-0.2630882228358478,-5.518415872587307,-0.06409545642651909,-0.08573419266051731,-0.0011551483909928396,5.543752545447919,0.10705098641992852
0.603,0.45403504643631426,-0.2615552001771448,-5.515547375478982,-0.06390311440001256,-0.08511643769252597,-0.0011322285290466538,5.540381015533608,0.10644105381350157
0.604,0.448689028552679,-0.26002804938120166,-5.5126977564902155,-0.06371157823191803,-0.08450265961704956,-0.0011094750979428664,5.537036480394615,0.10583522862520639
0.605,0.4433781373593485,-0.25850675304496595,-5.509867127987159,-0.06352084609790044,-0.08389287278491442,-0.0010868890569016047,5.533718973902773,0.10523351804877096
0.606,0.4381024816740771,-0.2569912952709171,-5.507055594565035,-0.06333091630671915,-0.08328709062171671,-0.0010644713078789842,5.5304285215455105,0.10463592845501977
0.607,0.43286216255702226,-0.2554816616055516,-5.504263253282926,-0.06314178729474389,-0.08268532564253712,-0.001042222696523646,5.527165140705587,0.10404246540493088
0.608,0.4276572734601114,-0.2539778389884788,-5.501490193829931,-0.06295345762083296,-0.08208758946891721,-0.0010201440133089964,5.523928840874716,0.103453133664686
0.609,0.42248790035097705,-0.2524798156920277,-5.498736498736074,-0.06276592596067025,-0.08149389284394588,-0.000998235994748136,5.5207196239083824,0.10286793721885398
0.61,0.41735412185422105,-0.25098758126537296,-5.496002243540248,-0.06257919110142965,-0.0809042456485311,-0.0009764993244781636,5.517537484238561,0.10228687928467571
0.611,0.4122560093721291,-0.2495011264853396,-5.49328749699415,-0.062393251937127345,-0.08031865691612229,-0.0009549346342513518,5.5143824091200955,0.10170996232550328
0.612,0.40719362722738117,-0.24802044329969009,-5.490592321217454,-0.06220810746307776,-0.07973713484897399,-0.0009335425052089248,5.511254378828946,0.10113718806487713
0.613,0.40216703277975185,-0.2465455247777971,-5.487916771895747,-0.06202375677136477,-0.07915968683243758,-0.0009123234687838341,5.508153366900514,0.10056855749962164
0.614,0.39717627656210436,-0.24507636505988767,-5.485260898436502,-0.061840199045892844,-0.07858631945062408,-0.0008912780078353709,5.505079340326634,0.10000407091373048
0.615,0.39222140240070075,-0.24361295931063726,-5.482624744149177,-0.061657433558019004,-0.07801703850083477,-0.0008704065576092858,5.502032259774754,0.09944372789159601
0.616,0.387302447546616,-0.24215530366674862,-5.480008346397694,-0.06147545966152687,-0.07745184900875868,-0.000849709506878373,5.4990120797792335,0.0988875273313963
0.617,0.3824194427894409,-0.24070339519473072,-5.477411736781898,-0.0612942767886567,-0.07689075524230445,-0.0008291871988620355,5.496018748959809,0.09833546745801935
0.618,0.3775724125930145,-0.2392572318424769,-5.474834941269979,-0.06111388444544021,-0.07633376072699707,-0.000808839932264451,5.493052210191606,0.09778754583674286
0.619,0.3727613752018573,-0.23781681239711203,-5.472277980382148,-0.06093428220781731,-0.07578086825915509,-0.0007886679621669307,5.4901124008235405,0.09724375938561759
0.62,0.3679863427742321,-0.23638213643826106,-5.469740869318641,-0.060755469716982535,-0.07523207992096023,-0.0007686715012381244,5.487199252842028,0.0967041043888094
0.621,0.3632473214908361,-0.23495320430157093,-5.4672236181259475,-0.060577446676188314,-0.0746873970936947,-0.0007488507203013421,5.484312693070666,0.09616857650937218
0.622,0.35854431167715256,-0.23353001702998255,-5.464726231834769,-0.0604002128459117,-0.07414682047190144,-0.0007292057496824956,5.481452643341279,0.09563717080167725
0.623,0.3538773079211675,-0.23211257633958748,-5.462248710599837,-0.06022376804067626,-0.07361035007715823,-0.0007097366799071456,5.478619020666259,0.09510988172452836
0.624,0.3492462991787279,-0.23070088457881968,-5.4597910498573,-0.060048112125309694,-0.07307798527088936,-0.0006904435625746999,5.475811737426458,0.09458670315313453
0.625,0.34465126890181835,-0.22929494468697542,-5.457353240434832,-0.059873245010784275,-0.07254972476878212,-0.0006713264115198917,5.473030701512572,0.0940676283920151
0.626,0.3400921951347328,-0.2278947601639194,-5.454935268715694,-0.05969916665163714,-0.07202556665281364,-0.0006523852033057237,5.470275816517855,0.0935526501870061
0.627,0.33556905064087694,-0.22650033502574954,-5.452537116742376,-0.059525877041440564,-0.07150550838543225,-0.0006336198785959575,5.467546981871126,0.09304176073765143
0.628,0.3310818029974057,-0.22511167377649002,-5.450158762371709,-0.059353376210517235,-0.07098954682137298,-0.0006150303425028914,5.464844093018902,0.09253495170914232
0.629,0.3266304147149522,-0.22372878136964042,-5.447800179381963,-0.05918166422198401,-0.07047767822119796,-0.0005966164658336682,5.462167041559985,0.09203221424447902
0.63,0.3222148433414502,-0.2223516631773571,-5.445461337601908,-0.059010741169027936,-0.06996989826365606,-0.0005783780856974946,5.459515715400447,0.09153353897645608
0.631,0.31783504156506653,-0.2209803249531855,-5.443142203038489,-0.0588406071713676,-0.0694662020579037,-0.0005603150065161352,5.456889998906133,0.0910389160389733
0.632,0.3134909573249675,-0.2196147728089472,-5.440842737983274,-0.058671262373024585,-0.06896658415622847,-0.0005424270006267386,5.454289773034228,0.09054833507952229
0.633,0.3091825339079234,-0.21825501317558169,-5.4385629011423156,-0.05850270693874738,-0.06847103856571532,-0.000524713809251314,5.4517149154859075,0.09006178526994818
0.634,0.3049097100579944,-0.2169010527786587,-5.436302647735016,-0.0583349410516278,-0.06797955876077613,-0.0005071751431899059,5.449165300828641,0.08957925531858688
0.635,0.3006724200710292,-0.21555289860707086,-5.434061929618953,-0.05816796491019945,-0.06749213769453437,-0.0004898106836753654,5.446640800642478,0.08910073348114494
0.636,0.2964705939011,-0.21421055788555132,-5.43184069538502,-0.05800177872586691,-0.06700876781101449,-0.0004726200830809398,5.444141283636799,0.08862620757235307
0.637,0.2923041572513926,-0.21287403804613542,-5.429638890479321,-0.05783638272028183,-0.06652944105615075,-0.00045560296571216274,5.44166661579208,0.08815566497663731
0.638,0.2881730316792888,-0.21154334670794028,-5.42745645729247,-0.05767177712338585,-0.06605414888976986,-0.00043875892841192246,5.439216660469535,0.08768909265991202
0.639,0.28407713468853957,-0.21021849164046105,-5.425293335269876,-0.05750796217002605,-0.06558288229656854,-0.0004220875415711729,5.436791278539592,0.08722647717962397
0.64,0.2800163798260891,-0.20889948074679418,-5.423149461007414,-0.05734493809841918,-0.06511563179739574,-0.0004055883496121844,5.434390328496122,0.08676780469618257
0.641,0.27599067677370304,-0.20758632203957783,-5.4210247683534805,-0.05718270514790966,-0.06465238746008006,-0.0003892608717066863,5.43201366657576,0.08631306098353443
0.642,0.2719999314429272,-0.2062790236129476,-5.418919188499997,-0.05702126355635603,-0.06419313891046327,-0.0003731046025969563,5.4296611468655325,0.08586223143959124
0.643,0.2680440460686947,-0.20497759362442147,-5.416832650072448,-0.05686061355839395,-0.06373787534325398,-0.0003571190132349555,5.427332621409143,0.08541530109704473
0.644,0.26412291928939036,-0.2036820402699539,-5.414765079238647,-0.056700755383377745,-0.06328658553188592,-0.00034130355132175615,5.4250279403303345,0.08497225463317128
0.645,0.26023644625444914,-0.20239237176349537,-5.41271639976532,-0.056541689253120926,-0.0628392578402787,-0.0003256576422558501,5.422746951905062,0.0845330763808669
0.646,0.2563845186926012,-0.2011085963186693,-5.41068653314114,-0.05638341538060567,-0.06239588023171404,-0.0003101806894282447,5.420489502697464,0.08409775033811795
0.647,0.25256702501288364,-0.19983072212609204,-5.408675398635915,-0.05622593396759171,-0.06195644028002278,-0.0002948720751796829,5.418255437632917,0.08366626017840605
0.648,0.2487838503825257,-0.19855875733552236,-5.406682913398563,-0.056069245203176646,-0.06152092517905524,-0.0002797311612636866,5.416044600108252,0.0832385892604112
0.649,0.24503487681664035,-0.1972927100390726,-5.404708992528325,-0.055913349262209755,-0.06108932175294744,-0.00026475728942576717,5.41385683207523,0.08281472063815282
0.65,0.2413199832592453,-0.19603258824746417,-5.402753549160327,-0.0557582463030554,-0.06066161646569777,-0.0002499497822854231,5.411691974137086,0.0823946370701229
0.651,0.2376390456620862,-0.1947783998832395,-5.400816494547599,-0.055603936467209514,-0.060237795430550994,-0.00023530794344527392,5.409549865641472,0.0819783210294687
0.652,0.2339919370774857,-0.193530152751944,-5.398897738118001,-0.05545041987630674,-0.059817844420329856,-0.0002208310587124098,5.407430344747599,0.0815657547130534
0.653,0.23037852772002398,-0.19228785453819366,-5.396997187580198,-0.05529769663224847,-0.05940174887546754,-0.00020651839601583107,5.405333248541289,0.08115692005087542
0.654,0.2267986850671033,-0.19105151277875848,-5.395114748957517,-0.0551457668143247,-0.05898949391480712,-0.00019236920657397338,5.403258413078366,0.0807517987154254
0.655,0.22325227391711086,-0.18982113485858348,-5.393250326695248,-0.054994630479208814,-0.05858106434326643,-0.00017838272499356468,5.401205673499812,0.0803503721306331
0.656,0.2197391564779757,-0.18859672798853408,-5.391403823706668,-0.054844287658808014,-0.05817644466167143,-0.0001645581700708512,5.399174864085855,0.07995262148088664
0.657,0.21625919244384945,-0.18737829919656543,-5.389575141440677,-0.05469473835942267,-0.05777561907566335,-0.00015089474530805529,5.397165818331095,0.07955852772020117
0.658,0.21281223905769545,-0.1861658553114844,-5.3877641799686335,-0.054545982560525355,-0.05737857150355084,-0.0001373916393508986,5.395178369037458,0.07916807158030184
0.659,0.2093981511993155,-0.18495940295502358,-5.385970838021512,-0.054398020213881466,-0.05698528558594323,-0.00012404802651059814,5.3932123483583805,0.07878123358017597
0.66,0.2060167814495029,-0.18375894852307864,-5.38419501307015,-0.054250851241906914,-0.05659574469360876,-0.0001108630674849201,5.3912675878841885,0.07839799403374674
0.661,0.20266798016157342,-0.18256449818029638,-5.382436601383608,-0.0541044755373859,-0.056209931935830404,-9.78359095244952e-05,5.389343918705923,0.07801833305878478
0.662,0.199351595536054,-0.1813760578469893,-5.38069549808331,-0.05395889296209575,-0.05582783016892558,-8.496568720098535e-05,5.387441171474347,0.07764223058512232
0.663,0.19606747368628918,-0.18019363318671341,-5.378971597207214,-0.053814103345876003,-0.05544942200406364,-7.225152281653836e-05,5.385559176468186,0.07726966636260253
0.664,0.19281545870632202,-0.17901722960024244,-5.377264791767266,-0.0536701064861513,-0.05507468981522206,-5.969252675640917e-05,5.383697763655547,0.07690061996938317
0.665,0.18959539274400247,-0.17784685221321553,-5.375574973794894,-0.053526902146722746,-0.054703615747439656,-4.728779814812886e-05,5.381856762742936,0.07653507081988109
0.666,0.1864071160572845,-0.1766825058670625,-5.373902034413079,-0.05338449005720753,-0.05433618172383699,-3.503642516596925e-05,5.380036003249912,0.07617299817221988
0.667,0.18325046709099174,-0.17552419511106912,-5.372245863868148,-0.053242869912152116,-0.05397236945405245,-2.2937485636995347e-05,5.378235314543877,0.07581438113640007
0.668,0.18012528252836513,-0.1743719241960374,-5.3706063516041365,-0.05310204137079261,-0.053612160440823516,-1.0990047225810178e-05,5.376454525916167,0.07545919868153325
0.669,0.17703139736969845,-0.173225697063302,-5.368983386285319,-0.05296200405580166,-0.05325553598846227,8.068318012650858e-07,5.374693466606771,0.07510742964365195
0.67,0.17396864497638398,-0.17208551733920857,-5.367376855878415,-0.05282275755320367,-0.05290247720880801,1.2454102448063379e-05,5.37295196588729,0.07475905273247953
0.671,0.1709368571501662,-0.17095138832829912,-5.3657866476669,-0.05268430141151849,-0.05255296502966688,2.39527243512971e-05,5.3712298530768665,0.07441404653936058
0.672,0.16793586417818693,-0.1698233130062579,-5.364212648325772,-0.05254663514146426,-0.0522069802007343,3.530366555242152e-05,5.36952695761702,0.07407238954373506
0.673,0.16496549490569784,-0.16870129401392203,-5.362654743942233,-0.05240975821525449,-0.051864503301478994,4.650790193396819e-05,5.367843109093036,0.07373406012064915
0.674,0.16202557677899576,-0.16758533365180955,-5.361112820088129,-0.05227367006642454,-0.051525514746823056,5.7566416978838445e-05,5.366178137305829,0.07339903654702051
0.675,0.15911593592304313,-0.1664754338760828,-5.359586761825579,-0.052138370089275105,-0.05118999479530621,6.848020126773263e-05,5.3645318722778494,0.07306729700931641
0.676,0.1562363971752026,-0.16537159628834458,-5.35807645379142,-0.052003857638317046,-0.05085792355400708,7.925025212776879e-05,5.362904144335911,0.07273881960888585
0.677,0.15338678415945792,-0.1642738221394874,-5.356581780202105,-0.051870132028499334,-0.050529280986372875,8.987757336231002e-05,5.36129478411589,0.07241358236982873
0.678,0.15056691933256575,-0.16318211231764965,-5.35510262491086,-0.05173719253426083,-0.050204046917963006,0.00010036317470964884,5.3597036226180395,0.07209156324449514
0.679,0.14777662403388936,-0.16209646734701652,-5.353638871451768,-0.0516050383896272,-0.0498822010424284,0.00011070807164978537,5.358130491249406,0.07177274011983428
0.68,0.14501571855079465,-0.16101688738663303,-5.352190403054597,-0.05147366878799819,-0.04956372292856932,0.00012091328498342096,5.356575221837197,0.07145709082420731
0.681,0.14228402215554564,-0.1599433722242436,-5.350757102709925,-0.0513430828818677,-0.04924859202528992,0.0001309798405221396,5.355037646691191,0.07114459313262259
0.682,0.13958135317145987,-0.15887592127231684,-5.349338853175532,-0.05121327978237762,-0.04893678766863323,0.00014090876862939307,5.353517598608099,0.07083522477323029
0.683,0.13690752900572536,-0.1578145335697215,-5.347935537043292,-0.051084258559859826,-0.04862828908637505,0.00015070110420588062,5.352014910935395,0.07052896343277337
0.684,0.13426236621639895,-0.1567592077732817,-5.346547036740318,-0.05095601824278429,-0.04832307540502034,0.00016035788592452653,5.350529417569854,0.07022578676248366
0.685,0.13164568054789266,-0.15570994216336576,-5.3451732345852525,-0.05082855781870927,-0.04802112565451818,0.0001698801563751166,5.349060953010539,0.06992567238378496
0.686,0.12905728698591223,-0.15466673463365485,-5.343814012806291,-0.050701876233246734,-0.047722418774321734,0.00017926896139029683,5.347609352373383,0.06962859789342109
0.687,0.12649699979721094,-0.15362958269596755,-5.342469253585005,-0.0505759723907329,-0.04742693361832077,0.00018852534998831712,5.3461744514314296,0.0693345408689808
0.6880000000000001,0.12396463258546563,-0.15259848347484817,-5.341138839067531,-0.05045084515371942,-0.0471346489609001,0.00019765037390747172,5.344756086622338,0.06904347887427284
0.6890000000000001,0.12145999832471385,-0.15157343371074075,-5.339822651415415,-0.05032649334352981,-0.0468455435013443,0.00020664508752291788,5.3433540950950515,0.06875538946428046
0.6900000000000001,0.11898290941289145,-0.15055442975289593,-5.33852057281651,-0.05020291573953816,-0.04655959586964197,0.0002155105472815692,5.341968314716561,0.06847025019007554
0.6910000000000001,0.11653317770943109,-0.14954146756709305,-5.337232485522376,-0.05008011108018896,-0.046276784631132065,0.00022424781180162368,5.340598584105019,0.06818803860415215
0.6920000000000001,0.11411061458094629,-0.14853454272676034,-5.335958271870836,-0.04995807806207031,-0.045997088291655996,0.00023285794117943996,5.339244742647586,0.06790873226461439
0.6930000000000001,0.11171503094237414,-0.14753365042015634,-5.334697814311002,-0.04983681534088625,-0.04572048530239363,0.00024134199711551364,5.337906630520933,0.06763230874047964
0.6940000000000001,0.10934623729532823,-0.14653878544449522,-5.333450995434765,-0.04971632153093898,-0.04544695406443212,0.0002497010424041467,5.33658408871764,0.06735874561564287
0.6950000000000001,0.10700404377400242,-0.14554994221029857,-5.332217697989428,-0.049596595205600655,-0.04517647293383411,0.0002579361407637012,5.335276959054055,0.06708802049384352
0.6960000000000001,0.10468826017758515,-0.14456711474021552,-5.330997804915171,-0.04947763489743679,-0.0449090202257476,0.00026604835663967467,5.333985084202401,0.06682011100266695
0.6970000000000001,0.10239869601449791,-0.14359029667130033,-5.329791199356857,-0.04935943909842639,-0.044644574219280225,0.0002740387549256666,5.332708307697453,0.06655499479807121
0.6980000000000001,0.10013516053855209,-0.1426194812523752,-5.328597764689994,-0.049242006259861484,-0.04438311316178803,0.00028190840066328156,5.331446473956949,0.06629264956821897
0.6990000000000001,0.09789746278470667,-0.14165466134965765,-5.327417384544365,-0.04912533479302375,-0.04412461527309272,0.0002896583589555692,5.330199428299779,0.0660330530377782
0.7000000000000001,0.09568541160644231,-0.14069582944540496,-5.326249942822856,-0.04900942306914075,-0.04386905874978464,0.0002972896946617581,5.328967016959113,0.06577618297168537
0.7010000000000001,0.09349881571328161,-0.1397429776390965,-5.325095323718973,-0.048894269419572305,-0.04361642176950871,0.00030480347213842447,5.327749087094182,0.0655220171790065
0.7020000000000001,0.0913374837037219,-0.13879609764940562,-5.323953411739053,-0.0487798721361969,-0.043366682494872105,0.00031220075510766807,5.326545486806617,0.06527053351663563
0.7030000000000001,0.08920122409744244,-0.13785518081915932,-5.322824091725662,-0.048666229471940235,-0.04311981907728629,0.000319482606489027,5.325356065157924,0.0650217098929988
0.704,0.0870898453761004,-0.1369202181095983,-5.321707248861725,-0.04855333964030683,-0.04287580966138653,0.00032665008798392933,5.324180672167525,0.06477552427133582
0.705,0.08500315600661888,-0.13599120011299323,-5.3206027687063955,-0.0484412008167884,-0.04263463238815673,0.0003337042602109754,5.3230191588426035,0.06453195467347139
0.706,0.08294096448287112,-0.13506811704414048,-5.319510537193978,-0.0483298111380511,-0.042396265399367174,0.00034064618216817974,5.321871377170719,0.06429097918273365
0.707,0.0809030793471093,-0.1341509587525888,-5.3184304406689344,-0.048219168703333655,-0.042160686840483255,0.0003474769113877749,5.320737180148634,0.0640525759474652
0.708,0.07888930923356416,-0.13323971471692392,-5.3173623658786635,-0.0481092715738389,-0.04192787486519936,0.00035419750341294083,5.3196164217687665,0.06381672318404184
0.709,0.07689946288287815,-0.13233437405121434,-5.316306200016702,-0.04800011777370315,-0.041697807637783885,0.0003608090119046526,5.318508957055843,0.06358339917958203
0.71,0.07493334918922867,-0.13143492550837013,-5.315261830706034,-0.04789170529012713,-0.04147046333779041,0.00036731248826404043,5.317414642044061,0.0633525822955264
0.711,0.07299077721079704,-0.13054135748276555,-5.314229146046691,-0.04778403207403465,-0.04124582016208047,0.00037370898168548886,5.316333333817907,0.06312425096979804
0.712,0.07107155621591751,-0.12965365801104584,-5.313208034596109,-0.0476770960399609,-0.04102385632939897,0.00037999953871353597,5.315264890486197,0.06289838371999909
0.713,0.06917549569499272,-0.12877181477779273,-5.312198385411323,-0.04757089506700781,-0.04080455008244392,0.0003861852033955576,5.314209171217527,0.06267495914572473
0.714,0.06730240540000205,-0.12789581511738557,-5.311200088039085,-0.0474654269988076,-0.04058787969190664,0.00039226701682730666,5.313166036223934,0.06245395593136043
0.715,0.06545209536277752,-0.12702564601758567,-5.31021303254176,-0.04736068964424516,-0.04037382345895091,0.0003982460172503536,5.312135346780042,0.06223535284838756
0.716,0.06362437592259852,-0.12616129412256924,-5.30923710950666,-0.04725668077769355,-0.04016235971833673,0.00040412323974807073,5.311116965225757,0.06201912875768904
0.717,0.06181905775495707,-0.1253027457377231,-5.308272210049902,-0.04715339813959418,-0.03995346684160366,0.00040989971617292947,5.310110754963515,0.061805262612107115
0.718,0.060035951891907365,-0.12444998683303952,-5.3073182258354095,-0.04705083943693164,-0.03974712323961997,0.0004155764750454735,5.309116580470524,0.06159373345846208
