time,q1,q2,q3,q4,q5,q6
0.0,-1.976409491088131,1.2295329078196238,-2.037935898671675,2.1911526881005634,2.077106173588028,1.1121752908056732
0.002,-1.976409491088131,1.2295329078196238,-2.037935898671675,2.1911526881005634,2.077106173588028,1.1121752908056732
0.004,-1.976409491088131,1.2295329078196238,-2.037935898671675,2.1911526881005634,2.077106173588028,1.1121752908056732
0.006,-1.976409491088131,1.2295329078196238,-2.037935898671675,2.1911526881005634,2.077106173588028,1.1121752908056732
0.008,-1.976409491088131,1.2295329078196238,-2.037935898671675,2.1911526881005634,2.077106173588028,1.1121752908056732
0.01,-1.976409491088131,1.2295329078196238,-2.037935898671675,2.1911526881005634,2.077106173588028,1.1121752908056732
0.012,-1.976409491088131,1.2295329078196238,-2.037935898671675,2.1911526881005634,2.077106173588028,1.1121752908056732
0.014,-1.976409491088131,1.2295329078196238,-2.037935898671675,2.1911526881005634,2.077106173588028,1.1121752908056732
0.016,-1.976409491088131,1.2295329078196238,-2.037935898671675,2.1911526881005634,2.077106173588028,1.1121752908056732
0.018000000000000002,-1.976409491088131,1.2295329078196238,-2.037935898671675,2.1911526881005634,2.077106173588028,1.1121752908056732
0.02,-1.976409491088131,1.2295329078196238,-2.037935898671675,2.1911526881005634,2.077106173588028,1.1121752908056732
0.022,-1.976409491088131,1.2295329078196238,-2.037935898671675,2.1911526881005634,2.077106173588028,1.1121752908056732
0.024,-1.976409491088131,1.2295329078196238,-2.037935898671675,2.1911526881005634,2.077106173588028,1.1121752908056732
0.026000000000000002,-1.976409491088131,1.2295329078196238,-2.037935898671675,2.1911526881005634,2.077106173588028,1.1121752908056732
0.028,-1.976409491088131,1.2295329078196238,-2.037935898671675,2.1911526881005634,2.077106173588028,1.1121752908056732
0.03,-1.976409491088131,1.2295329078196238,-2.037935898671675,2.1911526881005634,2.077106173588028,1.1121752908056732
0.032,-1.976409491088131,1.2295329078196238,-2.037935898671675,2.1911526881005634,2.077106173588028,1.1121752908056732
0.034,-1.976409491088131,1.2295329078196238,-2.037935898671675,2.1911526881005634,2.077106173588028,1.1121752908056732
0.036000000000000004,-1.976409491088131,1.2295329078196238,-2.037935898671675,2.1911526881005634,2.077106173588028,1.1121752908056732
0.038,-1.976409491088131,1.2295329078196238,-2.037935898671675,2.1911526881005634,2.077106173588028,1.1121752908056732
0.04,-1.976409491088131,1.2295329078196238,-2.037935898671675,2.1911526881005634,2.077106173588028,1.1121752908056732
0.042,-1.976409491088131,1.2295329078196238,-2.037935898671675,2.1911526881005634,2.077106173588028,1.1121752908056732
0.044,-1.976409491088131,1.2295329078196238,-2.037935898671675,2.1911526881005634,2.077106173588028,1.1121752908056732
0.046,-1.976409491088131,1.2295329078196238,-2.037935898671675,2.1911526881005634,2.077106173588028,1.1121752908056732
0.048,-1.976409491088131,1.2295329078196238,-2.037935898671675,2.1911526881005634,2.077106173588028,1.1121752908056732
0.05,-1.976409491088131,1.2295329078196238,-2.037935898671675,2.1911526881005634,2.077106173588028,1.1121752908056732
0.052000000000000005,-1.976409491088131,1.2295329078196238,-2.037935898671675,2.1911526881005634,2.077106173588028,1.1121752908056732
0.054,-1.976409491088131,1.2295329078196238,-2.037935898671675,2.1911526881005634,2.077106173588028,1.1121752908056732
0.056,-1.976409491088131,1.2295329078196238,-2.037935898671675,2.1911526881005634,2.077106173588028,1.1121752908056732
0.058,-1.976409491088131,1.2295329078196238,-2.037935898671675,2.1911526881005634,2.077106173588028,1.1121752908056732
0.06,-1.976409491088131,1.2295329078196238,-2.037935898671675,2.1911526881005634,2.077106173588028,1.1121752908056732
0.062,-1.976409491088131,1.2295329078196238,-2.037935898671675,2.1911526881005634,2.077106173588028,1.1121752908056732
0.064,-1.976409491088131,1.2295329078196238,-2.037935898671675,2.1911526881005634,2.077106173588028,1.1121752908056732
0.066,-1.976409491088131,1.2295329078196238,-2.037935898671675,2.1911526881005634,2.077106173588028,1.1121752908056732
0.068,-1.976409491088131,1.2295329078196238,-2.037935898671675,2.1911526881005634,2.077106173588028,1.1121752908056732
0.07,-1.976409491088131,1.2295329078196238,-2.037935898671675,2.1911526881005634,2.077106173588028,1.1121752908056732
0.07200000000000001,-1.976409491088131,1.2295329078196238,-2.037935898671675,2.1911526881005634,2.077106173588028,1.1121752908056732
0.074,-1.976409491088131,1.2295329078196238,-2.037935898671675,2.1911526881005634,2.077106173588028,1.1121752908056732
0.076,-1.976409491088131,1.2295329078196238,-2.037935898671675,2.1911526881005634,2.077106173588028,1.1121752908056732
0.078,-1.976409491088131,1.2295329078196238,-2.037935898671675,2.1911526881005634,2.077106173588028,1.1121752908056732
0.08,-1.976409491088131,1.2295329078196238,-2.037935898671675,2.1911526881005634,2.077106173588028,1.1121752908056732
0.082,-1.976409491088131,1.2295329078196238,-2.037935898671675,2.1911526881005634,2.077106173588028,1.1121752908056732
0.084,-1.976409491088131,1.2295329078196238,-2.037935898671675,2.1911526881005634,2.077106173588028,1.1121752908056732
0.08600000000000001,-1.976409491088131,1.2295329078196238,-2.037935898671675,2.1911526881005634,2.077106173588028,1.1121752908056732
0.088,-1.976409491088131,1.2295329078196238,-2.037935898671675,2.1911526881005634,2.077106173588028,1.1121752908056732
0.09,-1.976409491088131,1.2295329078196238,-2.037935898671675,2.1911526881005634,2.077106173588028,1.1121752908056732
0.092,-1.976409491088131,1.2295329078196238,-2.037935898671675,2.1911526881005634,2.077106173588028,1.1121752908056732
0.094,-1.976409491088131,1.2295329078196238,-2.037935898671675,2.1911526881005634,2.077106173588028,1.1121752908056732
0.096,-1.976409491088131,1.2295329078196238,-2.037935898671675,2.1911526881005634,2.077106173588028,1.1121752908056732
0.098,-1.976409491088131,1.2295329078196238,-2.037935898671675,2.1911526881005634,2.077106173588028,1.1121752908056732
0.1,-1.976409491088131,1.2295329078196238,-2.037935898671675,2.1911526881005634,2.077106173588028,1.1121752908056732
0.10200000000000001,-1.976409491088131,1.2295329078196238,-2.037935898671675,2.1911526881005634,2.077106173588028,1.1121752908056732
0.10400000000000001,-1.976409491088131,1.2295329078196238,-2.037935898671675,2.1911526881005634,2.077106173588028,1.1121752908056732
0.106,-1.976409491088131,1.2295329078196238,-2.037935898671675,2.1911526881005634,2.077106173588028,1.1121752908056732
0.108,-1.976409491088131,1.2295329078196238,-2.037935898671675,2.1911526881005634,2.077106173588028,1.1121752908056732
0.11,-1.976409491088131,1.2295329078196238,-2.037935898671675,2.1911526881005634,2.077106173588028,1.1121752908056732
0.112,-1.976409491088131,1.2295329078196238,-2.037935898671675,2.1911526881005634,2.077106173588028,1.1121752908056732
0.114,-1.976409491088131,1.2295329078196238,-2.037935898671675,2.1911526881005634,2.077106173588028,1.1121752908056732
0.116,-1.976409491088131,1.2295329078196238,-2.037935898671675,2.1911526881005634,2.077106173588028,1.1121752908056732
0.11800000000000001,-1.976409491088131,1.2295329078196238,-2.037935898671675,2.1911526881005634,2.077106173588028,1.1121752908056732
0.12,-1.976409491088131,1.2295329078196238,-2.037935898671675,2.1911526881005634,2.077106173588028,1.1121752908056732
0.122,-1.976409491088131,1.2295329078196238,-2.037935898671675,2.1911526881005634,2.077106173588028,1.1121752908056732
0.124,-1.976409491088131,1.2295329078196238,-2.037935898671675,2.1911526881005634,2.077106173588028,1.1121752908056732
0.126,-1.976409491088131,1.2295329078196238,-2.037935898671675,2.1911526881005634,2.077106173588028,1.1121752908056732
0.128,-1.976409491088131,1.2295329078196238,-2.037935898671675,2.1911526881005634,2.077106173588028,1.1121752908056732
0.13,-1.976409491088131,1.2295329078196238,-2.037935898671675,2.1911526881005634,2.077106173588028,1.1121752908056732
0.132,-1.976409491088131,1.2295329078196238,-2.037935898671675,2.1911526881005634,2.077106173588028,1.1121752908056732
0.134,-1.976409491088131,1.2295329078196238,-2.037935898671675,2.1911526881005634,2.077106173588028,1.1121752908056732
0.136,-1.976409491088131,1.2295329078196238,-2.037935898671675,2.1911526881005634,2.077106173588028,1.1121752908056732
0.138,-1.976409491088131,1.2295329078196238,-2.037935898671675,2.1911526881005634,2.077106173588028,1.1121752908056732
0.14,-1.976409491088131,1.2295329078196238,-2.037935898671675,2.1911526881005634,2.077106173588028,1.1121752908056732
0.14200000000000002,-1.976409491088131,1.2295329078196238,-2.037935898671675,2.1911526881005634,2.077106173588028,1.1121752908056732
0.14400000000000002,-1.976409491088131,1.2295329078196238,-2.037935898671675,2.1911526881005634,2.077106173588028,1.1121752908056732
0.146,-1.976409491088131,1.2295329078196238,-2.037935898671675,2.1911526881005634,2.077106173588028,1.1121752908056732
0.148,-1.976409491088131,1.2295329078196238,-2.037935898671675,2.1911526881005634,2.077106173588028,1.1121752908056732
0.15,-1.976409491088131,1.2295329078196238,-2.037935898671675,2.1911526881005634,2.077106173588028,1.1121752908056732
0.152,-1.976409491088131,1.2295329078196238,-2.037935898671675,2.1911526881005634,2.077106173588028,1.1121752908056732
0.154,-1.976409491088131,1.2295329078196238,-2.037935898671675,2.1911526881005634,2.077106173588028,1.1121752908056732
0.156,-1.976409491088131,1.2295329078196238,-2.037935898671675,2.1911526881005634,2.077106173588028,1.1121752908056732
0.158,-1.976409491088131,1.2295329078196238,-2.037935898671675,2.1911526881005634,2.077106173588028,1.1121752908056732
0.16,-1.976409491088131,1.2295329078196238,-2.037935898671675,2.1911526881005634,2.077106173588028,1.1121752908056732
0.162,-1.976409491088131,1.2295329078196238,-2.037935898671675,2.1911526881005634,2.077106173588028,1.1121752908056732
0.164,-1.976409491088131,1.2295329078196238,-2.037935898671675,2.1911526881005634,2.077106173588028,1.1121752908056732
0.166,-1.976409491088131,1.2295329078196238,-2.037935898671675,2.1911526881005634,2.077106173588028,1.1121752908056732
0.168,-1.976409491088131,1.2295329078196238,-2.037935898671675,2.1911526881005634,2.077106173588028,1.1121752908056732
0.17,-1.976409491088131,1.2295329078196238,-2.037935898671675,2.1911526881005634,2.077106173588028,1.1121752908056732
0.17200000000000001,-1.976409491088131,1.2295329078196238,-2.037935898671675,2.1911526881005634,2.077106173588028,1.1121752908056732
0.17400000000000002,-1.976409491088131,1.2295329078196238,-2.037935898671675,2.1911526881005634,2.077106173588028,1.1121752908056732
0.176,-1.976409491088131,1.2295329078196238,-2.037935898671675,2.1911526881005634,2.077106173588028,1.1121752908056732
0.178,-1.976409491088131,1.2295329078196238,-2.037935898671675,2.1911526881005634,2.077106173588028,1.1121752908056732
0.18,-1.976409491088131,1.2295329078196238,-2.037935898671675,2.1911526881005634,2.077106173588028,1.1121752908056732
0.182,-1.976409491088131,1.2295329078196238,-2.037935898671675,2.1911526881005634,2.077106173588028,1.1121752908056732
0.184,-1.976409491088131,1.2295329078196238,-2.037935898671675,2.1911526881005634,2.077106173588028,1.1121752908056732
0.186,-1.976409491088131,1.2295329078196238,-2.037935898671675,2.1911526881005634,2.077106173588028,1.1121752908056732
0.188,-1.976409491088131,1.2295329078196238,-2.037935898671675,2.1911526881005634,2.077106173588028,1.1121752908056732
0.19,-1.976409491088131,1.2295329078196238,-2.037935898671675,2.1911526881005634,2.077106173588028,1.1121752908056732
0.192,-1.976409491088131,1.2295329078196238,-2.037935898671675,2.1911526881005634,2.077106173588028,1.1121752908056732
0.194,-1.976409491088131,1.2295329078196238,-2.037935898671675,2.1911526881005634,2.077106173588028,1.1121752908056732
0.196,-1.976409491088131,1.2295329078196238,-2.037935898671675,2.1911526881005634,2.077106173588028,1.1121752908056732
0.198,-1.976409491088131,1.2295329078196238,-2.037935898671675,2.1911526881005634,2.077106173588028,1.1121752908056732
0.2,-1.976409491088131,1.2295329078196238,-2.037935898671675,2.1911526881005634,2.077106173588028,1.1121752908056732
0.202,-1.976409491088131,1.2295329078196238,-2.037935898671675,2.1911526881005634,2.077106173588028,1.1121752908056732
0.20400000000000001,-1.976409491088131,1.2295329078196238,-2.037935898671675,2.1911526881005634,2.077106173588028,1.1121752908056732
0.20600000000000002,-1.976409491088131,1.2295329078196238,-2.037935898671675,2.1911526881005634,2.077106173588028,1.1121752908056732
0.20800000000000002,-1.976409491088131,1.2295329078196238,-2.037935898671675,2.1911526881005634,2.077106173588028,1.1121752908056732
0.21,-1.976409491088131,1.2295329078196238,-2.037935898671675,2.1911526881005634,2.077106173588028,1.1121752908056732
0.212,-1.976409491088131,1.2295329078196238,-2.037935898671675,2.1911526881005634,2.077106173588028,1.1121752908056732
0.214,-1.976409491088131,1.2295329078196238,-2.037935898671675,2.1911526881005634,2.077106173588028,1.1121752908056732
0.216,-1.976409491088131,1.2295329078196238,-2.037935898671675,2.1911526881005634,2.077106173588028,1.1121752908056732
0.218,-1.976409491088131,1.2295329078196238,-2.037935898671675,2.1911526881005634,2.077106173588028,1.1121752908056732
0.22,-1.976409491088131,1.2295329078196238,-2.037935898671675,2.1911526881005634,2.077106173588028,1.1121752908056732
0.222,-1.976409491088131,1.2295329078196238,-2.037935898671675,2.1911526881005634,2.077106173588028,1.1121752908056732
0.224,-1.976409491088131,1.2295329078196238,-2.037935898671675,2.1911526881005634,2.077106173588028,1.1121752908056732
0.226,-1.976409491088131,1.2295329078196238,-2.037935898671675,2.1911526881005634,2.077106173588028,1.1121752908056732
0.228,-1.976409491088131,1.2295329078196238,-2.037935898671675,2.1911526881005634,2.077106173588028,1.1121752908056732
0.23,-1.976409491088131,1.2295329078196238,-2.037935898671675,2.1911526881005634,2.077106173588028,1.1121752908056732
0.232,-1.976409491088131,1.2295329078196238,-2.037935898671675,2.1911526881005634,2.077106173588028,1.1121752908056732
0.234,-1.976409491088131,1.2295329078196238,-2.037935898671675,2.1911526881005634,2.077106173588028,1.1121752908056732
0.23600000000000002,-1.976409491088131,1.2295329078196238,-2.037935898671675,2.1911526881005634,2.077106173588028,1.1121752908056732
0.23800000000000002,-1.976409491088131,1.2295329078196238,-2.037935898671675,2.1911526881005634,2.077106173588028,1.1121752908056732
0.24,-1.976409491088131,1.2295329078196238,-2.037935898671675,2.1911526881005634,2.077106173588028,1.1121752908056732
0.242,-1.976409491088131,1.2295329078196238,-2.037935898671675,2.1911526881005634,2.077106173588028,1.1121752908056732
0.244,-1.976409491088131,1.2295329078196238,-2.037935898671675,2.1911526881005634,2.077106173588028,1.1121752908056732
0.246,-1.976409491088131,1.2295329078196238,-2.037935898671675,2.1911526881005634,2.077106173588028,1.1121752908056732
0.248,-1.976409491088131,1.2295329078196238,-2.037935898671675,2.1911526881005634,2.077106173588028,1.1121752908056732
0.25,-1.976409491088131,1.2295329078196238,-2.037935898671675,2.1911526881005634,2.077106173588028,1.1121752908056732
0.252,-1.976409491088131,1.2295329078196238,-2.037935898671675,2.1911526881005634,2.077106173588028,1.1121752908056732
0.254,-1.976409491088131,1.2295329078196238,-2.037935898671675,2.1911526881005634,2.077106173588028,1.1121752908056732
0.256,-1.976409491088131,1.2295329078196238,-2.037935898671675,2.1911526881005634,2.077106173588028,1.1121752908056732
0.258,-1.976409491088131,1.2295329078196238,-2.037935898671675,2.1911526881005634,2.077106173588028,1.1121752908056732
0.26,-1.976409491088131,1.2295329078196238,-2.037935898671675,2.1911526881005634,2.077106173588028,1.1121752908056732
0.262,-1.976409491088131,1.2295329078196238,-2.037935898671675,2.1911526881005634,2.077106173588028,1.1121752908056732
0.264,-1.976409491088131,1.2295329078196238,-2.037935898671675,2.1911526881005634,2.077106173588028,1.1121752908056732
0.266,-1.976409491088131,1.2295329078196238,-2.037935898671675,2.1911526881005634,2.077106173588028,1.1121752908056732
0.268,-1.976409491088131,1.2295329078196238,-2.037935898671675,2.1911526881005634,2.077106173588028,1.1121752908056732
0.27,-1.976409491088131,1.2295329078196238,-2.037935898671675,2.1911526881005634,2.077106173588028,1.1121752908056732
0.272,-1.976409491088131,1.2295329078196238,-2.037935898671675,2.1911526881005634,2.077106173588028,1.1121752908056732
0.274,-1.976409491088131,1.2295329078196238,-2.037935898671675,2.1911526881005634,2.077106173588028,1.1121752908056732
0.276,-1.976409491088131,1.2295329078196238,-2.037935898671675,2.1911526881005634,2.077106173588028,1.1121752908056732
0.278,-1.976409491088131,1.2295329078196238,-2.037935898671675,2.1911526881005634,2.077106173588028,1.1121752908056732
0.28,-1.976409491088131,1.2295329078196238,-2.037935898671675,2.1911526881005634,2.077106173588028,1.1121752908056732
0.28200000000000003,-1.976409491088131,1.2295329078196238,-2.037935898671675,2.1911526881005634,2.077106173588028,1.1121752908056732
0.28400000000000003,-1.976409491088131,1.2295329078196238,-2.037935898671675,2.1911526881005634,2.077106173588028,1.1121752908056732
0.28600000000000003,-1.976409491088131,1.2295329078196238,-2.037935898671675,2.1911526881005634,2.077106173588028,1.1121752908056732
0.28800000000000003,-1.976409491088131,1.2295329078196238,-2.037935898671675,2.1911526881005634,2.077106173588028,1.1121752908056732
0.29,-1.976409491088131,1.2295329078196238,-2.037935898671675,2.1911526881005634,2.077106173588028,1.1121752908056732
0.292,-1.976409491088131,1.2295329078196238,-2.037935898671675,2.1911526881005634,2.077106173588028,1.1121752908056732
0.294,-1.976409491088131,1.2295329078196238,-2.037935898671675,2.1911526881005634,2.077106173588028,1.1121752908056732
0.296,-1.976409491088131,1.2295329078196238,-2.037935898671675,2.1911526881005634,2.077106173588028,1.1121752908056732
0.298,-1.976409491088131,1.2295329078196238,-2.037935898671675,2.1911526881005634,2.077106173588028,1.1121752908056732
0.3,-1.976409491088131,1.2295329078196238,-2.037935898671675,2.1911526881005634,2.077106173588028,1.1121752908056732
0.302,-1.976409491088131,1.2295329078196238,-2.037935898671675,2.1911526881005634,2.077106173588028,1.1121752908056732
0.304,-1.976409491088131,1.2295329078196238,-2.037935898671675,2.1911526881005634,2.077106173588028,1.1121752908056732
0.306,-1.976409491088131,1.2295329078196238,-2.037935898671675,2.1911526881005634,2.077106173588028,1.1121752908056732
0.308,-1.976409491088131,1.2295329078196238,-2.037935898671675,2.1911526881005634,2.077106173588028,1.1121752908056732
0.31,-1.976409491088131,1.2295329078196238,-2.037935898671675,2.1911526881005634,2.077106173588028,1.1121752908056732
0.312,-1.976409491088131,1.2295329078196238,-2.037935898671675,2.1911526881005634,2.077106173588028,1.1121752908056732
0.314,-1.976409491088131,1.2295329078196238,-2.037935898671675,2.1911526881005634,2.077106173588028,1.1121752908056732
0.316,-1.976409491088131,1.2295329078196238,-2.037935898671675,2.1911526881005634,2.077106173588028,1.1121752908056732
0.318,-1.976409491088131,1.2295329078196238,-2.037935898671675,2.1911526881005634,2.077106173588028,1.1121752908056732
0.32,-1.976409491088131,1.2295329078196238,-2.037935898671675,2.1911526881005634,2.077106173588028,1.1121752908056732
0.322,-1.976409491088131,1.2295329078196238,-2.037935898671675,2.1911526881005634,2.077106173588028,1.1121752908056732
0.324,-1.976409491088131,1.2295329078196238,-2.037935898671675,2.1911526881005634,2.077106173588028,1.1121752908056732
0.326,-1.976409491088131,1.2295329078196238,-2.037935898671675,2.1911526881005634,2.077106173588028,1.1121752908056732
0.328,-1.976409491088131,1.2295329078196238,-2.037935898671675,2.1911526881005634,2.077106173588028,1.1121752908056732
0.33,-1.976409491088131,1.2295329078196238,-2.037935898671675,2.1911526881005634,2.077106173588028,1.1121752908056732
0.332,-1.976409491088131,1.2295329078196238,-2.037935898671675,2.1911526881005634,2.077106173588028,1.1121752908056732
0.334,-1.976409491088131,1.2295329078196238,-2.037935898671675,2.1911526881005634,2.077106173588028,1.1121752908056732
0.336,-1.976409491088131,1.2295329078196238,-2.037935898671675,2.1911526881005634,2.077106173588028,1.1121752908056732
0.338,-1.976409491088131,1.2295329078196238,-2.037935898671675,2.1911526881005634,2.077106173588028,1.1121752908056732
0.34,-1.976409491088131,1.2295329078196238,-2.037935898671675,2.1911526881005634,2.077106173588028,1.1121752908056732
0.342,-1.976409491088131,1.2295329078196238,-2.037935898671675,2.1911526881005634,2.077106173588028,1.1121752908056732
0.34400000000000003,-1.976409491088131,1.2295329078196238,-2.037935898671675,2.1911526881005634,2.077106173588028,1.1121752908056732
0.34600000000000003,-1.976409491088131,1.2295329078196238,-2.037935898671675,2.1911526881005634,2.077106173588028,1.1121752908056732
0.34800000000000003,-1.976409491088131,1.2295329078196238,-2.037935898671675,2.1911526881005634,2.077106173588028,1.1121752908056732
0.35000000000000003,-1.976409491088131,1.2295329078196238,-2.037935898671675,2.1911526881005634,2.077106173588028,1.1121752908056732
0.352,-1.976409491088131,1.2295329078196238,-2.037935898671675,2.1911526881005634,2.077106173588028,1.1121752908056732
0.354,-1.976409491088131,1.2295329078196238,-2.037935898671675,2.1911526881005634,2.077106173588028,1.1121752908056732
0.356,-1.976409491088131,1.2295329078196238,-2.037935898671675,2.1911526881005634,2.077106173588028,1.1121752908056732
0.358,-1.976409491088131,1.2295329078196238,-2.037935898671675,2.1911526881005634,2.077106173588028,1.1121752908056732
0.36,-1.976409491088131,1.2295329078196238,-2.037935898671675,2.1911526881005634,2.077106173588028,1.1121752908056732
0.362,-1.976409491088131,1.2295329078196238,-2.037935898671675,2.1911526881005634,2.077106173588028,1.1121752908056732
0.364,-1.976409491088131,1.2295329078196238,-2.037935898671675,2.1911526881005634,2.077106173588028,1.1121752908056732
0.366,-1.976409491088131,1.2295329078196238,-2.037935898671675,2.1911526881005634,2.077106173588028,1.1121752908056732
0.368,-1.976409491088131,1.2295329078196238,-2.037935898671675,2.1911526881005634,2.077106173588028,1.1121752908056732
0.37,-1.976409491088131,1.2295329078196238,-2.037935898671675,2.1911526881005634,2.077106173588028,1.1121752908056732
0.372,-1.976409491088131,1.2295329078196238,-2.037935898671675,2.1911526881005634,2.077106173588028,1.1121752908056732
0.374,-1.976409491088131,1.2295329078196238,-2.037935898671675,2.1911526881005634,2.077106173588028,1.1121752908056732
0.376,-1.976409491088131,1.2295329078196238,-2.037935898671675,2.1911526881005634,2.077106173588028,1.1121752908056732
0.378,-1.976409491088131,1.2295329078196238,-2.037935898671675,2.1911526881005634,2.077106173588028,1.1121752908056732
0.38,-1.976409491088131,1.2295329078196238,-2.037935898671675,2.1911526881005634,2.077106173588028,1.1121752908056732
0.382,-1.976409491088131,1.2295329078196238,-2.037935898671675,2.1911526881005634,2.077106173588028,1.1121752908056732
0.384,-1.976409491088131,1.2295329078196238,-2.037935898671675,2.1911526881005634,2.077106173588028,1.1121752908056732
0.386,-1.976409491088131,1.2295329078196238,-2.037935898671675,2.1911526881005634,2.077106173588028,1.1121752908056732
0.388,-1.976409491088131,1.2295329078196238,-2.037935898671675,2.1911526881005634,2.077106173588028,1.1121752908056732
0.39,-1.976409491088131,1.2295329078196238,-2.037935898671675,2.1911526881005634,2.077106173588028,1.1121752908056732
0.392,-1.976409491088131,1.2295329078196238,-2.037935898671675,2.1911526881005634,2.077106173588028,1.1121752908056732
0.394,-1.976409491088131,1.2295329078196238,-2.037935898671675,2.1911526881005634,2.077106173588028,1.1121752908056732
0.396,-1.976409491088131,1.2295329078196238,-2.037935898671675,2.1911526881005634,2.077106173588028,1.1121752908056732
0.398,-1.976409491088131,1.2295329078196238,-2.037935898671675,2.1911526881005634,2.077106173588028,1.1121752908056732
0.4,-1.976409491088131,1.2295329078196238,-2.037935898671675,2.1911526881005634,2.077106173588028,1.1121752908056732
0.402,-1.976409491088131,1.2295329078196238,-2.037935898671675,2.1911526881005634,2.077106173588028,1.1121752908056732
0.404,-1.976409491088131,1.2295329078196238,-2.037935898671675,2.1911526881005634,2.077106173588028,1.1121752908056732
0.406,-1.976409491088131,1.2295329078196238,-2.037935898671675,2.1911526881005634,2.077106173588028,1.1121752908056732
0.40800000000000003,-1.976409491088131,1.2295329078196238,-2.037935898671675,2.1911526881005634,2.077106173588028,1.1121752908056732
0.41000000000000003,-1.976409491088131,1.2295329078196238,-2.037935898671675,2.1911526881005634,2.077106173588028,1.1121752908056732
0.41200000000000003,-1.976409491088131,1.2295329078196238,-2.037935898671675,2.1911526881005634,2.077106173588028,1.1121752908056732
0.41400000000000003,-1.976409491088131,1.2295329078196238,-2.037935898671675,2.1911526881005634,2.077106173588028,1.1121752908056732
0.41600000000000004,-1.976409491088131,1.2295329078196238,-2.037935898671675,2.1911526881005634,2.077106173588028,1.1121752908056732
0.418,-1.976409491088131,1.2295329078196238,-2.037935898671675,2.1911526881005634,2.077106173588028,1.1121752908056732
0.42,-1.976409491088131,1.2295329078196238,-2.037935898671675,2.1911526881005634,2.077106173588028,1.1121752908056732
0.422,-1.976409491088131,1.2295329078196238,-2.037935898671675,2.1911526881005634,2.077106173588028,1.1121752908056732
0.424,-1.976409491088131,1.2295329078196238,-2.037935898671675,2.1911526881005634,2.077106173588028,1.1121752908056732
0.426,-1.976409491088131,1.2295329078196238,-2.037935898671675,2.1911526881005634,2.077106173588028,1.1121752908056732
0.428,-1.976409491088131,1.2295329078196238,-2.037935898671675,2.1911526881005634,2.077106173588028,1.1121752908056732
0.43,-1.976409491088131,1.2295329078196238,-2.037935898671675,2.1911526881005634,2.077106173588028,1.1121752908056732
0.432,-1.976409491088131,1.2295329078196238,-2.037935898671675,2.1911526881005634,2.077106173588028,1.1121752908056732
0.434,-1.976409491088131,1.2295329078196238,-2.037935898671675,2.1911526881005634,2.077106173588028,1.1121752908056732
0.436,-1.976409491088131,1.2295329078196238,-2.037935898671675,2.1911526881005634,2.077106173588028,1.1121752908056732
0.438,-1.976409491088131,1.2295329078196238,-2.037935898671675,2.1911526881005634,2.077106173588028,1.1121752908056732
0.44,-1.976409491088131,1.2295329078196238,-2.037935898671675,2.1911526881005634,2.077106173588028,1.1121752908056732
0.442,-1.976409491088131,1.2295329078196238,-2.037935898671675,2.1911526881005634,2.077106173588028,1.1121752908056732
0.444,-1.976409491088131,1.2295329078196238,-2.037935898671675,2.1911526881005634,2.077106173588028,1.1121752908056732
0.446,-1.976409491088131,1.2295329078196238,-2.037935898671675,2.1911526881005634,2.077106173588028,1.1121752908056732
0.448,-1.976409491088131,1.2295329078196238,-2.037935898671675,2.1911526881005634,2.077106173588028,1.1121752908056732
0.45,-1.976409491088131,1.2295329078196238,-2.037935898671675,2.1911526881005634,2.077106173588028,1.1121752908056732
0.452,-1.976409491088131,1.2295329078196238,-2.037935898671675,2.1911526881005634,2.077106173588028,1.1121752908056732
0.454,-1.976409491088131,1.2295329078196238,-2.037935898671675,2.1911526881005634,2.077106173588028,1.1121752908056732
0.456,-1.976409491088131,1.2295329078196238,-2.037935898671675,2.1911526881005634,2.077106173588028,1.1121752908056732
0.458,-1.976409491088131,1.2295329078196238,-2.037935898671675,2.1911526881005634,2.077106173588028,1.1121752908056732
0.46,-1.976409491088131,1.2295329078196238,-2.037935898671675,2.1911526881005634,2.077106173588028,1.1121752908056732
0.462,-1.976409491088131,1.2295329078196238,-2.037935898671675,2.1911526881005634,2.077106173588028,1.1121752908056732
0.464,-1.976409491088131,1.2295329078196238,-2.037935898671675,2.1911526881005634,2.077106173588028,1.1121752908056732
0.466,-1.976409491088131,1.2295329078196238,-2.037935898671675,2.1911526881005634,2.077106173588028,1.1121752908056732
0.468,-1.976409491088131,1.2295329078196238,-2.037935898671675,2.1911526881005634,2.077106173588028,1.1121752908056732
0.47000000000000003,-1.976409491088131,1.2295329078196238,-2.037935898671675,2.1911526881005634,2.077106173588028,1.1121752908056732
0.47200000000000003,-1.976409491088131,1.2295329078196238,-2.037935898671675,2.1911526881005634,2.077106173588028,1.1121752908056732
0.47400000000000003,-1.976409491088131,1.2295329078196238,-2.037935898671675,2.1911526881005634,2.077106173588028,1.1121752908056732
0.47600000000000003,-1.976409491088131,1.2295329078196238,-2.037935898671675,2.1911526881005634,2.077106173588028,1.1121752908056732
0.47800000000000004,-1.976409491088131,1.2295329078196238,-2.037935898671675,2.1911526881005634,2.077106173588028,1.1121752908056732
0.48,-1.976409491088131,1.2295329078196238,-2.037935898671675,2.1911526881005634,2.077106173588028,1.1121752908056732
0.482,-1.976409491088131,1.2295329078196238,-2.037935898671675,2.1911526881005634,2.077106173588028,1.1121752908056732
0.484,-1.976409491088131,1.2295329078196238,-2.037935898671675,2.1911526881005634,2.077106173588028,1.1121752908056732
0.486,-1.976409491088131,1.2295329078196238,-2.037935898671675,2.1911526881005634,2.077106173588028,1.1121752908056732
0.488,-1.976409491088131,1.2295329078196238,-2.037935898671675,2.1911526881005634,2.077106173588028,1.1121752908056732
0.49,-1.976409491088131,1.2295329078196238,-2.037935898671675,2.1911526881005634,2.077106173588028,1.1121752908056732
0.492,-1.976409491088131,1.2295329078196238,-2.037935898671675,2.1911526881005634,2.077106173588028,1.1121752908056732
0.494,-1.976409491088131,1.2295329078196238,-2.037935898671675,2.1911526881005634,2.077106173588028,1.1121752908056732
0.496,-1.976409491088131,1.2295329078196238,-2.037935898671675,2.1911526881005634,2.077106173588028,1.1121752908056732
0.498,-1.976409491088131,1.2295329078196238,-2.037935898671675,2.1911526881005634,2.077106173588028,1.1121752908056732
0.5,-1.976409491088131,1.2295329078196238,-2.037935898671675,2.1911526881005634,2.077106173588028,1.1121752908056732
0.502,-1.976409491088131,1.2295329078196238,-2.037935898671675,2.1911526881005634,2.077106173588028,1.1121752908056732
0.504,-1.976409491088131,1.2295329078196238,-2.037935898671675,2.1911526881005634,2.077106173588028,1.1121752908056732
0.506,-1.976409491088131,1.2295329078196238,-2.037935898671675,2.1911526881005634,2.077106173588028,1.1121752908056732
0.508,-1.976409491088131,1.2295329078196238,-2.037935898671675,2.1911526881005634,2.077106173588028,1.1121752908056732
0.51,-1.976409491088131,1.2295329078196238,-2.037935898671675,2.1911526881005634,2.077106173588028,1.1121752908056732
0.512,-1.976409491088131,1.2295329078196238,-2.037935898671675,2.1911526881005634,2.077106173588028,1.1121752908056732
0.514,-1.976409491088131,1.2295329078196238,-2.037935898671675,2.1911526881005634,2.077106173588028,1.1121752908056732
0.516,-1.976409491088131,1.2295329078196238,-2.037935898671675,2.1911526881005634,2.077106173588028,1.1121752908056732
0.518,-1.976409491088131,1.2295329078196238,-2.037935898671675,2.1911526881005634,2.077106173588028,1.1121752908056732
0.52,-1.976409491088131,1.2295329078196238,-2.037935898671675,2.1911526881005634,2.077106173588028,1.1121752908056732
0.522,-1.976409491088131,1.2295329078196238,-2.037935898671675,2.1911526881005634,2.077106173588028,1.1121752908056732
0.524,-1.976409491088131,1.2295329078196238,-2.037935898671675,2.1911526881005634,2.077106173588028,1.1121752908056732
0.526,-1.976409491088131,1.2295329078196238,-2.037935898671675,2.1911526881005634,2.077106173588028,1.1121752908056732
0.528,-1.976409491088131,1.2295329078196238,-2.037935898671675,2.1911526881005634,2.077106173588028,1.1121752908056732
0.53,-1.976409491088131,1.2295329078196238,-2.037935898671675,2.1911526881005634,2.077106173588028,1.1121752908056732
0.532,-1.976409491088131,1.2295329078196238,-2.037935898671675,2.1911526881005634,2.077106173588028,1.1121752908056732
0.534,-1.976409491088131,1.2295329078196238,-2.037935898671675,2.1911526881005634,2.077106173588028,1.1121752908056732
0.536,-1.976409491088131,1.2295329078196238,-2.037935898671675,2.1911526881005634,2.077106173588028,1.1121752908056732
0.538,-1.976409491088131,1.2295329078196238,-2.037935898671675,2.1911526881005634,2.077106173588028,1.1121752908056732
0.54,-1.976409491088131,1.2295329078196238,-2.037935898671675,2.1911526881005634,2.077106173588028,1.1121752908056732
0.542,-1.976409491088131,1.2295329078196238,-2.037935898671675,2.1911526881005634,2.077106173588028,1.1121752908056732
0.544,-1.976409491088131,1.2295329078196238,-2.037935898671675,2.1911526881005634,2.077106173588028,1.1121752908056732
0.546,-1.976409491088131,1.2295329078196238,-2.037935898671675,2.1911526881005634,2.077106173588028,1.1121752908056732
0.548,-1.976409491088131,1.2295329078196238,-2.037935898671675,2.1911526881005634,2.077106173588028,1.1121752908056732
0.55,-1.976409491088131,1.2295329078196238,-2.037935898671675,2.1911526881005634,2.077106173588028,1.1121752908056732
0.552,-1.976409491088131,1.2295329078196238,-2.037935898671675,2.1911526881005634,2.077106173588028,1.1121752908056732
0.554,-1.976409491088131,1.2295329078196238,-2.037935898671675,2.1911526881005634,2.077106173588028,1.1121752908056732
0.556,-1.976409491088131,1.2295329078196238,-2.037935898671675,2.1911526881005634,2.077106173588028,1.1121752908056732
0.558,-1.976409491088131,1.2295329078196238,-2.037935898671675,2.1911526881005634,2.077106173588028,1.1121752908056732
0.56,-1.976409491088131,1.2295329078196238,-2.037935898671675,2.1911526881005634,2.077106173588028,1.1121752908056732
0.562,-1.976409491088131,1.2295329078196238,-2.037935898671675,2.1911526881005634,2.077106173588028,1.1121752908056732
0.5640000000000001,-1.976409491088131,1.2295329078196238,-2.037935898671675,2.1911526881005634,2.077106173588028,1.1121752908056732
0.5660000000000001,-1.976409491088131,1.2295329078196238,-2.037935898671675,2.1911526881005634,2.077106173588028,1.1121752908056732
0.5680000000000001,-1.976409491088131,1.2295329078196238,-2.037935898671675,2.1911526881005634,2.077106173588028,1.1121752908056732
0.5700000000000001,-1.976409491088131,1.2295329078196238,-2.037935898671675,2.1911526881005634,2.077106173588028,1.1121752908056732
0.5720000000000001,-1.976409491088131,1.2295329078196238,-2.037935898671675,2.1911526881005634,2.077106173588028,1.1121752908056732
0.5740000000000001,-1.976409491088131,1.2295329078196238,-2.037935898671675,2.1911526881005634,2.077106173588028,1.1121752908056732
0.5760000000000001,-1.976409491088131,1.2295329078196238,-2.037935898671675,2.1911526881005634,2.077106173588028,1.1121752908056732
0.578,-1.976409491088131,1.2295329078196238,-2.037935898671675,2.1911526881005634,2.077106173588028,1.1121752908056732
0.58,-1.976409491088131,1.2295329078196238,-2.037935898671675,2.1911526881005634,2.077106173588028,1.1121752908056732
0.582,-1.976409491088131,1.2295329078196238,-2.037935898671675,2.1911526881005634,2.077106173588028,1.1121752908056732
0.584,-1.976409491088131,1.2295329078196238,-2.037935898671675,2.1911526881005634,2.077106173588028,1.1121752908056732
0.586,-1.976409491088131,1.2295329078196238,-2.037935898671675,2.1911526881005634,2.077106173588028,1.1121752908056732
0.588,-1.976409491088131,1.2295329078196238,-2.037935898671675,2.1911526881005634,2.077106173588028,1.1121752908056732
0.59,-1.976409491088131,1.2295329078196238,-2.037935898671675,2.1911526881005634,2.077106173588028,1.1121752908056732
0.592,-1.976409491088131,1.2295329078196238,-2.037935898671675,2.1911526881005634,2.077106173588028,1.1121752908056732
0.594,-1.976409491088131,1.2295329078196238,-2.037935898671675,2.1911526881005634,2.077106173588028,1.1121752908056732
0.596,-1.976409491088131,1.2295329078196238,-2.037935898671675,2.1911526881005634,2.077106173588028,1.1121752908056732
0.598,-1.976409491088131,1.2295329078196238,-2.037935898671675,2.1911526881005634,2.077106173588028,1.1121752908056732
0.6,-1.976409491088131,1.2295329078196238,-2.037935898671675,2.1911526881005634,2.077106173588028,1.1121752908056732
0.602,-1.976409491088131,1.2295329078196238,-2.037935898671675,2.1911526881005634,2.077106173588028,1.1121752908056732
0.604,-1.976409491088131,1.2295329078196238,-2.037935898671675,2.1911526881005634,2.077106173588028,1.1121752908056732
0.606,-1.976409491088131,1.2295329078196238,-2.037935898671675,2.1911526881005634,2.077106173588028,1.1121752908056732
0.608,-1.976409491088131,1.2295329078196238,-2.037935898671675,2.1911526881005634,2.077106173588028,1.1121752908056732
0.61,-1.976409491088131,1.2295329078196238,-2.037935898671675,2.1911526881005634,2.077106173588028,1.1121752908056732
0.612,-1.976409491088131,1.2295329078196238,-2.037935898671675,2.1911526881005634,2.077106173588028,1.1121752908056732
0.614,-1.976409491088131,1.2295329078196238,-2.037935898671675,2.1911526881005634,2.077106173588028,1.1121752908056732
0.616,-1.976409491088131,1.2295329078196238,-2.037935898671675,2.1911526881005634,2.077106173588028,1.1121752908056732
0.618,-1.976409491088131,1.2295329078196238,-2.037935898671675,2.1911526881005634,2.077106173588028,1.1121752908056732
0.62,-1.976409491088131,1.2295329078196238,-2.037935898671675,2.1911526881005634,2.077106173588028,1.1121752908056732
0.622,-1.976409491088131,1.2295329078196238,-2.037935898671675,2.1911526881005634,2.077106173588028,1.1121752908056732
0.624,-1.976409491088131,1.2295329078196238,-2.037935898671675,2.1911526881005634,2.077106173588028,1.1121752908056732
0.626,-1.976409491088131,1.2295329078196238,-2.037935898671675,2.1911526881005634,2.077106173588028,1.1121752908056732
0.628,-1.976409491088131,1.2295329078196238,-2.037935898671675,2.1911526881005634,2.077106173588028,1.1121752908056732
0.63,-1.976409491088131,1.2295329078196238,-2.037935898671675,2.1911526881005634,2.077106173588028,1.1121752908056732
0.632,-1.976409491088131,1.2295329078196238,-2.037935898671675,2.1911526881005634,2.077106173588028,1.1121752908056732
0.634,-1.976409491088131,1.2295329078196238,-2.037935898671675,2.1911526881005634,2.077106173588028,1.1121752908056732
0.636,-1.976409491088131,1.2295329078196238,-2.037935898671675,2.1911526881005634,2.077106173588028,1.1121752908056732
0.638,-1.976409491088131,1.2295329078196238,-2.037935898671675,2.1911526881005634,2.077106173588028,1.1121752908056732
0.64,-1.976409491088131,1.2295329078196238,-2.037935898671675,2.1911526881005634,2.077106173588028,1.1121752908056732
0.642,-1.976409491088131,1.2295329078196238,-2.037935898671675,2.1911526881005634,2.077106173588028,1.1121752908056732
0.644,-1.976409491088131,1.2295329078196238,-2.037935898671675,2.1911526881005634,2.077106173588028,1.1121752908056732
0.646,-1.976409491088131,1.2295329078196238,-2.037935898671675,2.1911526881005634,2.077106173588028,1.1121752908056732
0.648,-1.976409491088131,1.2295329078196238,-2.037935898671675,2.1911526881005634,2.077106173588028,1.1121752908056732
0.65,-1.976409491088131,1.2295329078196238,-2.037935898671675,2.1911526881005634,2.077106173588028,1.1121752908056732
0.652,-1.976409491088131,1.2295329078196238,-2.037935898671675,2.1911526881005634,2.077106173588028,1.1121752908056732
0.654,-1.976409491088131,1.2295329078196238,-2.037935898671675,2.1911526881005634,2.077106173588028,1.1121752908056732
0.656,-1.976409491088131,1.2295329078196238,-2.037935898671675,2.1911526881005634,2.077106173588028,1.1121752908056732
0.658,-1.976409491088131,1.2295329078196238,-2.037935898671675,2.1911526881005634,2.077106173588028,1.1121752908056732
0.66,-1.976409491088131,1.2295329078196238,-2.037935898671675,2.1911526881005634,2.077106173588028,1.1121752908056732
0.662,-1.976409491088131,1.2295329078196238,-2.037935898671675,2.1911526881005634,2.077106173588028,1.1121752908056732
0.664,-1.976409491088131,1.2295329078196238,-2.037935898671675,2.1911526881005634,2.077106173588028,1.1121752908056732
0.666,-1.976409491088131,1.2295329078196238,-2.037935898671675,2.1911526881005634,2.077106173588028,1.1121752908056732
0.668,-1.976409491088131,1.2295329078196238,-2.037935898671675,2.1911526881005634,2.077106173588028,1.1121752908056732
0.67,-1.976409491088131,1.2295329078196238,-2.037935898671675,2.1911526881005634,2.077106173588028,1.1121752908056732
0.672,-1.976409491088131,1.2295329078196238,-2.037935898671675,2.1911526881005634,2.077106173588028,1.1121752908056732
0.674,-1.976409491088131,1.2295329078196238,-2.037935898671675,2.1911526881005634,2.077106173588028,1.1121752908056732
0.676,-1.976409491088131,1.2295329078196238,-2.037935898671675,2.1911526881005634,2.077106173588028,1.1121752908056732
0.678,-1.976409491088131,1.2295329078196238,-2.037935898671675,2.1911526881005634,2.077106173588028,1.1121752908056732
0.68,-1.976409491088131,1.2295329078196238,-2.037935898671675,2.1911526881005634,2.077106173588028,1.1121752908056732
0.682,-1.976409491088131,1.2295329078196238,-2.037935898671675,2.1911526881005634,2.077106173588028,1.1121752908056732
0.684,-1.976409491088131,1.2295329078196238,-2.037935898671675,2.1911526881005634,2.077106173588028,1.1121752908056732
0.686,-1.976409491088131,1.2295329078196238,-2.037935898671675,2.1911526881005634,2.077106173588028,1.1121752908056732
0.6880000000000001,-1.976409491088131,1.2295329078196238,-2.037935898671675,2.1911526881005634,2.077106173588028,1.1121752908056732
0.6900000000000001,-1.976409491088131,1.2295329078196238,-2.037935898671675,2.1911526881005634,2.077106173588028,1.1121752908056732
0.6920000000000001,-1.976409491088131,1.2295329078196238,-2.037935898671675,2.1911526881005634,2.077106173588028,1.1121752908056732
0.6940000000000001,-1.976409491088131,1.2295329078196238,-2.037935898671675,2.1911526881005634,2.077106173588028,1.1121752908056732
0.6960000000000001,-1.976409491088131,1.2295329078196238,-2.037935898671675,2.1911526881005634,2.077106173588028,1.1121752908056732
0.6980000000000001,-1.976409491088131,1.2295329078196238,-2.037935898671675,2.1911526881005634,2.077106173588028,1.1121752908056732
0.7000000000000001,-1.976409491088131,1.2295329078196238,-2.037935898671675,2.1911526881005634,2.077106173588028,1.1121752908056732
0.7020000000000001,-1.976409491088131,1.2295329078196238,-2.037935898671675,2.1911526881005634,2.077106173588028,1.1121752908056732
0.704,-1.976409491088131,1.2295329078196238,-2.037935898671675,2.1911526881005634,2.077106173588028,1.1121752908056732
0.706,-1.976409491088131,1.2295329078196238,-2.037935898671675,2.1911526881005634,2.077106173588028,1.1121752908056732
0.708,-1.976409491088131,1.2295329078196238,-2.037935898671675,2.1911526881005634,2.077106173588028,1.1121752908056732
0.71,-1.976409491088131,1.2295329078196238,-2.037935898671675,2.1911526881005634,2.077106173588028,1.1121752908056732
0.712,-1.976409491088131,1.2295329078196238,-2.037935898671675,2.1911526881005634,2.077106173588028,1.1121752908056732
0.714,-1.976409491088131,1.2295329078196238,-2.037935898671675,2.1911526881005634,2.077106173588028,1.1121752908056732
0.716,-1.976409491088131,1.2295329078196238,-2.037935898671675,2.1911526881005634,2.077106173588028,1.1121752908056732
0.718,-1.976409491088131,1.2295329078196238,-2.037935898671675,2.1911526881005634,2.077106173588028,1.1121752908056732
0.72,-1.976409491088131,1.2295329078196238,-2.037935898671675,2.1911526881005634,2.077106173588028,1.1121752908056732
0.722,-1.976409491088131,1.2295329078196238,-2.037935898671675,2.1911526881005634,2.077106173588028,1.1121752908056732
0.724,-1.976409491088131,1.2295329078196238,-2.037935898671675,2.1911526881005634,2.077106173588028,1.1121752908056732
0.726,-1.9763121159429158,1.2397190753026397,-2.0355420019646098,2.180727332807763,1.9592035165656705,1.114516694232803
0.728,-1.9763121159429158,1.2397190753026397,-2.0355420019646098,2.180727332807763,1.9592035165656705,1.114516694232803
0.73,-1.9763121159429158,1.2397190753026397,-2.0355420019646098,2.180727332807763,1.9592035165656705,1.114516694232803
0.732,-1.9763121159429158,1.2397190753026397,-2.0355420019646098,2.180727332807763,1.9592035165656705,1.114516694232803
0.734,-1.9763121159429158,1.2397190753026397,-2.0355420019646098,2.180727332807763,1.9592035165656705,1.114516694232803
0.736,-1.9763121159429158,1.2397190753026397,-2.0355420019646098,2.180727332807763,1.9592035165656705,1.114516694232803
0.738,-1.9763121159429158,1.2397190753026397,-2.0355420019646098,2.180727332807763,1.9592035165656705,1.114516694232803
0.74,-1.9763121159429158,1.2397190753026397,-2.0355420019646098,2.180727332807763,1.9592035165656705,1.114516694232803
0.742,-1.9763121159429158,1.2397190753026397,-2.0355420019646098,2.180727332807763,1.9592035165656705,1.114516694232803
0.744,-1.9763121159429158,1.2397190753026397,-2.0355420019646098,2.180727332807763,1.9592035165656705,1.114516694232803
0.746,-1.9763121159429158,1.2397190753026397,-2.0355420019646098,2.180727332807763,1.9592035165656705,1.114516694232803
0.748,-1.9763121159429158,1.2397190753026397,-2.0355420019646098,2.180727332807763,1.9592035165656705,1.114516694232803
0.75,-1.9763121159429158,1.2397190753026397,-2.0355420019646098,2.180727332807763,1.9592035165656705,1.114516694232803
0.752,-1.9763121159429158,1.2397190753026397,-2.0355420019646098,2.180727332807763,1.9592035165656705,1.114516694232803
0.754,-1.9763121159429158,1.2397190753026397,-2.0355420019646098,2.180727332807763,1.9592035165656705,1.114516694232803
0.756,-1.9763121159429158,1.2397190753026397,-2.0355420019646098,2.180727332807763,1.9592035165656705,1.114516694232803
0.758,-1.9763121159429158,1.2397190753026397,-2.0355420019646098,2.180727332807763,1.9592035165656705,1.114516694232803
0.76,-1.9763121159429158,1.2397190753026397,-2.0355420019646098,2.180727332807763,1.9592035165656705,1.114516694232803
0.762,-1.9763121159429158,1.2397190753026397,-2.0355420019646098,2.180727332807763,1.9592035165656705,1.114516694232803
0.764,-1.9763121159429158,1.2397190753026397,-2.0355420019646098,2.180727332807763,1.9592035165656705,1.114516694232803
0.766,-1.9763121159429158,1.2397190753026397,-2.0355420019646098,2.180727332807763,1.9592035165656705,1.114516694232803
0.768,-1.9763121159429158,1.2397190753026397,-2.0355420019646098,2.180727332807763,1.9592035165656705,1.114516694232803
0.77,-1.9763121159429158,1.2397190753026397,-2.0355420019646098,2.180727332807763,1.9592035165656705,1.114516694232803
0.772,-1.9763121159429158,1.2397190753026397,-2.0355420019646098,2.180727332807763,1.9592035165656705,1.114516694232803
0.774,-1.9763121159429158,1.2397190753026397,-2.0355420019646098,2.180727332807763,1.9592035165656705,1.114516694232803
0.776,-1.9763121159429158,1.2397190753026397,-2.0355420019646098,2.180727332807763,1.9592035165656705,1.114516694232803
0.778,-1.9763121159429158,1.2397190753026397,-2.0355420019646098,2.180727332807763,1.9592035165656705,1.114516694232803
0.78,-1.9763121159429158,1.2397190753026397,-2.0355420019646098,2.180727332807763,1.9592035165656705,1.114516694232803
0.782,-1.9763121159429158,1.2397190753026397,-2.0355420019646098,2.180727332807763,1.9592035165656705,1.114516694232803
0.784,-1.9763121159429158,1.2397190753026397,-2.0355420019646098,2.180727332807763,1.9592035165656705,1.114516694232803
0.786,-1.9763121159429158,1.2397190753026397,-2.0355420019646098,2.180727332807763,1.9592035165656705,1.114516694232803
0.788,-1.9763121159429158,1.2397190753026397,-2.0355420019646098,2.180727332807763,1.9592035165656705,1.114516694232803
0.79,-1.9763121159429158,1.2397190753026397,-2.0355420019646098,2.180727332807763,1.9592035165656705,1.114516694232803
0.792,-1.9763121159429158,1.2397190753026397,-2.0355420019646098,2.180727332807763,1.9592035165656705,1.114516694232803
0.794,-1.9763121159429158,1.2397190753026397,-2.0355420019646098,2.180727332807763,1.9592035165656705,1.114516694232803
0.796,-1.9763121159429158,1.2397190753026397,-2.0355420019646098,2.180727332807763,1.9592035165656705,1.114516694232803
0.798,-1.9763121159429158,1.2397190753026397,-2.0355420019646098,2.180727332807763,1.9592035165656705,1.114516694232803
0.8,-1.9763121159429158,1.2397190753026397,-2.0355420019646098,2.180727332807763,1.9592035165656705,1.114516694232803
0.802,-1.9763121159429158,1.2397190753026397,-2.0355420019646098,2.180727332807763,1.9592035165656705,1.114516694232803
0.804,-1.9763121159429158,1.2397190753026397,-2.0355420019646098,2.180727332807763,1.9592035165656705,1.114516694232803
0.806,-1.9763121159429158,1.2397190753026397,-2.0355420019646098,2.180727332807763,1.9592035165656705,1.114516694232803
0.808,-1.9763121159429158,1.2397190753026397,-2.0355420019646098,2.180727332807763,1.9592035165656705,1.114516694232803
0.81,-1.9763121159429158,1.2397190753026397,-2.0355420019646098,2.180727332807763,1.9592035165656705,1.114516694232803
0.812,-1.9763121159429158,1.2397190753026397,-2.0355420019646098,2.180727332807763,1.9592035165656705,1.114516694232803
0.8140000000000001,-1.9763121159429158,1.2397190753026397,-2.0355420019646098,2.180727332807763,1.9592035165656705,1.114516694232803
0.8160000000000001,-1.9763121159429158,1.2397190753026397,-2.0355420019646098,2.180727332807763,1.9592035165656705,1.114516694232803
0.8180000000000001,-1.9763121159429158,1.2397190753026397,-2.0355420019646098,2.180727332807763,1.9592035165656705,1.114516694232803
0.8200000000000001,-1.9763121159429158,1.2397190753026397,-2.0355420019646098,2.180727332807763,1.9592035165656705,1.114516694232803
0.8220000000000001,-1.9763121159429158,1.2397190753026397,-2.0355420019646098,2.180727332807763,1.9592035165656705,1.114516694232803
0.8240000000000001,-1.9763121159429158,1.2397190753026397,-2.0355420019646098,2.180727332807763,1.9592035165656705,1.114516694232803
0.8260000000000001,-1.9763121159429158,1.2397190753026397,-2.0355420019646098,2.180727332807763,1.9592035165656705,1.114516694232803
0.8280000000000001,-1.9763121159429158,1.2397190753026397,-2.0355420019646098,2.180727332807763,1.9592035165656705,1.114516694232803
0.8300000000000001,-1.9763121159429158,1.2397190753026397,-2.0355420019646098,2.180727332807763,1.9592035165656705,1.114516694232803
0.8320000000000001,-1.9763121159429158,1.2397190753026397,-2.0355420019646098,2.180727332807763,1.9592035165656705,1.114516694232803
0.834,-1.9763121159429158,1.2397190753026397,-2.0355420019646098,2.180727332807763,1.9592035165656705,1.114516694232803
0.836,-1.9763121159429158,1.2397190753026397,-2.0355420019646098,2.180727332807763,1.9592035165656705,1.114516694232803
0.838,-1.9763121159429158,1.2397190753026397,-2.0355420019646098,2.180727332807763,1.9592035165656705,1.114516694232803
0.84,-1.9763121159429158,1.2397190753026397,-2.0355420019646098,2.180727332807763,1.9592035165656705,1.114516694232803
0.842,-1.9763121159429158,1.2397190753026397,-2.0355420019646098,2.180727332807763,1.9592035165656705,1.114516694232803
0.844,-1.9763121159429158,1.2397190753026397,-2.0355420019646098,2.180727332807763,1.9592035165656705,1.114516694232803
0.846,-1.9763121159429158,1.2397190753026397,-2.0355420019646098,2.180727332807763,1.9592035165656705,1.114516694232803
0.848,-1.9763121159429158,1.2397190753026397,-2.0355420019646098,2.180727332807763,1.9592035165656705,1.114516694232803
0.85,-1.9763121159429158,1.2397190753026397,-2.0355420019646098,2.180727332807763,1.9592035165656705,1.114516694232803
0.852,-1.9763121159429158,1.2397190753026397,-2.0355420019646098,2.180727332807763,1.9592035165656705,1.114516694232803
0.854,-1.9763121159429158,1.2397190753026397,-2.0355420019646098,2.180727332807763,1.9592035165656705,1.114516694232803
0.856,-1.9763121159429158,1.2397190753026397,-2.0355420019646098,2.180727332807763,1.9592035165656705,1.114516694232803
0.858,-1.9763121159429158,1.2397190753026397,-2.0355420019646098,2.180727332807763,1.9592035165656705,1.114516694232803
0.86,-1.9763121159429158,1.2397190753026397,-2.0355420019646098,2.180727332807763,1.9592035165656705,1.114516694232803
0.862,-1.9763121159429158,1.2397190753026397,-2.0355420019646098,2.180727332807763,1.9592035165656705,1.114516694232803
0.864,-1.9763121159429158,1.2397190753026397,-2.0355420019646098,2.180727332807763,1.9592035165656705,1.114516694232803
0.866,-1.9763121159429158,1.2397190753026397,-2.0355420019646098,2.180727332807763,1.9592035165656705,1.114516694232803
0.868,-1.9763121159429158,1.2397190753026397,-2.0355420019646098,2.180727332807763,1.9592035165656705,1.114516694232803
0.87,-1.9763121159429158,1.2397190753026397,-2.0355420019646098,2.180727332807763,1.9592035165656705,1.114516694232803
0.872,-1.9763121159429158,1.2397190753026397,-2.0355420019646098,2.180727332807763,1.9592035165656705,1.114516694232803
0.874,-1.9763121159429158,1.2397190753026397,-2.0355420019646098,2.180727332807763,1.9592035165656705,1.114516694232803
0.876,-1.9763121159429158,1.2397190753026397,-2.0355420019646098,2.180727332807763,1.9592035165656705,1.114516694232803
0.878,-1.9763121159429158,1.2397190753026397,-2.0355420019646098,2.180727332807763,1.9592035165656705,1.114516694232803
0.88,-1.9763121159429158,1.2397190753026397,-2.0355420019646098,2.180727332807763,1.9592035165656705,1.114516694232803
0.882,-1.9763121159429158,1.2397190753026397,-2.0355420019646098,2.180727332807763,1.9592035165656705,1.114516694232803
0.884,-1.9763121159429158,1.2397190753026397,-2.0355420019646098,2.180727332807763,1.9592035165656705,1.114516694232803
0.886,-1.9763121159429158,1.2397190753026397,-2.0355420019646098,2.180727332807763,1.9592035165656705,1.114516694232803
0.888,-1.9763121159429158,1.2397190753026397,-2.0355420019646098,2.180727332807763,1.9592035165656705,1.114516694232803
0.89,-1.9763121159429158,1.2397190753026397,-2.0355420019646098,2.180727332807763,1.9592035165656705,1.114516694232803
0.892,-1.9763121159429158,1.2397190753026397,-2.0355420019646098,2.180727332807763,1.9592035165656705,1.114516694232803
0.894,-1.9763121159429158,1.2397190753026397,-2.0355420019646098,2.180727332807763,1.9592035165656705,1.114516694232803
0.896,-1.9763121159429158,1.2397190753026397,-2.0355420019646098,2.180727332807763,1.9592035165656705,1.114516694232803
0.898,-1.9763121159429158,1.2397190753026397,-2.0355420019646098,2.180727332807763,1.9592035165656705,1.114516694232803
0.9,-1.9763121159429158,1.2397190753026397,-2.0355420019646098,2.180727332807763,1.9592035165656705,1.114516694232803
0.902,-1.9763121159429158,1.2397190753026397,-2.0355420019646098,2.180727332807763,1.9592035165656705,1.114516694232803
0.904,-1.9763121159429158,1.2397190753026397,-2.0355420019646098,2.180727332807763,1.9592035165656705,1.114516694232803
0.906,-1.9763121159429158,1.2397190753026397,-2.0355420019646098,2.180727332807763,1.9592035165656705,1.114516694232803
0.908,-1.9763121159429158,1.2397190753026397,-2.0355420019646098,2.180727332807763,1.9592035165656705,1.114516694232803
0.91,-1.9763121159429158,1.2397190753026397,-2.0355420019646098,2.180727332807763,1.9592035165656705,1.114516694232803
0.912,-1.9763121159429158,1.2397190753026397,-2.0355420019646098,2.180727332807763,1.9592035165656705,1.114516694232803
0.914,-1.9763121159429158,1.2397190753026397,-2.0355420019646098,2.180727332807763,1.9592035165656705,1.114516694232803
0.916,-1.9763121159429158,1.2397190753026397,-2.0355420019646098,2.180727332807763,1.9592035165656705,1.114516694232803
0.918,-1.9763121159429158,1.2397190753026397,-2.0355420019646098,2.180727332807763,1.9592035165656705,1.114516694232803
0.92,-1.9763121159429158,1.2397190753026397,-2.0355420019646098,2.180727332807763,1.9592035165656705,1.114516694232803
0.922,-1.9763121159429158,1.2397190753026397,-2.0355420019646098,2.180727332807763,1.9592035165656705,1.114516694232803
0.924,-1.9763121159429158,1.2397190753026397,-2.0355420019646098,2.180727332807763,1.9592035165656705,1.114516694232803
0.926,-1.9763121159429158,1.2397190753026397,-2.0355420019646098,2.180727332807763,1.9592035165656705,1.114516694232803
0.928,-1.9763121159429158,1.2397190753026397,-2.0355420019646098,2.180727332807763,1.9592035165656705,1.114516694232803
0.93,-1.9763121159429158,1.2397190753026397,-2.0355420019646098,2.180727332807763,1.9592035165656705,1.114516694232803
0.932,-1.9763121159429158,1.2397190753026397,-2.0355420019646098,2.180727332807763,1.9592035165656705,1.114516694232803
0.934,-1.9763121159429158,1.2397190753026397,-2.0355420019646098,2.180727332807763,1.9592035165656705,1.114516694232803
0.936,-1.9763121159429158,1.2397190753026397,-2.0355420019646098,2.180727332807763,1.9592035165656705,1.114516694232803
0.9380000000000001,-1.9763121159429158,1.2397190753026397,-2.0355420019646098,2.180727332807763,1.9592035165656705,1.114516694232803
0.9400000000000001,-1.9763121159429158,1.2397190753026397,-2.0355420019646098,2.180727332807763,1.9592035165656705,1.114516694232803
0.9420000000000001,-1.9763121159429158,1.2397190753026397,-2.0355420019646098,2.180727332807763,1.9592035165656705,1.114516694232803
0.9440000000000001,-1.9763121159429158,1.2397190753026397,-2.0355420019646098,2.180727332807763,1.9592035165656705,1.114516694232803
0.9460000000000001,-1.9763121159429158,1.2397190753026397,-2.0355420019646098,2.180727332807763,1.9592035165656705,1.114516694232803
0.9480000000000001,-1.9763121159429158,1.2397190753026397,-2.0355420019646098,2.180727332807763,1.9592035165656705,1.114516694232803
0.9500000000000001,-1.9763121159429158,1.2397190753026397,-2.0355420019646098,2.180727332807763,1.9592035165656705,1.114516694232803
0.9520000000000001,-1.9763121159429158,1.2397190753026397,-2.0355420019646098,2.180727332807763,1.9592035165656705,1.114516694232803
0.9540000000000001,-1.9763121159429158,1.2397190753026397,-2.0355420019646098,2.180727332807763,1.9592035165656705,1.114516694232803
0.9560000000000001,-1.9763121159429158,1.2397190753026397,-2.0355420019646098,2.180727332807763,1.9592035165656705,1.114516694232803
0.9580000000000001,-1.9763121159429158,1.2397190753026397,-2.0355420019646098,2.180727332807763,1.9592035165656705,1.114516694232803
0.96,-1.9763121159429158,1.2397190753026397,-2.0355420019646098,2.180727332807763,1.9592035165656705,1.114516694232803
0.962,-1.9763121159429158,1.2397190753026397,-2.0355420019646098,2.180727332807763,1.9592035165656705,1.114516694232803
0.964,-1.9763121159429158,1.2397190753026397,-2.0355420019646098,2.180727332807763,1.9592035165656705,1.114516694232803
0.966,-1.9763121159429158,1.2397190753026397,-2.0355420019646098,2.180727332807763,1.9592035165656705,1.114516694232803
0.968,-1.9763121159429158,1.2397190753026397,-2.0355420019646098,2.180727332807763,1.9592035165656705,1.114516694232803
0.97,-1.9763121159429158,1.2397190753026397,-2.0355420019646098,2.180727332807763,1.9592035165656705,1.114516694232803
0.972,-1.9763121159429158,1.2397190753026397,-2.0355420019646098,2.180727332807763,1.9592035165656705,1.114516694232803
0.974,-1.9763121159429158,1.2397190753026397,-2.0355420019646098,2.180727332807763,1.9592035165656705,1.114516694232803
0.976,-1.9763121159429158,1.2397190753026397,-2.0355420019646098,2.180727332807763,1.9592035165656705,1.114516694232803
0.978,-1.9763121159429158,1.2397190753026397,-2.0355420019646098,2.180727332807763,1.9592035165656705,1.114516694232803
0.98,-1.9763121159429158,1.2397190753026397,-2.0355420019646098,2.180727332807763,1.9592035165656705,1.114516694232803
0.982,-1.9763121159429158,1.2397190753026397,-2.0355420019646098,2.180727332807763,1.9592035165656705,1.114516694232803
0.984,-1.9763121159429158,1.2397190753026397,-2.0355420019646098,2.180727332807763,1.9592035165656705,1.114516694232803
0.986,-1.9763121159429158,1.2397190753026397,-2.0355420019646098,2.180727332807763,1.9592035165656705,1.114516694232803
0.988,-1.9763121159429158,1.2397190753026397,-2.0355420019646098,2.180727332807763,1.9592035165656705,1.114516694232803
0.99,-1.9763121159429158,1.2397190753026397,-2.0355420019646098,2.180727332807763,1.9592035165656705,1.114516694232803
0.992,-1.9763121159429158,1.2397190753026397,-2.0355420019646098,2.180727332807763,1.9592035165656705,1.114516694232803
0.994,-1.9763121159429158,1.2397190753026397,-2.0355420019646098,2.180727332807763,1.9592035165656705,1.114516694232803
0.996,-1.9763121159429158,1.2397190753026397,-2.0355420019646098,2.180727332807763,1.9592035165656705,1.114516694232803
0.998,-1.9763121159429158,1.2397190753026397,-2.0355420019646098,2.180727332807763,1.9592035165656705,1.114516694232803
1.0,-1.9763121159429158,1.2397190753026397,-2.0355420019646098,2.180727332807763,1.9592035165656705,1.114516694232803
1.002,-1.9763121159429158,1.2397190753026397,-2.0355420019646098,2.180727332807763,1.9592035165656705,1.114516694232803
1.004,-1.9763121159429158,1.2397190753026397,-2.0355420019646098,2.180727332807763,1.9592035165656705,1.114516694232803
1.006,-1.9763121159429158,1.2397190753026397,-2.0355420019646098,2.180727332807763,1.9592035165656705,1.114516694232803
1.008,-1.9763121159429158,1.2397190753026397,-2.0355420019646098,2.180727332807763,1.9592035165656705,1.114516694232803
1.01,-1.9763121159429158,1.2397190753026397,-2.0355420019646098,2.180727332807763,1.9592035165656705,1.114516694232803
1.012,-1.9763121159429158,1.2397190753026397,-2.0355420019646098,2.180727332807763,1.9592035165656705,1.114516694232803
1.014,-1.9763121159429158,1.2397190753026397,-2.0355420019646098,2.180727332807763,1.9592035165656705,1.114516694232803
1.016,-1.9763121159429158,1.2397190753026397,-2.0355420019646098,2.180727332807763,1.9592035165656705,1.114516694232803
1.018,-1.9763121159429158,1.2397190753026397,-2.0355420019646098,2.180727332807763,1.9592035165656705,1.114516694232803
1.02,-1.9763121159429158,1.2397190753026397,-2.0355420019646098,2.180727332807763,1.9592035165656705,1.114516694232803
1.022,-1.9763121159429158,1.2397190753026397,-2.0355420019646098,2.180727332807763,1.9592035165656705,1.114516694232803
1.024,-1.9763121159429158,1.2397190753026397,-2.0355420019646098,2.180727332807763,1.9592035165656705,1.114516694232803
1.026,-1.9763121159429158,1.2397190753026397,-2.0355420019646098,2.180727332807763,1.9592035165656705,1.114516694232803
1.028,-1.9763121159429158,1.2397190753026397,-2.0355420019646098,2.180727332807763,1.9592035165656705,1.114516694232803
1.03,-1.9763121159429158,1.2397190753026397,-2.0355420019646098,2.180727332807763,1.9592035165656705,1.114516694232803
1.032,-1.9763121159429158,1.2397190753026397,-2.0355420019646098,2.180727332807763,1.9592035165656705,1.114516694232803
1.034,-1.9763121159429158,1.2397190753026397,-2.0355420019646098,2.180727332807763,1.9592035165656705,1.114516694232803
1.036,-1.9763121159429158,1.2397190753026397,-2.0355420019646098,2.180727332807763,1.9592035165656705,1.114516694232803
1.038,-1.9763121159429158,1.2397190753026397,-2.0355420019646098,2.180727332807763,1.9592035165656705,1.114516694232803
1.04,-1.9763121159429158,1.2397190753026397,-2.0355420019646098,2.180727332807763,1.9592035165656705,1.114516694232803
1.042,-1.9763121159429158,1.2397190753026397,-2.0355420019646098,2.180727332807763,1.9592035165656705,1.114516694232803
1.044,-1.9763121159429158,1.2397190753026397,-2.0355420019646098,2.180727332807763,1.9592035165656705,1.114516694232803
1.046,-1.9763121159429158,1.2397190753026397,-2.0355420019646098,2.180727332807763,1.9592035165656705,1.114516694232803
1.048,-1.9763121159429158,1.2397190753026397,-2.0355420019646098,2.180727332807763,1.9592035165656705,1.114516694232803
1.05,-1.9763121159429158,1.2397190753026397,-2.0355420019646098,2.180727332807763,1.9592035165656705,1.114516694232803
1.052,-1.9763121159429158,1.2397190753026397,-2.0355420019646098,2.180727332807763,1.9592035165656705,1.114516694232803
1.054,-1.9763121159429158,1.2397190753026397,-2.0355420019646098,2.180727332807763,1.9592035165656705,1.114516694232803
1.056,-1.9763121159429158,1.2397190753026397,-2.0355420019646098,2.180727332807763,1.9592035165656705,1.114516694232803
1.058,-1.9763121159429158,1.2397190753026397,-2.0355420019646098,2.180727332807763,1.9592035165656705,1.114516694232803
1.06,-1.9763121159429158,1.2397190753026397,-2.0355420019646098,2.180727332807763,1.9592035165656705,1.114516694232803
1.062,-1.9763121159429158,1.2397190753026397,-2.0355420019646098,2.180727332807763,1.9592035165656705,1.114516694232803
1.064,-1.9763121159429158,1.2397190753026397,-2.0355420019646098,2.180727332807763,1.9592035165656705,1.114516694232803
1.066,-1.9763121159429158,1.2397190753026397,-2.0355420019646098,2.180727332807763,1.9592035165656705,1.114516694232803
1.068,-1.9763121159429158,1.2397190753026397,-2.0355420019646098,2.180727332807763,1.9592035165656705,1.114516694232803
1.07,-1.9763121159429158,1.2397190753026397,-2.0355420019646098,2.180727332807763,1.9592035165656705,1.114516694232803
1.072,-1.9763121159429158,1.2397190753026397,-2.0355420019646098,2.180727332807763,1.9592035165656705,1.114516694232803
1.074,-1.9763121159429158,1.2397190753026397,-2.0355420019646098,2.180727332807763,1.9592035165656705,1.114516694232803
1.076,-1.9763121159429158,1.2397190753026397,-2.0355420019646098,2.180727332807763,1.9592035165656705,1.114516694232803
1.078,-1.9763121159429158,1.2397190753026397,-2.0355420019646098,2.180727332807763,1.9592035165656705,1.114516694232803
1.08,-1.9763121159429158,1.2397190753026397,-2.0355420019646098,2.180727332807763,1.9592035165656705,1.114516694232803
1.082,-1.9763121159429158,1.2397190753026397,-2.0355420019646098,2.180727332807763,1.9592035165656705,1.114516694232803
1.084,-1.9763121159429158,1.2397190753026397,-2.0355420019646098,2.180727332807763,1.9592035165656705,1.114516694232803
1.086,-1.9763121159429158,1.2397190753026397,-2.0355420019646098,2.180727332807763,1.9592035165656705,1.114516694232803
1.088,-1.9763121159429158,1.2397190753026397,-2.0355420019646098,2.180727332807763,1.9592035165656705,1.114516694232803
1.09,-1.9763121159429158,1.2397190753026397,-2.0355420019646098,2.180727332807763,1.9592035165656705,1.114516694232803
1.092,-1.9763121159429158,1.2397190753026397,-2.0355420019646098,2.180727332807763,1.9592035165656705,1.114516694232803
1.094,-1.9763121159429158,1.2397190753026397,-2.0355420019646098,2.180727332807763,1.9592035165656705,1.114516694232803
1.096,-1.9763121159429158,1.2397190753026397,-2.0355420019646098,2.180727332807763,1.9592035165656705,1.114516694232803
1.098,-1.9763121159429158,1.2397190753026397,-2.0355420019646098,2.180727332807763,1.9592035165656705,1.114516694232803
1.1,-1.9763121159429158,1.2397190753026397,-2.0355420019646098,2.180727332807763,1.9592035165656705,1.114516694232803
1.102,-1.9763121159429158,1.2397190753026397,-2.0355420019646098,2.180727332807763,1.9592035165656705,1.114516694232803
1.104,-1.9763121159429158,1.2397190753026397,-2.0355420019646098,2.180727332807763,1.9592035165656705,1.114516694232803
1.106,-1.9763121159429158,1.2397190753026397,-2.0355420019646098,2.180727332807763,1.9592035165656705,1.114516694232803
1.108,-1.9763121159429158,1.2397190753026397,-2.0355420019646098,2.180727332807763,1.9592035165656705,1.114516694232803
1.11,-1.9763121159429158,1.2397190753026397,-2.0355420019646098,2.180727332807763,1.9592035165656705,1.114516694232803
1.112,-1.9763121159429158,1.2397190753026397,-2.0355420019646098,2.180727332807763,1.9592035165656705,1.114516694232803
1.114,-1.9763121159429158,1.2397190753026397,-2.0355420019646098,2.180727332807763,1.9592035165656705,1.114516694232803
1.116,-1.9763121159429158,1.2397190753026397,-2.0355420019646098,2.180727332807763,1.9592035165656705,1.114516694232803
1.118,-1.9763121159429158,1.2397190753026397,-2.0355420019646098,2.180727332807763,1.9592035165656705,1.114516694232803
1.12,-1.9763121159429158,1.2397190753026397,-2.0355420019646098,2.180727332807763,1.9592035165656705,1.114516694232803
1.122,-1.9763121159429158,1.2397190753026397,-2.0355420019646098,2.180727332807763,1.9592035165656705,1.114516694232803
1.124,-1.9763121159429158,1.2397190753026397,-2.0355420019646098,2.180727332807763,1.9592035165656705,1.114516694232803
1.1260000000000001,-1.9763121159429158,1.2397190753026397,-2.0355420019646098,2.180727332807763,1.9592035165656705,1.114516694232803
1.1280000000000001,-1.9763121159429158,1.2397190753026397,-2.0355420019646098,2.180727332807763,1.9592035165656705,1.114516694232803
1.1300000000000001,-1.9763121159429158,1.2397190753026397,-2.0355420019646098,2.180727332807763,1.9592035165656705,1.114516694232803
1.1320000000000001,-1.9763121159429158,1.2397190753026397,-2.0355420019646098,2.180727332807763,1.9592035165656705,1.114516694232803
1.1340000000000001,-1.9763121159429158,1.2397190753026397,-2.0355420019646098,2.180727332807763,1.9592035165656705,1.114516694232803
1.1360000000000001,-1.9763121159429158,1.2397190753026397,-2.0355420019646098,2.180727332807763,1.9592035165656705,1.114516694232803
1.1380000000000001,-1.9763121159429158,1.2397190753026397,-2.0355420019646098,2.180727332807763,1.9592035165656705,1.114516694232803
1.1400000000000001,-1.9763121159429158,1.2397190753026397,-2.0355420019646098,2.180727332807763,1.9592035165656705,1.114516694232803
1.1420000000000001,-1.9763121159429158,1.2397190753026397,-2.0355420019646098,2.180727332807763,1.9592035165656705,1.114516694232803
1.1440000000000001,-1.9763121159429158,1.2397190753026397,-2.0355420019646098,2.180727332807763,1.9592035165656705,1.114516694232803
1.1460000000000001,-1.9763121159429158,1.2397190753026397,-2.0355420019646098,2.180727332807763,1.9592035165656705,1.114516694232803
1.1480000000000001,-1.9763121159429158,1.2397190753026397,-2.0355420019646098,2.180727332807763,1.9592035165656705,1.114516694232803
1.1500000000000001,-1.9763121159429158,1.2397190753026397,-2.0355420019646098,2.180727332807763,1.9592035165656705,1.114516694232803
1.1520000000000001,-1.9763121159429158,1.2397190753026397,-2.0355420019646098,2.180727332807763,1.9592035165656705,1.114516694232803
1.154,-1.9763121159429158,1.2397190753026397,-2.0355420019646098,2.180727332807763,1.9592035165656705,1.114516694232803
1.156,-1.9763121159429158,1.2397190753026397,-2.0355420019646098,2.180727332807763,1.9592035165656705,1.114516694232803
1.158,-1.9763121159429158,1.2397190753026397,-2.0355420019646098,2.180727332807763,1.9592035165656705,1.114516694232803
1.16,-1.9763121159429158,1.2397190753026397,-2.0355420019646098,2.180727332807763,1.9592035165656705,1.114516694232803
1.162,-1.9763121159429158,1.2397190753026397,-2.0355420019646098,2.180727332807763,1.9592035165656705,1.114516694232803
1.164,-1.9763121159429158,1.2397190753026397,-2.0355420019646098,2.180727332807763,1.9592035165656705,1.114516694232803
1.166,-1.9763121159429158,1.2397190753026397,-2.0355420019646098,2.180727332807763,1.9592035165656705,1.114516694232803
1.168,-1.9763121159429158,1.2397190753026397,-2.0355420019646098,2.180727332807763,1.9592035165656705,1.114516694232803
1.17,-1.9763121159429158,1.2397190753026397,-2.0355420019646098,2.180727332807763,1.9592035165656705,1.114516694232803
1.172,-1.9763121159429158,1.2397190753026397,-2.0355420019646098,2.180727332807763,1.9592035165656705,1.114516694232803
1.174,-1.9763121159429158,1.2397190753026397,-2.0355420019646098,2.180727332807763,1.9592035165656705,1.114516694232803
1.176,-1.9763121159429158,1.2397190753026397,-2.0355420019646098,2.180727332807763,1.9592035165656705,1.114516694232803
1.178,-1.9763121159429158,1.2397190753026397,-2.0355420019646098,2.180727332807763,1.9592035165656705,1.114516694232803
1.18,-1.9763121159429158,1.2397190753026397,-2.0355420019646098,2.180727332807763,1.9592035165656705,1.114516694232803
1.182,-1.9763121159429158,1.2397190753026397,-2.0355420019646098,2.180727332807763,1.9592035165656705,1.114516694232803
1.184,-1.9763121159429158,1.2397190753026397,-2.0355420019646098,2.180727332807763,1.9592035165656705,1.114516694232803
1.186,-1.9763121159429158,1.2397190753026397,-2.0355420019646098,2.180727332807763,1.9592035165656705,1.114516694232803
1.188,-1.9763121159429158,1.2397190753026397,-2.0355420019646098,2.180727332807763,1.9592035165656705,1.114516694232803
1.19,-1.9763121159429158,1.2397190753026397,-2.0355420019646098,2.180727332807763,1.9592035165656705,1.114516694232803
1.192,-1.9763121159429158,1.2397190753026397,-2.0355420019646098,2.180727332807763,1.9592035165656705,1.114516694232803
1.194,-1.9763121159429158,1.2397190753026397,-2.0355420019646098,2.180727332807763,1.9592035165656705,1.114516694232803
1.196,-1.9763121159429158,1.2397190753026397,-2.0355420019646098,2.180727332807763,1.9592035165656705,1.114516694232803
1.198,-1.9763121159429158,1.2397190753026397,-2.0355420019646098,2.180727332807763,1.9592035165656705,1.114516694232803
1.2,-1.9763121159429158,1.2397190753026397,-2.0355420019646098,2.180727332807763,1.9592035165656705,1.114516694232803
1.202,-1.9763121159429158,1.2397190753026397,-2.0355420019646098,2.180727332807763,1.9592035165656705,1.114516694232803
1.204,-1.9763121159429158,1.2397190753026397,-2.0355420019646098,2.180727332807763,1.9592035165656705,1.114516694232803
1.206,-1.9763121159429158,1.2397190753026397,-2.0355420019646098,2.180727332807763,1.9592035165656705,1.114516694232803
1.208,-1.9763121159429158,1.2397190753026397,-2.0355420019646098,2.180727332807763,1.9592035165656705,1.114516694232803
1.21,-1.9763121159429158,1.2397190753026397,-2.0355420019646098,2.180727332807763,1.9592035165656705,1.114516694232803
1.212,-1.9763121159429158,1.2397190753026397,-2.0355420019646098,2.180727332807763,1.9592035165656705,1.114516694232803
1.214,-1.9763121159429158,1.2397190753026397,-2.0355420019646098,2.180727332807763,1.9592035165656705,1.114516694232803
1.216,-1.9763121159429158,1.2397190753026397,-2.0355420019646098,2.180727332807763,1.9592035165656705,1.114516694232803
1.218,-1.9763121159429158,1.2397190753026397,-2.0355420019646098,2.180727332807763,1.9592035165656705,1.114516694232803
1.22,-1.9763121159429158,1.2397190753026397,-2.0355420019646098,2.180727332807763,1.9592035165656705,1.114516694232803
1.222,-1.9763121159429158,1.2397190753026397,-2.0355420019646098,2.180727332807763,1.9592035165656705,1.114516694232803
1.224,-1.9763121159429158,1.2397190753026397,-2.0355420019646098,2.180727332807763,1.9592035165656705,1.114516694232803
1.226,-1.9763121159429158,1.2397190753026397,-2.0355420019646098,2.180727332807763,1.9592035165656705,1.114516694232803
1.228,-1.9763121159429158,1.2397190753026397,-2.0355420019646098,2.180727332807763,1.9592035165656705,1.114516694232803
1.23,-1.9763121159429158,1.2397190753026397,-2.0355420019646098,2.180727332807763,1.9592035165656705,1.114516694232803
1.232,-1.9763121159429158,1.2397190753026397,-2.0355420019646098,2.180727332807763,1.9592035165656705,1.114516694232803
1.234,-1.9763121159429158,1.2397190753026397,-2.0355420019646098,2.180727332807763,1.9592035165656705,1.114516694232803
1.236,-1.9763121159429158,1.2397190753026397,-2.0355420019646098,2.180727332807763,1.9592035165656705,1.114516694232803
1.238,-1.9763121159429158,1.2397190753026397,-2.0355420019646098,2.180727332807763,1.9592035165656705,1.114516694232803
1.24,-1.9763121159429158,1.2397190753026397,-2.0355420019646098,2.180727332807763,1.9592035165656705,1.114516694232803
1.242,-1.9763121159429158,1.2397190753026397,-2.0355420019646098,2.180727332807763,1.9592035165656705,1.114516694232803
1.244,-1.9763121159429158,1.2397190753026397,-2.0355420019646098,2.180727332807763,1.9592035165656705,1.114516694232803
1.246,-1.9763121159429158,1.2397190753026397,-2.0355420019646098,2.180727332807763,1.9592035165656705,1.114516694232803
1.248,-1.9763121159429158,1.2397190753026397,-2.0355420019646098,2.180727332807763,1.9592035165656705,1.114516694232803
1.25,-1.9763121159429158,1.2397190753026397,-2.0355420019646098,2.180727332807763,1.9592035165656705,1.114516694232803
1.252,-1.9763121159429158,1.2397190753026397,-2.0355420019646098,2.180727332807763,1.9592035165656705,1.114516694232803
1.254,-1.9763121159429158,1.2397190753026397,-2.0355420019646098,2.180727332807763,1.9592035165656705,1.114516694232803
1.256,-1.9763121159429158,1.2397190753026397,-2.0355420019646098,2.180727332807763,1.9592035165656705,1.114516694232803
1.258,-1.9763121159429158,1.2397190753026397,-2.0355420019646098,2.180727332807763,1.9592035165656705,1.114516694232803
1.26,-1.9763121159429158,1.2397190753026397,-2.0355420019646098,2.180727332807763,1.9592035165656705,1.114516694232803
1.262,-1.9763121159429158,1.2397190753026397,-2.0355420019646098,2.180727332807763,1.9592035165656705,1.114516694232803
1.264,-1.9763121159429158,1.2397190753026397,-2.0355420019646098,2.180727332807763,1.9592035165656705,1.114516694232803
1.266,-1.9763121159429158,1.2397190753026397,-2.0355420019646098,2.180727332807763,1.9592035165656705,1.114516694232803
1.268,-1.9763121159429158,1.2397190753026397,-2.0355420019646098,2.180727332807763,1.9592035165656705,1.114516694232803
1.27,-1.9763121159429158,1.2397190753026397,-2.0355420019646098,2.180727332807763,1.9592035165656705,1.114516694232803
1.272,-1.9763121159429158,1.2397190753026397,-2.0355420019646098,2.180727332807763,1.9592035165656705,1.114516694232803
1.274,-1.9763121159429158,1.2397190753026397,-2.0355420019646098,2.180727332807763,1.9592035165656705,1.114516694232803
1.276,-1.9763121159429158,1.2397190753026397,-2.0355420019646098,2.180727332807763,1.9592035165656705,1.114516694232803
1.278,-1.9763121159429158,1.2397190753026397,-2.0355420019646098,2.180727332807763,1.9592035165656705,1.114516694232803
1.28,-1.9763121159429158,1.2397190753026397,-2.0355420019646098,2.180727332807763,1.9592035165656705,1.114516694232803
1.282,-1.9763121159429158,1.2397190753026397,-2.0355420019646098,2.180727332807763,1.9592035165656705,1.114516694232803
1.284,-1.9763121159429158,1.2397190753026397,-2.0355420019646098,2.180727332807763,1.9592035165656705,1.114516694232803
1.286,-1.9763121159429158,1.2397190753026397,-2.0355420019646098,2.180727332807763,1.9592035165656705,1.114516694232803
1.288,-1.9763121159429158,1.2397190753026397,-2.0355420019646098,2.180727332807763,1.9592035165656705,1.114516694232803
1.29,-1.9763121159429158,1.2397190753026397,-2.0355420019646098,2.180727332807763,1.9592035165656705,1.114516694232803
1.292,-1.9763121159429158,1.2397190753026397,-2.0355420019646098,2.180727332807763,1.9592035165656705,1.114516694232803
1.294,-1.9763121159429158,1.2397190753026397,-2.0355420019646098,2.180727332807763,1.9592035165656705,1.114516694232803
1.296,-1.9763121159429158,1.2397190753026397,-2.0355420019646098,2.180727332807763,1.9592035165656705,1.114516694232803
1.298,-1.9763121159429158,1.2397190753026397,-2.0355420019646098,2.180727332807763,1.9592035165656705,1.114516694232803
1.3,-1.9763121159429158,1.2397190753026397,-2.0355420019646098,2.180727332807763,1.9592035165656705,1.114516694232803
1.302,-1.9763121159429158,1.2397190753026397,-2.0355420019646098,2.180727332807763,1.9592035165656705,1.114516694232803
1.304,-1.9763121159429158,1.2397190753026397,-2.0355420019646098,2.180727332807763,1.9592035165656705,1.114516694232803
1.306,-1.9763121159429158,1.2397190753026397,-2.0355420019646098,2.180727332807763,1.9592035165656705,1.114516694232803
1.308,-1.9763121159429158,1.2397190753026397,-2.0355420019646098,2.180727332807763,1.9592035165656705,1.114516694232803
1.31,-1.9763121159429158,1.2397190753026397,-2.0355420019646098,2.180727332807763,1.9592035165656705,1.114516694232803
1.312,-1.9763121159429158,1.2397190753026397,-2.0355420019646098,2.180727332807763,1.9592035165656705,1.114516694232803
1.314,-1.9763121159429158,1.2397190753026397,-2.0355420019646098,2.180727332807763,1.9592035165656705,1.114516694232803
1.316,-1.9763121159429158,1.2397190753026397,-2.0355420019646098,2.180727332807763,1.9592035165656705,1.114516694232803
1.318,-1.9763121159429158,1.2397190753026397,-2.0355420019646098,2.180727332807763,1.9592035165656705,1.114516694232803
1.32,-1.9763121159429158,1.2397190753026397,-2.0355420019646098,2.180727332807763,1.9592035165656705,1.114516694232803
1.322,-1.9763121159429158,1.2397190753026397,-2.0355420019646098,2.180727332807763,1.9592035165656705,1.114516694232803
1.324,-1.9763121159429158,1.2397190753026397,-2.0355420019646098,2.180727332807763,1.9592035165656705,1.114516694232803
1.326,-1.9763121159429158,1.2397190753026397,-2.0355420019646098,2.180727332807763,1.9592035165656705,1.114516694232803
1.328,-1.9763121159429158,1.2397190753026397,-2.0355420019646098,2.180727332807763,1.9592035165656705,1.114516694232803
1.33,-1.9763121159429158,1.2397190753026397,-2.0355420019646098,2.180727332807763,1.9592035165656705,1.114516694232803
1.332,-1.9763121159429158,1.2397190753026397,-2.0355420019646098,2.180727332807763,1.9592035165656705,1.114516694232803
1.334,-1.9763121159429158,1.2397190753026397,-2.0355420019646098,2.180727332807763,1.9592035165656705,1.114516694232803
1.336,-1.9763121159429158,1.2397190753026397,-2.0355420019646098,2.180727332807763,1.9592035165656705,1.114516694232803
1.338,-1.9763121159429158,1.2397190753026397,-2.0355420019646098,2.180727332807763,1.9592035165656705,1.114516694232803
1.34,-1.9763121159429158,1.2397190753026397,-2.0355420019646098,2.180727332807763,1.9592035165656705,1.114516694232803
1.342,-1.9763121159429158,1.2397190753026397,-2.0355420019646098,2.180727332807763,1.9592035165656705,1.114516694232803
1.344,-1.9763121159429158,1.2397190753026397,-2.0355420019646098,2.180727332807763,1.9592035165656705,1.114516694232803
1.346,-1.9763121159429158,1.2397190753026397,-2.0355420019646098,2.180727332807763,1.9592035165656705,1.114516694232803
1.348,-1.9763121159429158,1.2397190753026397,-2.0355420019646098,2.180727332807763,1.9592035165656705,1.114516694232803
1.35,-1.9763121159429158,1.2397190753026397,-2.0355420019646098,2.180727332807763,1.9592035165656705,1.114516694232803
1.352,-1.9763121159429158,1.2397190753026397,-2.0355420019646098,2.180727332807763,1.9592035165656705,1.114516694232803
1.354,-1.9763121159429158,1.2397190753026397,-2.0355420019646098,2.180727332807763,1.9592035165656705,1.114516694232803
1.356,-1.9763121159429158,1.2397190753026397,-2.0355420019646098,2.180727332807763,1.9592035165656705,1.114516694232803
1.358,-1.9763121159429158,1.2397190753026397,-2.0355420019646098,2.180727332807763,1.9592035165656705,1.114516694232803
1.36,-1.9763121159429158,1.2397190753026397,-2.0355420019646098,2.180727332807763,1.9592035165656705,1.114516694232803
1.362,-1.9763121159429158,1.2397190753026397,-2.0355420019646098,2.180727332807763,1.9592035165656705,1.114516694232803
1.364,-1.9763121159429158,1.2397190753026397,-2.0355420019646098,2.180727332807763,1.9592035165656705,1.114516694232803
1.366,-1.9763121159429158,1.2397190753026397,-2.0355420019646098,2.180727332807763,1.9592035165656705,1.114516694232803
1.368,-1.9763121159429158,1.2397190753026397,-2.0355420019646098,2.180727332807763,1.9592035165656705,1.114516694232803
1.37,-1.9763121159429158,1.2397190753026397,-2.0355420019646098,2.180727332807763,1.9592035165656705,1.114516694232803
1.372,-1.9763121159429158,1.2397190753026397,-2.0355420019646098,2.180727332807763,1.9592035165656705,1.114516694232803
1.374,-1.9763121159429158,1.2397190753026397,-2.0355420019646098,2.180727332807763,1.9592035165656705,1.114516694232803
1.3760000000000001,-1.9763121159429158,1.2397190753026397,-2.0355420019646098,2.180727332807763,1.9592035165656705,1.114516694232803
1.3780000000000001,-1.9763121159429158,1.2397190753026397,-2.0355420019646098,2.180727332807763,1.9592035165656705,1.114516694232803
1.3800000000000001,-1.9763121159429158,1.2397190753026397,-2.0355420019646098,2.180727332807763,1.9592035165656705,1.114516694232803
1.3820000000000001,-1.9763121159429158,1.2397190753026397,-2.0355420019646098,2.180727332807763,1.9592035165656705,1.114516694232803
1.3840000000000001,-1.9763121159429158,1.2397190753026397,-2.0355420019646098,2.180727332807763,1.9592035165656705,1.114516694232803
1.3860000000000001,-1.9763121159429158,1.2397190753026397,-2.0355420019646098,2.180727332807763,1.9592035165656705,1.114516694232803
1.3880000000000001,-1.9763121159429158,1.2397190753026397,-2.0355420019646098,2.180727332807763,1.9592035165656705,1.114516694232803
1.3900000000000001,-1.9763121159429158,1.2397190753026397,-2.0355420019646098,2.180727332807763,1.9592035165656705,1.114516694232803
1.3920000000000001,-1.9763121159429158,1.2397190753026397,-2.0355420019646098,2.180727332807763,1.9592035165656705,1.114516694232803
1.3940000000000001,-1.9763121159429158,1.2397190753026397,-2.0355420019646098,2.180727332807763,1.9592035165656705,1.114516694232803
1.3960000000000001,-1.9763121159429158,1.2397190753026397,-2.0355420019646098,2.180727332807763,1.9592035165656705,1.114516694232803
1.3980000000000001,-1.9763121159429158,1.2397190753026397,-2.0355420019646098,2.180727332807763,1.9592035165656705,1.114516694232803
1.4000000000000001,-1.9763121159429158,1.2397190753026397,-2.0355420019646098,2.180727332807763,1.9592035165656705,1.114516694232803
1.4020000000000001,-1.9763121159429158,1.2397190753026397,-2.0355420019646098,2.180727332807763,1.9592035165656705,1.114516694232803
1.4040000000000001,-1.9763121159429158,1.2397190753026397,-2.0355420019646098,2.180727332807763,1.9592035165656705,1.114516694232803
1.4060000000000001,-1.9763121159429158,1.2397190753026397,-2.0355420019646098,2.180727332807763,1.9592035165656705,1.114516694232803
1.408,-1.9763121159429158,1.2397190753026397,-2.0355420019646098,2.180727332807763,1.9592035165656705,1.114516694232803
1.41,-1.9763121159429158,1.2397190753026397,-2.0355420019646098,2.180727332807763,1.9592035165656705,1.114516694232803
1.412,-1.9763121159429158,1.2397190753026397,-2.0355420019646098,2.180727332807763,1.9592035165656705,1.114516694232803
1.414,-1.9763121159429158,1.2397190753026397,-2.0355420019646098,2.180727332807763,1.9592035165656705,1.114516694232803
1.416,-1.9763121159429158,1.2397190753026397,-2.0355420019646098,2.180727332807763,1.9592035165656705,1.114516694232803
1.418,-1.9763121159429158,1.2397190753026397,-2.0355420019646098,2.180727332807763,1.9592035165656705,1.114516694232803
1.42,-1.9763121159429158,1.2397190753026397,-2.0355420019646098,2.180727332807763,1.9592035165656705,1.114516694232803
1.422,-1.9763121159429158,1.2397190753026397,-2.0355420019646098,2.180727332807763,1.9592035165656705,1.114516694232803
1.424,-1.9763121159429158,1.2397190753026397,-2.0355420019646098,2.180727332807763,1.9592035165656705,1.114516694232803
1.426,-1.9763121159429158,1.2397190753026397,-2.0355420019646098,2.180727332807763,1.9592035165656705,1.114516694232803
1.428,-1.9763121159429158,1.2397190753026397,-2.0355420019646098,2.180727332807763,1.9592035165656705,1.114516694232803
1.43,-1.9763121159429158,1.2397190753026397,-2.0355420019646098,2.180727332807763,1.9592035165656705,1.114516694232803
1.432,-1.9763121159429158,1.2397190753026397,-2.0355420019646098,2.180727332807763,1.9592035165656705,1.114516694232803
1.434,-1.9763121159429158,1.2397190753026397,-2.0355420019646098,2.180727332807763,1.9592035165656705,1.114516694232803
1.436,-1.9763121159429158,1.2397190753026397,-2.0355420019646098,2.180727332807763,1.9592035165656705,1.114516694232803
1.438,-1.9763121159429158,1.2397190753026397,-2.0355420019646098,2.180727332807763,1.9592035165656705,1.114516694232803
1.44,-1.9763121159429158,1.2397190753026397,-2.0355420019646098,2.180727332807763,1.9592035165656705,1.114516694232803
1.442,-1.9763121159429158,1.2397190753026397,-2.0355420019646098,2.180727332807763,1.9592035165656705,1.114516694232803
1.444,-1.9763121159429158,1.2397190753026397,-2.0355420019646098,2.180727332807763,1.9592035165656705,1.114516694232803
1.446,-1.9763121159429158,1.2397190753026397,-2.0355420019646098,2.180727332807763,1.9592035165656705,1.114516694232803
1.448,-1.9763121159429158,1.2397190753026397,-2.0355420019646098,2.180727332807763,1.9592035165656705,1.114516694232803
1.45,-1.9763121159429158,1.2397190753026397,-2.0355420019646098,2.180727332807763,1.9592035165656705,1.114516694232803
1.452,-1.9763121159429158,1.2397190753026397,-2.0355420019646098,2.180727332807763,1.9592035165656705,1.114516694232803
1.454,-1.9763121159429158,1.2397190753026397,-2.0355420019646098,2.180727332807763,1.9592035165656705,1.114516694232803
1.456,-1.9763121159429158,1.2397190753026397,-2.0355420019646098,2.180727332807763,1.9592035165656705,1.114516694232803
1.458,-1.9763121159429158,1.2397190753026397,-2.0355420019646098,2.180727332807763,1.9592035165656705,1.114516694232803
1.46,-1.9763121159429158,1.2397190753026397,-2.0355420019646098,2.180727332807763,1.9592035165656705,1.114516694232803
1.462,-1.9763121159429158,1.2397190753026397,-2.0355420019646098,2.180727332807763,1.9592035165656705,1.114516694232803
1.464,-1.9763121159429158,1.2397190753026397,-2.0355420019646098,2.180727332807763,1.9592035165656705,1.114516694232803
1.466,-1.9763121159429158,1.2397190753026397,-2.0355420019646098,2.180727332807763,1.9592035165656705,1.114516694232803
1.468,-1.9763121159429158,1.2397190753026397,-2.0355420019646098,2.180727332807763,1.9592035165656705,1.114516694232803
1.47,-1.9763121159429158,1.2397190753026397,-2.0355420019646098,2.180727332807763,1.9592035165656705,1.114516694232803
1.472,-1.9763121159429158,1.2397190753026397,-2.0355420019646098,2.180727332807763,1.9592035165656705,1.114516694232803
1.474,-1.9763121159429158,1.2397190753026397,-2.0355420019646098,2.180727332807763,1.9592035165656705,1.114516694232803
1.476,-1.9763121159429158,1.2397190753026397,-2.0355420019646098,2.180727332807763,1.9592035165656705,1.114516694232803
1.478,-1.9763121159429158,1.2397190753026397,-2.0355420019646098,2.180727332807763,1.9592035165656705,1.114516694232803
1.48,-1.9763121159429158,1.2397190753026397,-2.0355420019646098,2.180727332807763,1.9592035165656705,1.114516694232803
1.482,-1.9763121159429158,1.2397190753026397,-2.0355420019646098,2.180727332807763,1.9592035165656705,1.114516694232803
1.484,-1.9763121159429158,1.2397190753026397,-2.0355420019646098,2.180727332807763,1.9592035165656705,1.114516694232803
1.486,-1.9763121159429158,1.2397190753026397,-2.0355420019646098,2.180727332807763,1.9592035165656705,1.114516694232803
1.488,-1.9763121159429158,1.2397190753026397,-2.0355420019646098,2.180727332807763,1.9592035165656705,1.114516694232803
1.49,-1.9763121159429158,1.2397190753026397,-2.0355420019646098,2.180727332807763,1.9592035165656705,1.114516694232803
1.492,-1.9763121159429158,1.2397190753026397,-2.0355420019646098,2.180727332807763,1.9592035165656705,1.114516694232803
1.494,-1.9763121159429158,1.2397190753026397,-2.0355420019646098,2.180727332807763,1.9592035165656705,1.114516694232803
1.496,-1.9763121159429158,1.2397190753026397,-2.0355420019646098,2.180727332807763,1.9592035165656705,1.114516694232803
1.498,-1.9763121159429158,1.2397190753026397,-2.0355420019646098,2.180727332807763,1.9592035165656705,1.114516694232803
1.5,-1.9763121159429158,1.2397190753026397,-2.0355420019646098,2.180727332807763,1.9592035165656705,1.114516694232803
1.502,-1.9763121159429158,1.2397190753026397,-2.0355420019646098,2.180727332807763,1.9592035165656705,1.114516694232803
1.504,-1.9763121159429158,1.2397190753026397,-2.0355420019646098,2.180727332807763,1.9592035165656705,1.114516694232803
1.506,-1.9763121159429158,1.2397190753026397,-2.0355420019646098,2.180727332807763,1.9592035165656705,1.114516694232803
1.508,-1.9763121159429158,1.2397190753026397,-2.0355420019646098,2.180727332807763,1.9592035165656705,1.114516694232803
1.51,-1.9763121159429158,1.2397190753026397,-2.0355420019646098,2.180727332807763,1.9592035165656705,1.114516694232803
1.512,-1.9763121159429158,1.2397190753026397,-2.0355420019646098,2.180727332807763,1.9592035165656705,1.114516694232803
1.514,-1.9763121159429158,1.2397190753026397,-2.0355420019646098,2.180727332807763,1.9592035165656705,1.114516694232803
1.516,-1.9763121159429158,1.2397190753026397,-2.0355420019646098,2.180727332807763,1.9592035165656705,1.114516694232803
1.518,-1.9763121159429158,1.2397190753026397,-2.0355420019646098,2.180727332807763,1.9592035165656705,1.114516694232803
1.52,-1.9763121159429158,1.2397190753026397,-2.0355420019646098,2.180727332807763,1.9592035165656705,1.114516694232803
1.522,-1.9763121159429158,1.2397190753026397,-2.0355420019646098,2.180727332807763,1.9592035165656705,1.114516694232803
1.524,-1.9763121159429158,1.2397190753026397,-2.0355420019646098,2.180727332807763,1.9592035165656705,1.114516694232803
1.526,-1.9763121159429158,1.2397190753026397,-2.0355420019646098,2.180727332807763,1.9592035165656705,1.114516694232803
1.528,-1.9763121159429158,1.2397190753026397,-2.0355420019646098,2.180727332807763,1.9592035165656705,1.114516694232803
1.53,-1.9763121159429158,1.2397190753026397,-2.0355420019646098,2.180727332807763,1.9592035165656705,1.114516694232803
1.532,-1.9763121159429158,1.2397190753026397,-2.0355420019646098,2.180727332807763,1.9592035165656705,1.114516694232803
1.534,-1.9763121159429158,1.2397190753026397,-2.0355420019646098,2.180727332807763,1.9592035165656705,1.114516694232803
1.536,-1.9763121159429158,1.2397190753026397,-2.0355420019646098,2.180727332807763,1.9592035165656705,1.114516694232803
1.538,-1.9763121159429158,1.2397190753026397,-2.0355420019646098,2.180727332807763,1.9592035165656705,1.114516694232803
1.54,-1.9763121159429158,1.2397190753026397,-2.0355420019646098,2.180727332807763,1.9592035165656705,1.114516694232803
1.542,-1.9763121159429158,1.2397190753026397,-2.0355420019646098,2.180727332807763,1.9592035165656705,1.114516694232803
1.544,-1.9763121159429158,1.2397190753026397,-2.0355420019646098,2.180727332807763,1.9592035165656705,1.114516694232803
1.546,-1.9763121159429158,1.2397190753026397,-2.0355420019646098,2.180727332807763,1.9592035165656705,1.114516694232803
1.548,-1.9763121159429158,1.2397190753026397,-2.0355420019646098,2.180727332807763,1.9592035165656705,1.114516694232803
1.55,-1.9763121159429158,1.2397190753026397,-2.0355420019646098,2.180727332807763,1.9592035165656705,1.114516694232803
1.552,-1.9763121159429158,1.2397190753026397,-2.0355420019646098,2.180727332807763,1.9592035165656705,1.114516694232803
1.554,-1.9763121159429158,1.2397190753026397,-2.0355420019646098,2.180727332807763,1.9592035165656705,1.114516694232803
1.556,-1.9763121159429158,1.2397190753026397,-2.0355420019646098,2.180727332807763,1.9592035165656705,1.114516694232803
1.558,-1.9763121159429158,1.2397190753026397,-2.0355420019646098,2.180727332807763,1.9592035165656705,1.114516694232803
1.56,-1.9763121159429158,1.2397190753026397,-2.0355420019646098,2.180727332807763,1.9592035165656705,1.114516694232803
1.562,-1.9763121159429158,1.2397190753026397,-2.0355420019646098,2.180727332807763,1.9592035165656705,1.114516694232803
1.564,-1.9763121159429158,1.2397190753026397,-2.0355420019646098,2.180727332807763,1.9592035165656705,1.114516694232803
1.566,-1.9763121159429158,1.2397190753026397,-2.0355420019646098,2.180727332807763,1.9592035165656705,1.114516694232803
1.568,-1.9763121159429158,1.2397190753026397,-2.0355420019646098,2.180727332807763,1.9592035165656705,1.114516694232803
1.57,-1.9763121159429158,1.2397190753026397,-2.0355420019646098,2.180727332807763,1.9592035165656705,1.114516694232803
1.572,-1.9763121159429158,1.2397190753026397,-2.0355420019646098,2.180727332807763,1.9592035165656705,1.114516694232803
1.574,-1.9763121159429158,1.2397190753026397,-2.0355420019646098,2.180727332807763,1.9592035165656705,1.114516694232803
1.576,-1.9763121159429158,1.2397190753026397,-2.0355420019646098,2.180727332807763,1.9592035165656705,1.114516694232803
1.578,-1.9763121159429158,1.2397190753026397,-2.0355420019646098,2.180727332807763,1.9592035165656705,1.114516694232803
1.58,-1.9763121159429158,1.2397190753026397,-2.0355420019646098,2.180727332807763,1.9592035165656705,1.114516694232803
1.582,-1.9763121159429158,1.2397190753026397,-2.0355420019646098,2.180727332807763,1.9592035165656705,1.114516694232803
1.584,-1.9763121159429158,1.2397190753026397,-2.0355420019646098,2.180727332807763,1.9592035165656705,1.114516694232803
1.586,-1.9763121159429158,1.2397190753026397,-2.0355420019646098,2.180727332807763,1.9592035165656705,1.114516694232803
1.588,-1.9763121159429158,1.2397190753026397,-2.0355420019646098,2.180727332807763,1.9592035165656705,1.114516694232803
1.59,-1.9763121159429158,1.2397190753026397,-2.0355420019646098,2.180727332807763,1.9592035165656705,1.114516694232803
1.592,-1.9763121159429158,1.2397190753026397,-2.0355420019646098,2.180727332807763,1.9592035165656705,1.114516694232803
1.594,-1.9763121159429158,1.2397190753026397,-2.0355420019646098,2.180727332807763,1.9592035165656705,1.114516694232803
1.596,-1.9763121159429158,1.2397190753026397,-2.0355420019646098,2.180727332807763,1.9592035165656705,1.114516694232803
1.598,-1.9763121159429158,1.2397190753026397,-2.0355420019646098,2.180727332807763,1.9592035165656705,1.114516694232803
1.6,-1.9763121159429158,1.2397190753026397,-2.0355420019646098,2.180727332807763,1.9592035165656705,1.114516694232803
1.602,-1.9763121159429158,1.2397190753026397,-2.0355420019646098,2.180727332807763,1.9592035165656705,1.114516694232803
1.604,-1.9763121159429158,1.2397190753026397,-2.0355420019646098,2.180727332807763,1.9592035165656705,1.114516694232803
1.606,-1.9763121159429158,1.2397190753026397,-2.0355420019646098,2.180727332807763,1.9592035165656705,1.114516694232803
1.608,-1.9763121159429158,1.2397190753026397,-2.0355420019646098,2.180727332807763,1.9592035165656705,1.114516694232803
1.61,-1.9763121159429158,1.2397190753026397,-2.0355420019646098,2.180727332807763,1.9592035165656705,1.114516694232803
1.612,-1.9763121159429158,1.2397190753026397,-2.0355420019646098,2.180727332807763,1.9592035165656705,1.114516694232803
1.614,-1.9763121159429158,1.2397190753026397,-2.0355420019646098,2.180727332807763,1.9592035165656705,1.114516694232803
1.616,-1.9763121159429158,1.2397190753026397,-2.0355420019646098,2.180727332807763,1.9592035165656705,1.114516694232803
1.618,-1.9763121159429158,1.2397190753026397,-2.0355420019646098,2.180727332807763,1.9592035165656705,1.114516694232803
1.62,-1.9763121159429158,1.2397190753026397,-2.0355420019646098,2.180727332807763,1.9592035165656705,1.114516694232803
1.622,-1.9763121159429158,1.2397190753026397,-2.0355420019646098,2.180727332807763,1.9592035165656705,1.114516694232803
1.624,-1.9763121159429158,1.2397190753026397,-2.0355420019646098,2.180727332807763,1.9592035165656705,1.114516694232803
1.6260000000000001,-1.9763121159429158,1.2397190753026397,-2.0355420019646098,2.180727332807763,1.9592035165656705,1.114516694232803
1.6280000000000001,-1.9763121159429158,1.2397190753026397,-2.0355420019646098,2.180727332807763,1.9592035165656705,1.114516694232803
1.6300000000000001,-1.9763121159429158,1.2397190753026397,-2.0355420019646098,2.180727332807763,1.9592035165656705,1.114516694232803
1.6320000000000001,-1.9763121159429158,1.2397190753026397,-2.0355420019646098,2.180727332807763,1.9592035165656705,1.114516694232803
1.6340000000000001,-1.9763121159429158,1.2397190753026397,-2.0355420019646098,2.180727332807763,1.9592035165656705,1.114516694232803
1.6360000000000001,-1.9763121159429158,1.2397190753026397,-2.0355420019646098,2.180727332807763,1.9592035165656705,1.114516694232803
1.6380000000000001,-1.9763121159429158,1.2397190753026397,-2.0355420019646098,2.180727332807763,1.9592035165656705,1.114516694232803
1.6400000000000001,-1.9763121159429158,1.2397190753026397,-2.0355420019646098,2.180727332807763,1.9592035165656705,1.114516694232803
1.6420000000000001,-1.9763121159429158,1.2397190753026397,-2.0355420019646098,2.180727332807763,1.9592035165656705,1.114516694232803
1.6440000000000001,-1.9763121159429158,1.2397190753026397,-2.0355420019646098,2.180727332807763,1.9592035165656705,1.114516694232803
1.6460000000000001,-1.9763121159429158,1.2397190753026397,-2.0355420019646098,2.180727332807763,1.9592035165656705,1.114516694232803
1.6480000000000001,-1.9763121159429158,1.2397190753026397,-2.0355420019646098,2.180727332807763,1.9592035165656705,1.114516694232803
1.6500000000000001,-1.9763121159429158,1.2397190753026397,-2.0355420019646098,2.180727332807763,1.9592035165656705,1.114516694232803
1.6520000000000001,-1.9763121159429158,1.2397190753026397,-2.0355420019646098,2.180727332807763,1.9592035165656705,1.114516694232803
1.6540000000000001,-1.9763121159429158,1.2397190753026397,-2.0355420019646098,2.180727332807763,1.9592035165656705,1.114516694232803
1.6560000000000001,-1.9763121159429158,1.2397190753026397,-2.0355420019646098,2.180727332807763,1.9592035165656705,1.114516694232803
1.6580000000000001,-1.9763121159429158,1.2397190753026397,-2.0355420019646098,2.180727332807763,1.9592035165656705,1.114516694232803
1.6600000000000001,-1.9763121159429158,1.2397190753026397,-2.0355420019646098,2.180727332807763,1.9592035165656705,1.114516694232803
1.6620000000000001,-1.9763121159429158,1.2397190753026397,-2.0355420019646098,2.180727332807763,1.9592035165656705,1.114516694232803
1.6640000000000001,-1.9763121159429158,1.2397190753026397,-2.0355420019646098,2.180727332807763,1.9592035165656705,1.114516694232803
1.666,-1.9763121159429158,1.2397190753026397,-2.0355420019646098,2.180727332807763,1.9592035165656705,1.114516694232803
1.668,-1.9763121159429158,1.2397190753026397,-2.0355420019646098,2.180727332807763,1.9592035165656705,1.114516694232803
1.67,-1.9763121159429158,1.2397190753026397,-2.0355420019646098,2.180727332807763,1.9592035165656705,1.114516694232803
1.672,-1.9763121159429158,1.2397190753026397,-2.0355420019646098,2.180727332807763,1.9592035165656705,1.114516694232803
1.674,-1.9763121159429158,1.2397190753026397,-2.0355420019646098,2.180727332807763,1.9592035165656705,1.114516694232803
1.676,-1.9763121159429158,1.2397190753026397,-2.0355420019646098,2.180727332807763,1.9592035165656705,1.114516694232803
1.678,-1.9763121159429158,1.2397190753026397,-2.0355420019646098,2.180727332807763,1.9592035165656705,1.114516694232803
1.68,-1.9763121159429158,1.2397190753026397,-2.0355420019646098,2.180727332807763,1.9592035165656705,1.114516694232803
1.682,-1.9763121159429158,1.2397190753026397,-2.0355420019646098,2.180727332807763,1.9592035165656705,1.114516694232803
1.684,-1.9763121159429158,1.2397190753026397,-2.0355420019646098,2.180727332807763,1.9592035165656705,1.114516694232803
1.686,-1.9763121159429158,1.2397190753026397,-2.0355420019646098,2.180727332807763,1.9592035165656705,1.114516694232803
1.688,-1.9763121159429158,1.2397190753026397,-2.0355420019646098,2.180727332807763,1.9592035165656705,1.114516694232803
1.69,-1.9763121159429158,1.2397190753026397,-2.0355420019646098,2.180727332807763,1.9592035165656705,1.114516694232803
1.692,-1.9763121159429158,1.2397190753026397,-2.0355420019646098,2.180727332807763,1.9592035165656705,1.114516694232803
1.694,-1.9763121159429158,1.2397190753026397,-2.0355420019646098,2.180727332807763,1.9592035165656705,1.114516694232803
1.696,-1.9763121159429158,1.2397190753026397,-2.0355420019646098,2.180727332807763,1.9592035165656705,1.114516694232803
1.698,-1.9763121159429158,1.2397190753026397,-2.0355420019646098,2.180727332807763,1.9592035165656705,1.114516694232803
1.7,-1.9763121159429158,1.2397190753026397,-2.0355420019646098,2.180727332807763,1.9592035165656705,1.114516694232803
1.702,-1.9763121159429158,1.2397190753026397,-2.0355420019646098,2.180727332807763,1.9592035165656705,1.114516694232803
1.704,-1.9763121159429158,1.2397190753026397,-2.0355420019646098,2.180727332807763,1.9592035165656705,1.114516694232803
1.706,-1.9763121159429158,1.2397190753026397,-2.0355420019646098,2.180727332807763,1.9592035165656705,1.114516694232803
1.708,-1.9763121159429158,1.2397190753026397,-2.0355420019646098,2.180727332807763,1.9592035165656705,1.114516694232803
1.71,-1.9763121159429158,1.2397190753026397,-2.0355420019646098,2.180727332807763,1.9592035165656705,1.114516694232803
1.712,-1.9763121159429158,1.2397190753026397,-2.0355420019646098,2.180727332807763,1.9592035165656705,1.114516694232803
1.714,-1.9763121159429158,1.2397190753026397,-2.0355420019646098,2.180727332807763,1.9592035165656705,1.114516694232803
1.716,-1.9763121159429158,1.2397190753026397,-2.0355420019646098,2.180727332807763,1.9592035165656705,1.114516694232803
1.718,-1.9763121159429158,1.2397190753026397,-2.0355420019646098,2.180727332807763,1.9592035165656705,1.114516694232803
1.72,-1.9763121159429158,1.2397190753026397,-2.0355420019646098,2.180727332807763,1.9592035165656705,1.114516694232803
1.722,-1.9763121159429158,1.2397190753026397,-2.0355420019646098,2.180727332807763,1.9592035165656705,1.114516694232803
1.724,-1.9763121159429158,1.2397190753026397,-2.0355420019646098,2.180727332807763,1.9592035165656705,1.114516694232803
1.726,-1.9763121159429158,1.2397190753026397,-2.0355420019646098,2.180727332807763,1.9592035165656705,1.114516694232803
1.728,-1.9763121159429158,1.2397190753026397,-2.0355420019646098,2.180727332807763,1.9592035165656705,1.114516694232803
1.73,-1.9763121159429158,1.2397190753026397,-2.0355420019646098,2.180727332807763,1.9592035165656705,1.114516694232803
1.732,-1.9763121159429158,1.2397190753026397,-2.0355420019646098,2.180727332807763,1.9592035165656705,1.114516694232803
1.734,-1.9763121159429158,1.2397190753026397,-2.0355420019646098,2.180727332807763,1.9592035165656705,1.114516694232803
1.736,-1.9763121159429158,1.2397190753026397,-2.0355420019646098,2.180727332807763,1.9592035165656705,1.114516694232803
1.738,-1.9763121159429158,1.2397190753026397,-2.0355420019646098,2.180727332807763,1.9592035165656705,1.114516694232803
1.74,-1.9763121159429158,1.2397190753026397,-2.0355420019646098,2.180727332807763,1.9592035165656705,1.114516694232803
1.742,-1.9763121159429158,1.2397190753026397,-2.0355420019646098,2.180727332807763,1.9592035165656705,1.114516694232803
1.744,-1.9763121159429158,1.2397190753026397,-2.0355420019646098,2.180727332807763,1.9592035165656705,1.114516694232803
1.746,-1.9763121159429158,1.2397190753026397,-2.0355420019646098,2.180727332807763,1.9592035165656705,1.114516694232803
1.748,-1.9763121159429158,1.2397190753026397,-2.0355420019646098,2.180727332807763,1.9592035165656705,1.114516694232803
1.75,-1.9763121159429158,1.2397190753026397,-2.0355420019646098,2.180727332807763,1.9592035165656705,1.114516694232803
1.752,-1.9763121159429158,1.2397190753026397,-2.0355420019646098,2.180727332807763,1.9592035165656705,1.114516694232803
1.754,-1.9763121159429158,1.2397190753026397,-2.0355420019646098,2.180727332807763,1.9592035165656705,1.114516694232803
1.756,-1.9763121159429158,1.2397190753026397,-2.0355420019646098,2.180727332807763,1.9592035165656705,1.114516694232803
1.758,-1.9763121159429158,1.2397190753026397,-2.0355420019646098,2.180727332807763,1.9592035165656705,1.114516694232803
1.76,-1.9763121159429158,1.2397190753026397,-2.0355420019646098,2.180727332807763,1.9592035165656705,1.114516694232803
1.762,-1.9763121159429158,1.2397190753026397,-2.0355420019646098,2.180727332807763,1.9592035165656705,1.114516694232803
1.764,-1.9763121159429158,1.2397190753026397,-2.0355420019646098,2.180727332807763,1.9592035165656705,1.114516694232803
1.766,-1.9763121159429158,1.2397190753026397,-2.0355420019646098,2.180727332807763,1.9592035165656705,1.114516694232803
1.768,-1.9763121159429158,1.2397190753026397,-2.0355420019646098,2.180727332807763,1.9592035165656705,1.114516694232803
1.77,-1.9763121159429158,1.2397190753026397,-2.0355420019646098,2.180727332807763,1.9592035165656705,1.114516694232803
1.772,-1.9763121159429158,1.2397190753026397,-2.0355420019646098,2.180727332807763,1.9592035165656705,1.114516694232803
1.774,-1.9763121159429158,1.2397190753026397,-2.0355420019646098,2.180727332807763,1.9592035165656705,1.114516694232803
1.776,-1.9763121159429158,1.2397190753026397,-2.0355420019646098,2.180727332807763,1.9592035165656705,1.114516694232803
1.778,-1.9763121159429158,1.2397190753026397,-2.0355420019646098,2.180727332807763,1.9592035165656705,1.114516694232803
1.78,-1.9763121159429158,1.2397190753026397,-2.0355420019646098,2.180727332807763,1.9592035165656705,1.114516694232803
1.782,-1.9763121159429158,1.2397190753026397,-2.0355420019646098,2.180727332807763,1.9592035165656705,1.114516694232803
1.784,-1.9763121159429158,1.2397190753026397,-2.0355420019646098,2.180727332807763,1.9592035165656705,1.114516694232803
1.786,-1.9763121159429158,1.2397190753026397,-2.0355420019646098,2.180727332807763,1.9592035165656705,1.114516694232803
1.788,-1.9763121159429158,1.2397190753026397,-2.0355420019646098,2.180727332807763,1.9592035165656705,1.114516694232803
1.79,-1.9763121159429158,1.2397190753026397,-2.0355420019646098,2.180727332807763,1.9592035165656705,1.114516694232803
1.792,-1.9763121159429158,1.2397190753026397,-2.0355420019646098,2.180727332807763,1.9592035165656705,1.114516694232803
1.794,-1.9763121159429158,1.2397190753026397,-2.0355420019646098,2.180727332807763,1.9592035165656705,1.114516694232803
1.796,-1.9763121159429158,1.2397190753026397,-2.0355420019646098,2.180727332807763,1.9592035165656705,1.114516694232803
1.798,-1.9763121159429158,1.2397190753026397,-2.0355420019646098,2.180727332807763,1.9592035165656705,1.114516694232803
1.8,-1.9763121159429158,1.2397190753026397,-2.0355420019646098,2.180727332807763,1.9592035165656705,1.114516694232803
1.802,-1.9763121159429158,1.2397190753026397,-2.0355420019646098,2.180727332807763,1.9592035165656705,1.114516694232803
1.804,-1.9763121159429158,1.2397190753026397,-2.0355420019646098,2.180727332807763,1.9592035165656705,1.114516694232803
1.806,-1.9763121159429158,1.2397190753026397,-2.0355420019646098,2.180727332807763,1.9592035165656705,1.114516694232803
1.808,-1.9763121159429158,1.2397190753026397,-2.0355420019646098,2.180727332807763,1.9592035165656705,1.114516694232803
1.81,-1.9763121159429158,1.2397190753026397,-2.0355420019646098,2.180727332807763,1.9592035165656705,1.114516694232803
1.812,-1.9763121159429158,1.2397190753026397,-2.0355420019646098,2.180727332807763,1.9592035165656705,1.114516694232803
1.814,-1.9763121159429158,1.2397190753026397,-2.0355420019646098,2.180727332807763,1.9592035165656705,1.114516694232803
1.816,-1.9763121159429158,1.2397190753026397,-2.0355420019646098,2.180727332807763,1.9592035165656705,1.114516694232803
1.818,-1.9763121159429158,1.2397190753026397,-2.0355420019646098,2.180727332807763,1.9592035165656705,1.114516694232803
1.82,-1.9763121159429158,1.2397190753026397,-2.0355420019646098,2.180727332807763,1.9592035165656705,1.114516694232803
1.822,-1.9763121159429158,1.2397190753026397,-2.0355420019646098,2.180727332807763,1.9592035165656705,1.114516694232803
1.824,-1.897608164681938,1.2224285023820773,-2.0484528050033313,2.2521361956802286,1.884094129897961,1.2274262649465768
1.826,-1.897608164681938,1.2224285023820773,-2.0484528050033313,2.2521361956802286,1.884094129897961,1.2274262649465768
1.828,-1.897608164681938,1.2224285023820773,-2.0484528050033313,2.2521361956802286,1.884094129897961,1.2274262649465768
1.83,-1.897608164681938,1.2224285023820773,-2.0484528050033313,2.2521361956802286,1.884094129897961,1.2274262649465768
1.832,-1.897608164681938,1.2224285023820773,-2.0484528050033313,2.2521361956802286,1.884094129897961,1.2274262649465768
1.834,-1.897608164681938,1.2224285023820773,-2.0484528050033313,2.2521361956802286,1.884094129897961,1.2274262649465768
1.836,-1.897608164681938,1.2224285023820773,-2.0484528050033313,2.2521361956802286,1.884094129897961,1.2274262649465768
1.838,-1.897608164681938,1.2224285023820773,-2.0484528050033313,2.2521361956802286,1.884094129897961,1.2274262649465768
1.84,-1.897608164681938,1.2224285023820773,-2.0484528050033313,2.2521361956802286,1.884094129897961,1.2274262649465768
1.842,-1.897608164681938,1.2224285023820773,-2.0484528050033313,2.2521361956802286,1.884094129897961,1.2274262649465768
1.844,-1.897608164681938,1.2224285023820773,-2.0484528050033313,2.2521361956802286,1.884094129897961,1.2274262649465768
1.846,-1.897608164681938,1.2224285023820773,-2.0484528050033313,2.2521361956802286,1.884094129897961,1.2274262649465768
1.848,-1.897608164681938,1.2224285023820773,-2.0484528050033313,2.2521361956802286,1.884094129897961,1.2274262649465768
1.85,-1.897608164681938,1.2224285023820773,-2.0484528050033313,2.2521361956802286,1.884094129897961,1.2274262649465768
1.852,-1.897608164681938,1.2224285023820773,-2.0484528050033313,2.2521361956802286,1.884094129897961,1.2274262649465768
1.854,-1.897608164681938,1.2224285023820773,-2.0484528050033313,2.2521361956802286,1.884094129897961,1.2274262649465768
1.856,-1.897608164681938,1.2224285023820773,-2.0484528050033313,2.2521361956802286,1.884094129897961,1.2274262649465768
1.858,-1.897608164681938,1.2224285023820773,-2.0484528050033313,2.2521361956802286,1.884094129897961,1.2274262649465768
1.86,-1.897608164681938,1.2224285023820773,-2.0484528050033313,2.2521361956802286,1.884094129897961,1.2274262649465768
1.862,-1.897608164681938,1.2224285023820773,-2.0484528050033313,2.2521361956802286,1.884094129897961,1.2274262649465768
1.864,-1.897608164681938,1.2224285023820773,-2.0484528050033313,2.2521361956802286,1.884094129897961,1.2274262649465768
1.866,-1.897608164681938,1.2224285023820773,-2.0484528050033313,2.2521361956802286,1.884094129897961,1.2274262649465768
1.868,-1.897608164681938,1.2224285023820773,-2.0484528050033313,2.2521361956802286,1.884094129897961,1.2274262649465768
1.87,-1.897608164681938,1.2224285023820773,-2.0484528050033313,2.2521361956802286,1.884094129897961,1.2274262649465768
1.872,-1.897608164681938,1.2224285023820773,-2.0484528050033313,2.2521361956802286,1.884094129897961,1.2274262649465768
1.874,-1.897608164681938,1.2224285023820773,-2.0484528050033313,2.2521361956802286,1.884094129897961,1.2274262649465768
1.8760000000000001,-1.897608164681938,1.2224285023820773,-2.0484528050033313,2.2521361956802286,1.884094129897961,1.2274262649465768
1.8780000000000001,-1.897608164681938,1.2224285023820773,-2.0484528050033313,2.2521361956802286,1.884094129897961,1.2274262649465768
1.8800000000000001,-1.897608164681938,1.2224285023820773,-2.0484528050033313,2.2521361956802286,1.884094129897961,1.2274262649465768
1.8820000000000001,-1.897608164681938,1.2224285023820773,-2.0484528050033313,2.2521361956802286,1.884094129897961,1.2274262649465768
1.8840000000000001,-1.897608164681938,1.2224285023820773,-2.0484528050033313,2.2521361956802286,1.884094129897961,1.2274262649465768
1.8860000000000001,-1.897608164681938,1.2224285023820773,-2.0484528050033313,2.2521361956802286,1.884094129897961,1.2274262649465768
1.8880000000000001,-1.897608164681938,1.2224285023820773,-2.0484528050033313,2.2521361956802286,1.884094129897961,1.2274262649465768
1.8900000000000001,-1.897608164681938,1.2224285023820773,-2.0484528050033313,2.2521361956802286,1.884094129897961,1.2274262649465768
1.8920000000000001,-1.897608164681938,1.2224285023820773,-2.0484528050033313,2.2521361956802286,1.884094129897961,1.2274262649465768
1.8940000000000001,-1.897608164681938,1.2224285023820773,-2.0484528050033313,2.2521361956802286,1.884094129897961,1.2274262649465768
1.8960000000000001,-1.897608164681938,1.2224285023820773,-2.0484528050033313,2.2521361956802286,1.884094129897961,1.2274262649465768
1.8980000000000001,-1.897608164681938,1.2224285023820773,-2.0484528050033313,2.2521361956802286,1.884094129897961,1.2274262649465768
1.9000000000000001,-1.897608164681938,1.2224285023820773,-2.0484528050033313,2.2521361956802286,1.884094129897961,1.2274262649465768
1.9020000000000001,-1.897608164681938,1.2224285023820773,-2.0484528050033313,2.2521361956802286,1.884094129897961,1.2274262649465768
1.9040000000000001,-1.897608164681938,1.2224285023820773,-2.0484528050033313,2.2521361956802286,1.884094129897961,1.2274262649465768
1.9060000000000001,-1.897608164681938,1.2224285023820773,-2.0484528050033313,2.2521361956802286,1.884094129897961,1.2274262649465768
1.9080000000000001,-1.897608164681938,1.2224285023820773,-2.0484528050033313,2.2521361956802286,1.884094129897961,1.2274262649465768
1.9100000000000001,-1.897608164681938,1.2224285023820773,-2.0484528050033313,2.2521361956802286,1.884094129897961,1.2274262649465768
1.9120000000000001,-1.897608164681938,1.2224285023820773,-2.0484528050033313,2.2521361956802286,1.884094129897961,1.2274262649465768
1.9140000000000001,-1.897608164681938,1.2224285023820773,-2.0484528050033313,2.2521361956802286,1.884094129897961,1.2274262649465768
1.9160000000000001,-1.897608164681938,1.2224285023820773,-2.0484528050033313,2.2521361956802286,1.884094129897961,1.2274262649465768
1.9180000000000001,-1.897608164681938,1.2224285023820773,-2.0484528050033313,2.2521361956802286,1.884094129897961,1.2274262649465768
1.92,-1.897608164681938,1.2224285023820773,-2.0484528050033313,2.2521361956802286,1.884094129897961,1.2274262649465768
1.922,-1.897608164681938,1.2224285023820773,-2.0484528050033313,2.2521361956802286,1.884094129897961,1.2274262649465768
1.924,-1.897608164681938,1.2224285023820773,-2.0484528050033313,2.2521361956802286,1.884094129897961,1.2274262649465768
1.926,-1.897608164681938,1.2224285023820773,-2.0484528050033313,2.2521361956802286,1.884094129897961,1.2274262649465768
1.928,-1.897608164681938,1.2224285023820773,-2.0484528050033313,2.2521361956802286,1.884094129897961,1.2274262649465768
1.93,-1.897608164681938,1.2224285023820773,-2.0484528050033313,2.2521361956802286,1.884094129897961,1.2274262649465768
1.932,-1.897608164681938,1.2224285023820773,-2.0484528050033313,2.2521361956802286,1.884094129897961,1.2274262649465768
1.934,-1.897608164681938,1.2224285023820773,-2.0484528050033313,2.2521361956802286,1.884094129897961,1.2274262649465768
1.936,-1.897608164681938,1.2224285023820773,-2.0484528050033313,2.2521361956802286,1.884094129897961,1.2274262649465768
1.938,-1.897608164681938,1.2224285023820773,-2.0484528050033313,2.2521361956802286,1.884094129897961,1.2274262649465768
1.94,-1.897608164681938,1.2224285023820773,-2.0484528050033313,2.2521361956802286,1.884094129897961,1.2274262649465768
1.942,-1.897608164681938,1.2224285023820773,-2.0484528050033313,2.2521361956802286,1.884094129897961,1.2274262649465768
1.944,-1.897608164681938,1.2224285023820773,-2.0484528050033313,2.2521361956802286,1.884094129897961,1.2274262649465768
1.946,-1.897608164681938,1.2224285023820773,-2.0484528050033313,2.2521361956802286,1.884094129897961,1.2274262649465768
1.948,-1.897608164681938,1.2224285023820773,-2.0484528050033313,2.2521361956802286,1.884094129897961,1.2274262649465768
1.95,-1.897608164681938,1.2224285023820773,-2.0484528050033313,2.2521361956802286,1.884094129897961,1.2274262649465768
1.952,-1.897608164681938,1.2224285023820773,-2.0484528050033313,2.2521361956802286,1.884094129897961,1.2274262649465768
1.954,-1.897608164681938,1.2224285023820773,-2.0484528050033313,2.2521361956802286,1.884094129897961,1.2274262649465768
1.956,-1.897608164681938,1.2224285023820773,-2.0484528050033313,2.2521361956802286,1.884094129897961,1.2274262649465768
1.958,-1.897608164681938,1.2224285023820773,-2.0484528050033313,2.2521361956802286,1.884094129897961,1.2274262649465768
1.96,-1.897608164681938,1.2224285023820773,-2.0484528050033313,2.2521361956802286,1.884094129897961,1.2274262649465768
1.962,-1.897608164681938,1.2224285023820773,-2.0484528050033313,2.2521361956802286,1.884094129897961,1.2274262649465768
1.964,-1.897608164681938,1.2224285023820773,-2.0484528050033313,2.2521361956802286,1.884094129897961,1.2274262649465768
1.966,-1.897608164681938,1.2224285023820773,-2.0484528050033313,2.2521361956802286,1.884094129897961,1.2274262649465768
1.968,-1.897608164681938,1.2224285023820773,-2.0484528050033313,2.2521361956802286,1.884094129897961,1.2274262649465768
1.97,-1.897608164681938,1.2224285023820773,-2.0484528050033313,2.2521361956802286,1.884094129897961,1.2274262649465768
1.972,-1.897608164681938,1.2224285023820773,-2.0484528050033313,2.2521361956802286,1.884094129897961,1.2274262649465768
1.974,-1.897608164681938,1.2224285023820773,-2.0484528050033313,2.2521361956802286,1.884094129897961,1.2274262649465768
1.976,-1.897608164681938,1.2224285023820773,-2.0484528050033313,2.2521361956802286,1.884094129897961,1.2274262649465768
1.978,-1.897608164681938,1.2224285023820773,-2.0484528050033313,2.2521361956802286,1.884094129897961,1.2274262649465768
1.98,-1.897608164681938,1.2224285023820773,-2.0484528050033313,2.2521361956802286,1.884094129897961,1.2274262649465768
1.982,-1.897608164681938,1.2224285023820773,-2.0484528050033313,2.2521361956802286,1.884094129897961,1.2274262649465768
1.984,-1.897608164681938,1.2224285023820773,-2.0484528050033313,2.2521361956802286,1.884094129897961,1.2274262649465768
1.986,-1.897608164681938,1.2224285023820773,-2.0484528050033313,2.2521361956802286,1.884094129897961,1.2274262649465768
1.988,-1.897608164681938,1.2224285023820773,-2.0484528050033313,2.2521361956802286,1.884094129897961,1.2274262649465768
1.99,-1.897608164681938,1.2224285023820773,-2.0484528050033313,2.2521361956802286,1.884094129897961,1.2274262649465768
1.992,-1.897608164681938,1.2224285023820773,-2.0484528050033313,2.2521361956802286,1.884094129897961,1.2274262649465768
1.994,-1.897608164681938,1.2224285023820773,-2.0484528050033313,2.2521361956802286,1.884094129897961,1.2274262649465768
1.996,-1.897608164681938,1.2224285023820773,-2.0484528050033313,2.2521361956802286,1.884094129897961,1.2274262649465768
1.998,-1.897608164681938,1.2224285023820773,-2.0484528050033313,2.2521361956802286,1.884094129897961,1.2274262649465768
2.0,-1.897608164681938,1.2224285023820773,-2.0484528050033313,2.2521361956802286,1.884094129897961,1.2274262649465768
2.0020000000000002,-1.897608164681938,1.2224285023820773,-2.0484528050033313,2.2521361956802286,1.884094129897961,1.2274262649465768
2.004,-1.897608164681938,1.2224285023820773,-2.0484528050033313,2.2521361956802286,1.884094129897961,1.2274262649465768
2.0060000000000002,-1.897608164681938,1.2224285023820773,-2.0484528050033313,2.2521361956802286,1.884094129897961,1.2274262649465768
2.008,-1.897608164681938,1.2224285023820773,-2.0484528050033313,2.2521361956802286,1.884094129897961,1.2274262649465768
2.0100000000000002,-1.897608164681938,1.2224285023820773,-2.0484528050033313,2.2521361956802286,1.884094129897961,1.2274262649465768
2.012,-1.897608164681938,1.2224285023820773,-2.0484528050033313,2.2521361956802286,1.884094129897961,1.2274262649465768
2.0140000000000002,-1.897608164681938,1.2224285023820773,-2.0484528050033313,2.2521361956802286,1.884094129897961,1.2274262649465768
2.016,-1.897608164681938,1.2224285023820773,-2.0484528050033313,2.2521361956802286,1.884094129897961,1.2274262649465768
2.0180000000000002,-1.897608164681938,1.2224285023820773,-2.0484528050033313,2.2521361956802286,1.884094129897961,1.2274262649465768
2.02,-1.897608164681938,1.2224285023820773,-2.0484528050033313,2.2521361956802286,1.884094129897961,1.2274262649465768
2.0220000000000002,-1.897608164681938,1.2224285023820773,-2.0484528050033313,2.2521361956802286,1.884094129897961,1.2274262649465768
2.024,-1.897608164681938,1.2224285023820773,-2.0484528050033313,2.2521361956802286,1.884094129897961,1.2274262649465768
2.0260000000000002,-1.897608164681938,1.2224285023820773,-2.0484528050033313,2.2521361956802286,1.884094129897961,1.2274262649465768
2.028,-1.897608164681938,1.2224285023820773,-2.0484528050033313,2.2521361956802286,1.884094129897961,1.2274262649465768
2.0300000000000002,-1.897608164681938,1.2224285023820773,-2.0484528050033313,2.2521361956802286,1.884094129897961,1.2274262649465768
2.032,-1.897608164681938,1.2224285023820773,-2.0484528050033313,2.2521361956802286,1.884094129897961,1.2274262649465768
2.0340000000000003,-1.897608164681938,1.2224285023820773,-2.0484528050033313,2.2521361956802286,1.884094129897961,1.2274262649465768
2.036,-1.897608164681938,1.2224285023820773,-2.0484528050033313,2.2521361956802286,1.884094129897961,1.2274262649465768
2.0380000000000003,-1.897608164681938,1.2224285023820773,-2.0484528050033313,2.2521361956802286,1.884094129897961,1.2274262649465768
2.04,-1.897608164681938,1.2224285023820773,-2.0484528050033313,2.2521361956802286,1.884094129897961,1.2274262649465768
2.0420000000000003,-1.897608164681938,1.2224285023820773,-2.0484528050033313,2.2521361956802286,1.884094129897961,1.2274262649465768
2.044,-1.897608164681938,1.2224285023820773,-2.0484528050033313,2.2521361956802286,1.884094129897961,1.2274262649465768
2.0460000000000003,-1.897608164681938,1.2224285023820773,-2.0484528050033313,2.2521361956802286,1.884094129897961,1.2274262649465768
2.048,-1.897608164681938,1.2224285023820773,-2.0484528050033313,2.2521361956802286,1.884094129897961,1.2274262649465768
2.05,-1.897608164681938,1.2224285023820773,-2.0484528050033313,2.2521361956802286,1.884094129897961,1.2274262649465768
2.052,-1.897608164681938,1.2224285023820773,-2.0484528050033313,2.2521361956802286,1.884094129897961,1.2274262649465768
2.054,-1.897608164681938,1.2224285023820773,-2.0484528050033313,2.2521361956802286,1.884094129897961,1.2274262649465768
2.056,-1.897608164681938,1.2224285023820773,-2.0484528050033313,2.2521361956802286,1.884094129897961,1.2274262649465768
2.058,-1.897608164681938,1.2224285023820773,-2.0484528050033313,2.2521361956802286,1.884094129897961,1.2274262649465768
2.06,-1.897608164681938,1.2224285023820773,-2.0484528050033313,2.2521361956802286,1.884094129897961,1.2274262649465768
2.062,-1.897608164681938,1.2224285023820773,-2.0484528050033313,2.2521361956802286,1.884094129897961,1.2274262649465768
2.064,-1.897608164681938,1.2224285023820773,-2.0484528050033313,2.2521361956802286,1.884094129897961,1.2274262649465768
2.066,-1.897608164681938,1.2224285023820773,-2.0484528050033313,2.2521361956802286,1.884094129897961,1.2274262649465768
2.068,-1.897608164681938,1.2224285023820773,-2.0484528050033313,2.2521361956802286,1.884094129897961,1.2274262649465768
2.07,-1.897608164681938,1.2224285023820773,-2.0484528050033313,2.2521361956802286,1.884094129897961,1.2274262649465768
2.072,-1.897608164681938,1.2224285023820773,-2.0484528050033313,2.2521361956802286,1.884094129897961,1.2274262649465768
2.074,-1.897608164681938,1.2224285023820773,-2.0484528050033313,2.2521361956802286,1.884094129897961,1.2274262649465768
2.076,-1.897608164681938,1.2224285023820773,-2.0484528050033313,2.2521361956802286,1.884094129897961,1.2274262649465768
2.078,-1.897608164681938,1.2224285023820773,-2.0484528050033313,2.2521361956802286,1.884094129897961,1.2274262649465768
2.08,-1.897608164681938,1.2224285023820773,-2.0484528050033313,2.2521361956802286,1.884094129897961,1.2274262649465768
2.082,-1.897608164681938,1.2224285023820773,-2.0484528050033313,2.2521361956802286,1.884094129897961,1.2274262649465768
2.084,-1.897608164681938,1.2224285023820773,-2.0484528050033313,2.2521361956802286,1.884094129897961,1.2274262649465768
2.086,-1.897608164681938,1.2224285023820773,-2.0484528050033313,2.2521361956802286,1.884094129897961,1.2274262649465768
2.088,-1.897608164681938,1.2224285023820773,-2.0484528050033313,2.2521361956802286,1.884094129897961,1.2274262649465768
2.09,-1.897608164681938,1.2224285023820773,-2.0484528050033313,2.2521361956802286,1.884094129897961,1.2274262649465768
2.092,-1.897608164681938,1.2224285023820773,-2.0484528050033313,2.2521361956802286,1.884094129897961,1.2274262649465768
2.094,-1.897608164681938,1.2224285023820773,-2.0484528050033313,2.2521361956802286,1.884094129897961,1.2274262649465768
2.096,-1.897608164681938,1.2224285023820773,-2.0484528050033313,2.2521361956802286,1.884094129897961,1.2274262649465768
2.098,-1.897608164681938,1.2224285023820773,-2.0484528050033313,2.2521361956802286,1.884094129897961,1.2274262649465768
2.1,-1.897608164681938,1.2224285023820773,-2.0484528050033313,2.2521361956802286,1.884094129897961,1.2274262649465768
2.102,-1.897608164681938,1.2224285023820773,-2.0484528050033313,2.2521361956802286,1.884094129897961,1.2274262649465768
2.104,-1.897608164681938,1.2224285023820773,-2.0484528050033313,2.2521361956802286,1.884094129897961,1.2274262649465768
2.106,-1.897608164681938,1.2224285023820773,-2.0484528050033313,2.2521361956802286,1.884094129897961,1.2274262649465768
2.108,-1.897608164681938,1.2224285023820773,-2.0484528050033313,2.2521361956802286,1.884094129897961,1.2274262649465768
2.11,-1.897608164681938,1.2224285023820773,-2.0484528050033313,2.2521361956802286,1.884094129897961,1.2274262649465768
2.112,-1.897608164681938,1.2224285023820773,-2.0484528050033313,2.2521361956802286,1.884094129897961,1.2274262649465768
2.114,-1.897608164681938,1.2224285023820773,-2.0484528050033313,2.2521361956802286,1.884094129897961,1.2274262649465768
2.116,-1.897608164681938,1.2224285023820773,-2.0484528050033313,2.2521361956802286,1.884094129897961,1.2274262649465768
2.118,-1.897608164681938,1.2224285023820773,-2.0484528050033313,2.2521361956802286,1.884094129897961,1.2274262649465768
2.12,-1.897608164681938,1.2224285023820773,-2.0484528050033313,2.2521361956802286,1.884094129897961,1.2274262649465768
2.122,-1.897608164681938,1.2224285023820773,-2.0484528050033313,2.2521361956802286,1.884094129897961,1.2274262649465768
2.124,-1.897608164681938,1.2224285023820773,-2.0484528050033313,2.2521361956802286,1.884094129897961,1.2274262649465768
2.126,-1.897608164681938,1.2224285023820773,-2.0484528050033313,2.2521361956802286,1.884094129897961,1.2274262649465768
2.128,-1.897608164681938,1.2224285023820773,-2.0484528050033313,2.2521361956802286,1.884094129897961,1.2274262649465768
2.13,-1.897608164681938,1.2224285023820773,-2.0484528050033313,2.2521361956802286,1.884094129897961,1.2274262649465768
2.132,-1.897608164681938,1.2224285023820773,-2.0484528050033313,2.2521361956802286,1.884094129897961,1.2274262649465768
2.134,-1.897608164681938,1.2224285023820773,-2.0484528050033313,2.2521361956802286,1.884094129897961,1.2274262649465768
2.136,-1.897608164681938,1.2224285023820773,-2.0484528050033313,2.2521361956802286,1.884094129897961,1.2274262649465768
2.138,-1.897608164681938,1.2224285023820773,-2.0484528050033313,2.2521361956802286,1.884094129897961,1.2274262649465768
2.14,-1.897608164681938,1.2224285023820773,-2.0484528050033313,2.2521361956802286,1.884094129897961,1.2274262649465768
2.142,-1.897608164681938,1.2224285023820773,-2.0484528050033313,2.2521361956802286,1.884094129897961,1.2274262649465768
2.144,-1.897608164681938,1.2224285023820773,-2.0484528050033313,2.2521361956802286,1.884094129897961,1.2274262649465768
2.146,-1.897608164681938,1.2224285023820773,-2.0484528050033313,2.2521361956802286,1.884094129897961,1.2274262649465768
2.148,-1.897608164681938,1.2224285023820773,-2.0484528050033313,2.2521361956802286,1.884094129897961,1.2274262649465768
2.15,-1.897608164681938,1.2224285023820773,-2.0484528050033313,2.2521361956802286,1.884094129897961,1.2274262649465768
2.152,-1.897608164681938,1.2224285023820773,-2.0484528050033313,2.2521361956802286,1.884094129897961,1.2274262649465768
2.154,-1.897608164681938,1.2224285023820773,-2.0484528050033313,2.2521361956802286,1.884094129897961,1.2274262649465768
2.156,-1.897608164681938,1.2224285023820773,-2.0484528050033313,2.2521361956802286,1.884094129897961,1.2274262649465768
2.158,-1.897608164681938,1.2224285023820773,-2.0484528050033313,2.2521361956802286,1.884094129897961,1.2274262649465768
2.16,-1.897608164681938,1.2224285023820773,-2.0484528050033313,2.2521361956802286,1.884094129897961,1.2274262649465768
2.162,-1.897608164681938,1.2224285023820773,-2.0484528050033313,2.2521361956802286,1.884094129897961,1.2274262649465768
2.164,-1.897608164681938,1.2224285023820773,-2.0484528050033313,2.2521361956802286,1.884094129897961,1.2274262649465768
2.166,-1.897608164681938,1.2224285023820773,-2.0484528050033313,2.2521361956802286,1.884094129897961,1.2274262649465768
2.168,-1.897608164681938,1.2224285023820773,-2.0484528050033313,2.2521361956802286,1.884094129897961,1.2274262649465768
2.17,-1.897608164681938,1.2224285023820773,-2.0484528050033313,2.2521361956802286,1.884094129897961,1.2274262649465768
2.172,-1.897608164681938,1.2224285023820773,-2.0484528050033313,2.2521361956802286,1.884094129897961,1.2274262649465768
2.174,-1.897608164681938,1.2224285023820773,-2.0484528050033313,2.2521361956802286,1.884094129897961,1.2274262649465768
2.176,-1.897608164681938,1.2224285023820773,-2.0484528050033313,2.2521361956802286,1.884094129897961,1.2274262649465768
2.178,-1.897608164681938,1.2224285023820773,-2.0484528050033313,2.2521361956802286,1.884094129897961,1.2274262649465768
2.18,-1.897608164681938,1.2224285023820773,-2.0484528050033313,2.2521361956802286,1.884094129897961,1.2274262649465768
2.182,-1.897608164681938,1.2224285023820773,-2.0484528050033313,2.2521361956802286,1.884094129897961,1.2274262649465768
2.184,-1.897608164681938,1.2224285023820773,-2.0484528050033313,2.2521361956802286,1.884094129897961,1.2274262649465768
2.186,-1.897608164681938,1.2224285023820773,-2.0484528050033313,2.2521361956802286,1.884094129897961,1.2274262649465768
2.188,-1.897608164681938,1.2224285023820773,-2.0484528050033313,2.2521361956802286,1.884094129897961,1.2274262649465768
2.19,-1.897608164681938,1.2224285023820773,-2.0484528050033313,2.2521361956802286,1.884094129897961,1.2274262649465768
2.192,-1.897608164681938,1.2224285023820773,-2.0484528050033313,2.2521361956802286,1.884094129897961,1.2274262649465768
2.194,-1.897608164681938,1.2224285023820773,-2.0484528050033313,2.2521361956802286,1.884094129897961,1.2274262649465768
2.196,-1.897608164681938,1.2224285023820773,-2.0484528050033313,2.2521361956802286,1.884094129897961,1.2274262649465768
2.198,-1.897608164681938,1.2224285023820773,-2.0484528050033313,2.2521361956802286,1.884094129897961,1.2274262649465768
2.2,-1.897608164681938,1.2224285023820773,-2.0484528050033313,2.2521361956802286,1.884094129897961,1.2274262649465768
2.202,-1.897608164681938,1.2224285023820773,-2.0484528050033313,2.2521361956802286,1.884094129897961,1.2274262649465768
2.204,-1.897608164681938,1.2224285023820773,-2.0484528050033313,2.2521361956802286,1.884094129897961,1.2274262649465768
2.206,-1.897608164681938,1.2224285023820773,-2.0484528050033313,2.2521361956802286,1.884094129897961,1.2274262649465768
2.208,-1.897608164681938,1.2224285023820773,-2.0484528050033313,2.2521361956802286,1.884094129897961,1.2274262649465768
2.21,-1.897608164681938,1.2224285023820773,-2.0484528050033313,2.2521361956802286,1.884094129897961,1.2274262649465768
2.212,-1.897608164681938,1.2224285023820773,-2.0484528050033313,2.2521361956802286,1.884094129897961,1.2274262649465768
2.214,-1.897608164681938,1.2224285023820773,-2.0484528050033313,2.2521361956802286,1.884094129897961,1.2274262649465768
2.216,-1.897608164681938,1.2224285023820773,-2.0484528050033313,2.2521361956802286,1.884094129897961,1.2274262649465768
2.218,-1.897608164681938,1.2224285023820773,-2.0484528050033313,2.2521361956802286,1.884094129897961,1.2274262649465768
2.22,-1.897608164681938,1.2224285023820773,-2.0484528050033313,2.2521361956802286,1.884094129897961,1.2274262649465768
2.222,-1.897608164681938,1.2224285023820773,-2.0484528050033313,2.2521361956802286,1.884094129897961,1.2274262649465768
2.224,-1.897608164681938,1.2224285023820773,-2.0484528050033313,2.2521361956802286,1.884094129897961,1.2274262649465768
2.226,-1.897608164681938,1.2224285023820773,-2.0484528050033313,2.2521361956802286,1.884094129897961,1.2274262649465768
2.228,-1.897608164681938,1.2224285023820773,-2.0484528050033313,2.2521361956802286,1.884094129897961,1.2274262649465768
2.23,-1.897608164681938,1.2224285023820773,-2.0484528050033313,2.2521361956802286,1.884094129897961,1.2274262649465768
2.232,-1.897608164681938,1.2224285023820773,-2.0484528050033313,2.2521361956802286,1.884094129897961,1.2274262649465768
2.234,-1.897608164681938,1.2224285023820773,-2.0484528050033313,2.2521361956802286,1.884094129897961,1.2274262649465768
2.236,-1.897608164681938,1.2224285023820773,-2.0484528050033313,2.2521361956802286,1.884094129897961,1.2274262649465768
2.238,-1.897608164681938,1.2224285023820773,-2.0484528050033313,2.2521361956802286,1.884094129897961,1.2274262649465768
2.24,-1.897608164681938,1.2224285023820773,-2.0484528050033313,2.2521361956802286,1.884094129897961,1.2274262649465768
2.242,-1.897608164681938,1.2224285023820773,-2.0484528050033313,2.2521361956802286,1.884094129897961,1.2274262649465768
2.244,-1.897608164681938,1.2224285023820773,-2.0484528050033313,2.2521361956802286,1.884094129897961,1.2274262649465768
2.246,-1.897608164681938,1.2224285023820773,-2.0484528050033313,2.2521361956802286,1.884094129897961,1.2274262649465768
2.248,-1.897608164681938,1.2224285023820773,-2.0484528050033313,2.2521361956802286,1.884094129897961,1.2274262649465768
2.25,-1.897608164681938,1.2224285023820773,-2.0484528050033313,2.2521361956802286,1.884094129897961,1.2274262649465768
2.2520000000000002,-1.897608164681938,1.2224285023820773,-2.0484528050033313,2.2521361956802286,1.884094129897961,1.2274262649465768
2.254,-1.897608164681938,1.2224285023820773,-2.0484528050033313,2.2521361956802286,1.884094129897961,1.2274262649465768
2.2560000000000002,-1.897608164681938,1.2224285023820773,-2.0484528050033313,2.2521361956802286,1.884094129897961,1.2274262649465768
2.258,-1.897608164681938,1.2224285023820773,-2.0484528050033313,2.2521361956802286,1.884094129897961,1.2274262649465768
2.2600000000000002,-1.897608164681938,1.2224285023820773,-2.0484528050033313,2.2521361956802286,1.884094129897961,1.2274262649465768
2.262,-1.897608164681938,1.2224285023820773,-2.0484528050033313,2.2521361956802286,1.884094129897961,1.2274262649465768
2.2640000000000002,-1.897608164681938,1.2224285023820773,-2.0484528050033313,2.2521361956802286,1.884094129897961,1.2274262649465768
2.266,-1.897608164681938,1.2224285023820773,-2.0484528050033313,2.2521361956802286,1.884094129897961,1.2274262649465768
2.2680000000000002,-1.897608164681938,1.2224285023820773,-2.0484528050033313,2.2521361956802286,1.884094129897961,1.2274262649465768
2.27,-1.897608164681938,1.2224285023820773,-2.0484528050033313,2.2521361956802286,1.884094129897961,1.2274262649465768
2.2720000000000002,-1.897608164681938,1.2224285023820773,-2.0484528050033313,2.2521361956802286,1.884094129897961,1.2274262649465768
2.274,-1.897608164681938,1.2224285023820773,-2.0484528050033313,2.2521361956802286,1.884094129897961,1.2274262649465768
2.2760000000000002,-1.897608164681938,1.2224285023820773,-2.0484528050033313,2.2521361956802286,1.884094129897961,1.2274262649465768
2.278,-1.897608164681938,1.2224285023820773,-2.0484528050033313,2.2521361956802286,1.884094129897961,1.2274262649465768
2.2800000000000002,-1.897608164681938,1.2224285023820773,-2.0484528050033313,2.2521361956802286,1.884094129897961,1.2274262649465768
2.282,-1.897608164681938,1.2224285023820773,-2.0484528050033313,2.2521361956802286,1.884094129897961,1.2274262649465768
2.2840000000000003,-1.897608164681938,1.2224285023820773,-2.0484528050033313,2.2521361956802286,1.884094129897961,1.2274262649465768
2.286,-1.897608164681938,1.2224285023820773,-2.0484528050033313,2.2521361956802286,1.884094129897961,1.2274262649465768
2.2880000000000003,-1.897608164681938,1.2224285023820773,-2.0484528050033313,2.2521361956802286,1.884094129897961,1.2274262649465768
2.29,-1.897608164681938,1.2224285023820773,-2.0484528050033313,2.2521361956802286,1.884094129897961,1.2274262649465768
2.2920000000000003,-1.897608164681938,1.2224285023820773,-2.0484528050033313,2.2521361956802286,1.884094129897961,1.2274262649465768
2.294,-1.897608164681938,1.2224285023820773,-2.0484528050033313,2.2521361956802286,1.884094129897961,1.2274262649465768
2.2960000000000003,-1.897608164681938,1.2224285023820773,-2.0484528050033313,2.2521361956802286,1.884094129897961,1.2274262649465768
2.298,-1.897608164681938,1.2224285023820773,-2.0484528050033313,2.2521361956802286,1.884094129897961,1.2274262649465768
2.3000000000000003,-1.897608164681938,1.2224285023820773,-2.0484528050033313,2.2521361956802286,1.884094129897961,1.2274262649465768
2.302,-1.897608164681938,1.2224285023820773,-2.0484528050033313,2.2521361956802286,1.884094129897961,1.2274262649465768
2.3040000000000003,-1.897608164681938,1.2224285023820773,-2.0484528050033313,2.2521361956802286,1.884094129897961,1.2274262649465768
2.306,-1.897608164681938,1.2224285023820773,-2.0484528050033313,2.2521361956802286,1.884094129897961,1.2274262649465768
2.308,-1.897608164681938,1.2224285023820773,-2.0484528050033313,2.2521361956802286,1.884094129897961,1.2274262649465768
2.31,-1.897608164681938,1.2224285023820773,-2.0484528050033313,2.2521361956802286,1.884094129897961,1.2274262649465768
2.312,-1.897608164681938,1.2224285023820773,-2.0484528050033313,2.2521361956802286,1.884094129897961,1.2274262649465768
2.314,-1.897608164681938,1.2224285023820773,-2.0484528050033313,2.2521361956802286,1.884094129897961,1.2274262649465768
2.316,-1.897608164681938,1.2224285023820773,-2.0484528050033313,2.2521361956802286,1.884094129897961,1.2274262649465768
2.318,-1.897608164681938,1.2224285023820773,-2.0484528050033313,2.2521361956802286,1.884094129897961,1.2274262649465768
2.32,-1.897608164681938,1.2224285023820773,-2.0484528050033313,2.2521361956802286,1.884094129897961,1.2274262649465768
2.322,-1.897608164681938,1.2224285023820773,-2.0484528050033313,2.2521361956802286,1.884094129897961,1.2274262649465768
2.324,-1.897608164681938,1.2224285023820773,-2.0484528050033313,2.2521361956802286,1.884094129897961,1.2274262649465768
2.326,-1.897608164681938,1.2224285023820773,-2.0484528050033313,2.2521361956802286,1.884094129897961,1.2274262649465768
2.328,-1.897608164681938,1.2224285023820773,-2.0484528050033313,2.2521361956802286,1.884094129897961,1.2274262649465768
2.33,-1.897608164681938,1.2224285023820773,-2.0484528050033313,2.2521361956802286,1.884094129897961,1.2274262649465768
2.332,-1.897608164681938,1.2224285023820773,-2.0484528050033313,2.2521361956802286,1.884094129897961,1.2274262649465768
2.334,-1.897608164681938,1.2224285023820773,-2.0484528050033313,2.2521361956802286,1.884094129897961,1.2274262649465768
2.336,-1.897608164681938,1.2224285023820773,-2.0484528050033313,2.2521361956802286,1.884094129897961,1.2274262649465768
2.338,-1.897608164681938,1.2224285023820773,-2.0484528050033313,2.2521361956802286,1.884094129897961,1.2274262649465768
2.34,-1.897608164681938,1.2224285023820773,-2.0484528050033313,2.2521361956802286,1.884094129897961,1.2274262649465768
2.342,-1.897608164681938,1.2224285023820773,-2.0484528050033313,2.2521361956802286,1.884094129897961,1.2274262649465768
2.344,-1.897608164681938,1.2224285023820773,-2.0484528050033313,2.2521361956802286,1.884094129897961,1.2274262649465768
2.346,-1.897608164681938,1.2224285023820773,-2.0484528050033313,2.2521361956802286,1.884094129897961,1.2274262649465768
2.348,-1.897608164681938,1.2224285023820773,-2.0484528050033313,2.2521361956802286,1.884094129897961,1.2274262649465768
2.35,-1.897608164681938,1.2224285023820773,-2.0484528050033313,2.2521361956802286,1.884094129897961,1.2274262649465768
2.352,-1.897608164681938,1.2224285023820773,-2.0484528050033313,2.2521361956802286,1.884094129897961,1.2274262649465768
2.354,-1.897608164681938,1.2224285023820773,-2.0484528050033313,2.2521361956802286,1.884094129897961,1.2274262649465768
2.356,-1.897608164681938,1.2224285023820773,-2.0484528050033313,2.2521361956802286,1.884094129897961,1.2274262649465768
2.358,-1.897608164681938,1.2224285023820773,-2.0484528050033313,2.2521361956802286,1.884094129897961,1.2274262649465768
2.36,-1.897608164681938,1.2224285023820773,-2.0484528050033313,2.2521361956802286,1.884094129897961,1.2274262649465768
2.362,-1.897608164681938,1.2224285023820773,-2.0484528050033313,2.2521361956802286,1.884094129897961,1.2274262649465768
2.364,-1.897608164681938,1.2224285023820773,-2.0484528050033313,2.2521361956802286,1.884094129897961,1.2274262649465768
2.366,-1.897608164681938,1.2224285023820773,-2.0484528050033313,2.2521361956802286,1.884094129897961,1.2274262649465768
2.368,-1.897608164681938,1.2224285023820773,-2.0484528050033313,2.2521361956802286,1.884094129897961,1.2274262649465768
2.37,-1.897608164681938,1.2224285023820773,-2.0484528050033313,2.2521361956802286,1.884094129897961,1.2274262649465768
2.372,-1.897608164681938,1.2224285023820773,-2.0484528050033313,2.2521361956802286,1.884094129897961,1.2274262649465768
2.374,-1.897608164681938,1.2224285023820773,-2.0484528050033313,2.2521361956802286,1.884094129897961,1.2274262649465768
2.376,-1.897608164681938,1.2224285023820773,-2.0484528050033313,2.2521361956802286,1.884094129897961,1.2274262649465768
2.378,-1.897608164681938,1.2224285023820773,-2.0484528050033313,2.2521361956802286,1.884094129897961,1.2274262649465768
2.38,-1.897608164681938,1.2224285023820773,-2.0484528050033313,2.2521361956802286,1.884094129897961,1.2274262649465768
2.382,-1.897608164681938,1.2224285023820773,-2.0484528050033313,2.2521361956802286,1.884094129897961,1.2274262649465768
2.384,-1.897608164681938,1.2224285023820773,-2.0484528050033313,2.2521361956802286,1.884094129897961,1.2274262649465768
2.386,-1.897608164681938,1.2224285023820773,-2.0484528050033313,2.2521361956802286,1.884094129897961,1.2274262649465768
2.388,-1.897608164681938,1.2224285023820773,-2.0484528050033313,2.2521361956802286,1.884094129897961,1.2274262649465768
2.39,-1.897608164681938,1.2224285023820773,-2.0484528050033313,2.2521361956802286,1.884094129897961,1.2274262649465768
2.392,-1.897608164681938,1.2224285023820773,-2.0484528050033313,2.2521361956802286,1.884094129897961,1.2274262649465768
2.394,-1.897608164681938,1.2224285023820773,-2.0484528050033313,2.2521361956802286,1.884094129897961,1.2274262649465768
2.396,-1.897608164681938,1.2224285023820773,-2.0484528050033313,2.2521361956802286,1.884094129897961,1.2274262649465768
2.398,-1.897608164681938,1.2224285023820773,-2.0484528050033313,2.2521361956802286,1.884094129897961,1.2274262649465768
2.4,-1.897608164681938,1.2224285023820773,-2.0484528050033313,2.2521361956802286,1.884094129897961,1.2274262649465768
2.402,-1.897608164681938,1.2224285023820773,-2.0484528050033313,2.2521361956802286,1.884094129897961,1.2274262649465768
2.404,-1.897608164681938,1.2224285023820773,-2.0484528050033313,2.2521361956802286,1.884094129897961,1.2274262649465768
2.406,-1.897608164681938,1.2224285023820773,-2.0484528050033313,2.2521361956802286,1.884094129897961,1.2274262649465768
2.408,-1.897608164681938,1.2224285023820773,-2.0484528050033313,2.2521361956802286,1.884094129897961,1.2274262649465768
2.41,-1.897608164681938,1.2224285023820773,-2.0484528050033313,2.2521361956802286,1.884094129897961,1.2274262649465768
2.412,-1.897608164681938,1.2224285023820773,-2.0484528050033313,2.2521361956802286,1.884094129897961,1.2274262649465768
2.414,-1.897608164681938,1.2224285023820773,-2.0484528050033313,2.2521361956802286,1.884094129897961,1.2274262649465768
2.416,-1.897608164681938,1.2224285023820773,-2.0484528050033313,2.2521361956802286,1.884094129897961,1.2274262649465768
2.418,-1.897608164681938,1.2224285023820773,-2.0484528050033313,2.2521361956802286,1.884094129897961,1.2274262649465768
2.42,-1.897608164681938,1.2224285023820773,-2.0484528050033313,2.2521361956802286,1.884094129897961,1.2274262649465768
2.422,-1.897608164681938,1.2224285023820773,-2.0484528050033313,2.2521361956802286,1.884094129897961,1.2274262649465768
2.424,-1.897608164681938,1.2224285023820773,-2.0484528050033313,2.2521361956802286,1.884094129897961,1.2274262649465768
2.426,-1.897608164681938,1.2224285023820773,-2.0484528050033313,2.2521361956802286,1.884094129897961,1.2274262649465768
2.428,-1.897608164681938,1.2224285023820773,-2.0484528050033313,2.2521361956802286,1.884094129897961,1.2274262649465768
2.43,-1.897608164681938,1.2224285023820773,-2.0484528050033313,2.2521361956802286,1.884094129897961,1.2274262649465768
2.432,-1.897608164681938,1.2224285023820773,-2.0484528050033313,2.2521361956802286,1.884094129897961,1.2274262649465768
2.434,-1.897608164681938,1.2224285023820773,-2.0484528050033313,2.2521361956802286,1.884094129897961,1.2274262649465768
2.436,-1.897608164681938,1.2224285023820773,-2.0484528050033313,2.2521361956802286,1.884094129897961,1.2274262649465768
2.438,-1.897608164681938,1.2224285023820773,-2.0484528050033313,2.2521361956802286,1.884094129897961,1.2274262649465768
2.44,-1.897608164681938,1.2224285023820773,-2.0484528050033313,2.2521361956802286,1.884094129897961,1.2274262649465768
2.442,-1.897608164681938,1.2224285023820773,-2.0484528050033313,2.2521361956802286,1.884094129897961,1.2274262649465768
2.444,-1.897608164681938,1.2224285023820773,-2.0484528050033313,2.2521361956802286,1.884094129897961,1.2274262649465768
2.446,-1.897608164681938,1.2224285023820773,-2.0484528050033313,2.2521361956802286,1.884094129897961,1.2274262649465768
2.448,-1.897608164681938,1.2224285023820773,-2.0484528050033313,2.2521361956802286,1.884094129897961,1.2274262649465768
2.45,-1.897608164681938,1.2224285023820773,-2.0484528050033313,2.2521361956802286,1.884094129897961,1.2274262649465768
2.452,-1.897608164681938,1.2224285023820773,-2.0484528050033313,2.2521361956802286,1.884094129897961,1.2274262649465768
2.454,-1.897608164681938,1.2224285023820773,-2.0484528050033313,2.2521361956802286,1.884094129897961,1.2274262649465768
2.456,-1.897608164681938,1.2224285023820773,-2.0484528050033313,2.2521361956802286,1.884094129897961,1.2274262649465768
2.458,-1.897608164681938,1.2224285023820773,-2.0484528050033313,2.2521361956802286,1.884094129897961,1.2274262649465768
2.46,-1.897608164681938,1.2224285023820773,-2.0484528050033313,2.2521361956802286,1.884094129897961,1.2274262649465768
2.462,-1.897608164681938,1.2224285023820773,-2.0484528050033313,2.2521361956802286,1.884094129897961,1.2274262649465768
2.464,-1.897608164681938,1.2224285023820773,-2.0484528050033313,2.2521361956802286,1.884094129897961,1.2274262649465768
2.466,-1.897608164681938,1.2224285023820773,-2.0484528050033313,2.2521361956802286,1.884094129897961,1.2274262649465768
2.468,-1.897608164681938,1.2224285023820773,-2.0484528050033313,2.2521361956802286,1.884094129897961,1.2274262649465768
2.47,-1.897608164681938,1.2224285023820773,-2.0484528050033313,2.2521361956802286,1.884094129897961,1.2274262649465768
2.472,-1.897608164681938,1.2224285023820773,-2.0484528050033313,2.2521361956802286,1.884094129897961,1.2274262649465768
2.474,-1.897608164681938,1.2224285023820773,-2.0484528050033313,2.2521361956802286,1.884094129897961,1.2274262649465768
2.476,-1.897608164681938,1.2224285023820773,-2.0484528050033313,2.2521361956802286,1.884094129897961,1.2274262649465768
2.478,-1.897608164681938,1.2224285023820773,-2.0484528050033313,2.2521361956802286,1.884094129897961,1.2274262649465768
2.48,-1.897608164681938,1.2224285023820773,-2.0484528050033313,2.2521361956802286,1.884094129897961,1.2274262649465768
2.482,-1.897608164681938,1.2224285023820773,-2.0484528050033313,2.2521361956802286,1.884094129897961,1.2274262649465768
2.484,-1.897608164681938,1.2224285023820773,-2.0484528050033313,2.2521361956802286,1.884094129897961,1.2274262649465768
2.486,-1.897608164681938,1.2224285023820773,-2.0484528050033313,2.2521361956802286,1.884094129897961,1.2274262649465768
2.488,-1.897608164681938,1.2224285023820773,-2.0484528050033313,2.2521361956802286,1.884094129897961,1.2274262649465768
2.49,-1.897608164681938,1.2224285023820773,-2.0484528050033313,2.2521361956802286,1.884094129897961,1.2274262649465768
2.492,-1.897608164681938,1.2224285023820773,-2.0484528050033313,2.2521361956802286,1.884094129897961,1.2274262649465768
2.494,-1.897608164681938,1.2224285023820773,-2.0484528050033313,2.2521361956802286,1.884094129897961,1.2274262649465768
2.496,-1.897608164681938,1.2224285023820773,-2.0484528050033313,2.2521361956802286,1.884094129897961,1.2274262649465768
2.498,-1.897608164681938,1.2224285023820773,-2.0484528050033313,2.2521361956802286,1.884094129897961,1.2274262649465768
2.5,-1.897608164681938,1.2224285023820773,-2.0484528050033313,2.2521361956802286,1.884094129897961,1.2274262649465768
2.5020000000000002,-1.897608164681938,1.2224285023820773,-2.0484528050033313,2.2521361956802286,1.884094129897961,1.2274262649465768
2.504,-1.897608164681938,1.2224285023820773,-2.0484528050033313,2.2521361956802286,1.884094129897961,1.2274262649465768
2.5060000000000002,-1.897608164681938,1.2224285023820773,-2.0484528050033313,2.2521361956802286,1.884094129897961,1.2274262649465768
2.508,-1.897608164681938,1.2224285023820773,-2.0484528050033313,2.2521361956802286,1.884094129897961,1.2274262649465768
2.5100000000000002,-1.897608164681938,1.2224285023820773,-2.0484528050033313,2.2521361956802286,1.884094129897961,1.2274262649465768
2.512,-1.897608164681938,1.2224285023820773,-2.0484528050033313,2.2521361956802286,1.884094129897961,1.2274262649465768
2.5140000000000002,-1.897608164681938,1.2224285023820773,-2.0484528050033313,2.2521361956802286,1.884094129897961,1.2274262649465768
2.516,-1.897608164681938,1.2224285023820773,-2.0484528050033313,2.2521361956802286,1.884094129897961,1.2274262649465768
2.5180000000000002,-1.897608164681938,1.2224285023820773,-2.0484528050033313,2.2521361956802286,1.884094129897961,1.2274262649465768
2.52,-1.897608164681938,1.2224285023820773,-2.0484528050033313,2.2521361956802286,1.884094129897961,1.2274262649465768
2.5220000000000002,-1.897608164681938,1.2224285023820773,-2.0484528050033313,2.2521361956802286,1.884094129897961,1.2274262649465768
2.524,-1.897608164681938,1.2224285023820773,-2.0484528050033313,2.2521361956802286,1.884094129897961,1.2274262649465768
2.5260000000000002,-1.897608164681938,1.2224285023820773,-2.0484528050033313,2.2521361956802286,1.884094129897961,1.2274262649465768
2.528,-1.897608164681938,1.2224285023820773,-2.0484528050033313,2.2521361956802286,1.884094129897961,1.2274262649465768
2.5300000000000002,-1.897608164681938,1.2224285023820773,-2.0484528050033313,2.2521361956802286,1.884094129897961,1.2274262649465768
2.532,-1.897608164681938,1.2224285023820773,-2.0484528050033313,2.2521361956802286,1.884094129897961,1.2274262649465768
2.5340000000000003,-1.897608164681938,1.2224285023820773,-2.0484528050033313,2.2521361956802286,1.884094129897961,1.2274262649465768
2.536,-1.897608164681938,1.2224285023820773,-2.0484528050033313,2.2521361956802286,1.884094129897961,1.2274262649465768
2.5380000000000003,-1.897608164681938,1.2224285023820773,-2.0484528050033313,2.2521361956802286,1.884094129897961,1.2274262649465768
2.54,-1.897608164681938,1.2224285023820773,-2.0484528050033313,2.2521361956802286,1.884094129897961,1.2274262649465768
2.5420000000000003,-1.897608164681938,1.2224285023820773,-2.0484528050033313,2.2521361956802286,1.884094129897961,1.2274262649465768
2.544,-1.897608164681938,1.2224285023820773,-2.0484528050033313,2.2521361956802286,1.884094129897961,1.2274262649465768
2.5460000000000003,-1.897608164681938,1.2224285023820773,-2.0484528050033313,2.2521361956802286,1.884094129897961,1.2274262649465768
2.548,-1.897608164681938,1.2224285023820773,-2.0484528050033313,2.2521361956802286,1.884094129897961,1.2274262649465768
2.5500000000000003,-1.897608164681938,1.2224285023820773,-2.0484528050033313,2.2521361956802286,1.884094129897961,1.2274262649465768
2.552,-1.897608164681938,1.2224285023820773,-2.0484528050033313,2.2521361956802286,1.884094129897961,1.2274262649465768
2.5540000000000003,-1.897608164681938,1.2224285023820773,-2.0484528050033313,2.2521361956802286,1.884094129897961,1.2274262649465768
2.556,-1.897608164681938,1.2224285023820773,-2.0484528050033313,2.2521361956802286,1.884094129897961,1.2274262649465768
2.5580000000000003,-1.897608164681938,1.2224285023820773,-2.0484528050033313,2.2521361956802286,1.884094129897961,1.2274262649465768
2.56,-1.897608164681938,1.2224285023820773,-2.0484528050033313,2.2521361956802286,1.884094129897961,1.2274262649465768
2.562,-1.897608164681938,1.2224285023820773,-2.0484528050033313,2.2521361956802286,1.884094129897961,1.2274262649465768
2.564,-1.897608164681938,1.2224285023820773,-2.0484528050033313,2.2521361956802286,1.884094129897961,1.2274262649465768
2.566,-1.897608164681938,1.2224285023820773,-2.0484528050033313,2.2521361956802286,1.884094129897961,1.2274262649465768
2.568,-1.897608164681938,1.2224285023820773,-2.0484528050033313,2.2521361956802286,1.884094129897961,1.2274262649465768
2.57,-1.897608164681938,1.2224285023820773,-2.0484528050033313,2.2521361956802286,1.884094129897961,1.2274262649465768
2.572,-1.897608164681938,1.2224285023820773,-2.0484528050033313,2.2521361956802286,1.884094129897961,1.2274262649465768
2.574,-1.897608164681938,1.2224285023820773,-2.0484528050033313,2.2521361956802286,1.884094129897961,1.2274262649465768
2.576,-1.897608164681938,1.2224285023820773,-2.0484528050033313,2.2521361956802286,1.884094129897961,1.2274262649465768
2.578,-1.897608164681938,1.2224285023820773,-2.0484528050033313,2.2521361956802286,1.884094129897961,1.2274262649465768
2.58,-1.897608164681938,1.2224285023820773,-2.0484528050033313,2.2521361956802286,1.884094129897961,1.2274262649465768
2.582,-1.897608164681938,1.2224285023820773,-2.0484528050033313,2.2521361956802286,1.884094129897961,1.2274262649465768
2.584,-1.897608164681938,1.2224285023820773,-2.0484528050033313,2.2521361956802286,1.884094129897961,1.2274262649465768
2.586,-1.897608164681938,1.2224285023820773,-2.0484528050033313,2.2521361956802286,1.884094129897961,1.2274262649465768
2.588,-1.897608164681938,1.2224285023820773,-2.0484528050033313,2.2521361956802286,1.884094129897961,1.2274262649465768
2.59,-1.897608164681938,1.2224285023820773,-2.0484528050033313,2.2521361956802286,1.884094129897961,1.2274262649465768
2.592,-1.897608164681938,1.2224285023820773,-2.0484528050033313,2.2521361956802286,1.884094129897961,1.2274262649465768
2.594,-1.897608164681938,1.2224285023820773,-2.0484528050033313,2.2521361956802286,1.884094129897961,1.2274262649465768
2.596,-1.897608164681938,1.2224285023820773,-2.0484528050033313,2.2521361956802286,1.884094129897961,1.2274262649465768
2.598,-1.897608164681938,1.2224285023820773,-2.0484528050033313,2.2521361956802286,1.884094129897961,1.2274262649465768
2.6,-1.897608164681938,1.2224285023820773,-2.0484528050033313,2.2521361956802286,1.884094129897961,1.2274262649465768
2.602,-1.897608164681938,1.2224285023820773,-2.0484528050033313,2.2521361956802286,1.884094129897961,1.2274262649465768
2.604,-1.897608164681938,1.2224285023820773,-2.0484528050033313,2.2521361956802286,1.884094129897961,1.2274262649465768
2.606,-1.897608164681938,1.2224285023820773,-2.0484528050033313,2.2521361956802286,1.884094129897961,1.2274262649465768
2.608,-1.897608164681938,1.2224285023820773,-2.0484528050033313,2.2521361956802286,1.884094129897961,1.2274262649465768
2.61,-1.897608164681938,1.2224285023820773,-2.0484528050033313,2.2521361956802286,1.884094129897961,1.2274262649465768
2.612,-1.8697836430452939,1.2271553013670629,-2.0570672367011267,2.265714951229807,1.810468514095533,1.257676000010967
2.614,-1.8697836430452939,1.2271553013670629,-2.0570672367011267,2.265714951229807,1.810468514095533,1.257676000010967
2.616,-1.8697836430452939,1.2271553013670629,-2.0570672367011267,2.265714951229807,1.810468514095533,1.257676000010967
2.618,-1.8697836430452939,1.2271553013670629,-2.0570672367011267,2.265714951229807,1.810468514095533,1.257676000010967
2.62,-1.8697836430452939,1.2271553013670629,-2.0570672367011267,2.265714951229807,1.810468514095533,1.257676000010967
2.622,-1.8697836430452939,1.2271553013670629,-2.0570672367011267,2.265714951229807,1.810468514095533,1.257676000010967
2.624,-1.8697836430452939,1.2271553013670629,-2.0570672367011267,2.265714951229807,1.810468514095533,1.257676000010967
2.626,-1.8697836430452939,1.2271553013670629,-2.0570672367011267,2.265714951229807,1.810468514095533,1.257676000010967
2.628,-1.8697836430452939,1.2271553013670629,-2.0570672367011267,2.265714951229807,1.810468514095533,1.257676000010967
2.63,-1.8697836430452939,1.2271553013670629,-2.0570672367011267,2.265714951229807,1.810468514095533,1.257676000010967
2.632,-1.8697836430452939,1.2271553013670629,-2.0570672367011267,2.265714951229807,1.810468514095533,1.257676000010967
2.634,-1.8697836430452939,1.2271553013670629,-2.0570672367011267,2.265714951229807,1.810468514095533,1.257676000010967
2.636,-1.8697836430452939,1.2271553013670629,-2.0570672367011267,2.265714951229807,1.810468514095533,1.257676000010967
2.638,-1.8697836430452939,1.2271553013670629,-2.0570672367011267,2.265714951229807,1.810468514095533,1.257676000010967
2.64,-1.8697836430452939,1.2271553013670629,-2.0570672367011267,2.265714951229807,1.810468514095533,1.257676000010967
2.642,-1.8697836430452939,1.2271553013670629,-2.0570672367011267,2.265714951229807,1.810468514095533,1.257676000010967
2.644,-1.8697836430452939,1.2271553013670629,-2.0570672367011267,2.265714951229807,1.810468514095533,1.257676000010967
2.646,-1.8697836430452939,1.2271553013670629,-2.0570672367011267,2.265714951229807,1.810468514095533,1.257676000010967
2.648,-1.8697836430452939,1.2271553013670629,-2.0570672367011267,2.265714951229807,1.810468514095533,1.257676000010967
2.65,-1.8697836430452939,1.2271553013670629,-2.0570672367011267,2.265714951229807,1.810468514095533,1.257676000010967
2.652,-1.8697836430452939,1.2271553013670629,-2.0570672367011267,2.265714951229807,1.810468514095533,1.257676000010967
2.654,-1.8697836430452939,1.2271553013670629,-2.0570672367011267,2.265714951229807,1.810468514095533,1.257676000010967
2.656,-1.8697836430452939,1.2271553013670629,-2.0570672367011267,2.265714951229807,1.810468514095533,1.257676000010967
2.658,-1.8697836430452939,1.2271553013670629,-2.0570672367011267,2.265714951229807,1.810468514095533,1.257676000010967
2.66,-1.8697836430452939,1.2271553013670629,-2.0570672367011267,2.265714951229807,1.810468514095533,1.257676000010967
2.662,-1.8697836430452939,1.2271553013670629,-2.0570672367011267,2.265714951229807,1.810468514095533,1.257676000010967
2.664,-1.8697836430452939,1.2271553013670629,-2.0570672367011267,2.265714951229807,1.810468514095533,1.257676000010967
2.666,-1.8697836430452939,1.2271553013670629,-2.0570672367011267,2.265714951229807,1.810468514095533,1.257676000010967
2.668,-1.8697836430452939,1.2271553013670629,-2.0570672367011267,2.265714951229807,1.810468514095533,1.257676000010967
2.67,-1.8697836430452939,1.2271553013670629,-2.0570672367011267,2.265714951229807,1.810468514095533,1.257676000010967
2.672,-1.8697836430452939,1.2271553013670629,-2.0570672367011267,2.265714951229807,1.810468514095533,1.257676000010967
2.674,-1.8697836430452939,1.2271553013670629,-2.0570672367011267,2.265714951229807,1.810468514095533,1.257676000010967
2.676,-1.8697836430452939,1.2271553013670629,-2.0570672367011267,2.265714951229807,1.810468514095533,1.257676000010967
2.678,-1.8697836430452939,1.2271553013670629,-2.0570672367011267,2.265714951229807,1.810468514095533,1.257676000010967
2.68,-1.8697836430452939,1.2271553013670629,-2.0570672367011267,2.265714951229807,1.810468514095533,1.257676000010967
2.682,-1.8697836430452939,1.2271553013670629,-2.0570672367011267,2.265714951229807,1.810468514095533,1.257676000010967
2.684,-1.8697836430452939,1.2271553013670629,-2.0570672367011267,2.265714951229807,1.810468514095533,1.257676000010967
2.686,-1.8697836430452939,1.2271553013670629,-2.0570672367011267,2.265714951229807,1.810468514095533,1.257676000010967
2.688,-1.8697836430452939,1.2271553013670629,-2.0570672367011267,2.265714951229807,1.810468514095533,1.257676000010967
2.69,-1.8697836430452939,1.2271553013670629,-2.0570672367011267,2.265714951229807,1.810468514095533,1.257676000010967
2.692,-1.8697836430452939,1.2271553013670629,-2.0570672367011267,2.265714951229807,1.810468514095533,1.257676000010967
2.694,-1.8697836430452939,1.2271553013670629,-2.0570672367011267,2.265714951229807,1.810468514095533,1.257676000010967
2.696,-1.8697836430452939,1.2271553013670629,-2.0570672367011267,2.265714951229807,1.810468514095533,1.257676000010967
2.698,-1.8697836430452939,1.2271553013670629,-2.0570672367011267,2.265714951229807,1.810468514095533,1.257676000010967
2.7,-1.8697836430452939,1.2271553013670629,-2.0570672367011267,2.265714951229807,1.810468514095533,1.257676000010967
2.702,-1.8697836430452939,1.2271553013670629,-2.0570672367011267,2.265714951229807,1.810468514095533,1.257676000010967
2.704,-1.8697836430452939,1.2271553013670629,-2.0570672367011267,2.265714951229807,1.810468514095533,1.257676000010967
2.706,-1.8697836430452939,1.2271553013670629,-2.0570672367011267,2.265714951229807,1.810468514095533,1.257676000010967
2.708,-1.8697836430452939,1.2271553013670629,-2.0570672367011267,2.265714951229807,1.810468514095533,1.257676000010967
2.71,-1.8697836430452939,1.2271553013670629,-2.0570672367011267,2.265714951229807,1.810468514095533,1.257676000010967
2.712,-1.8697836430452939,1.2271553013670629,-2.0570672367011267,2.265714951229807,1.810468514095533,1.257676000010967
2.714,-1.8697836430452939,1.2271553013670629,-2.0570672367011267,2.265714951229807,1.810468514095533,1.257676000010967
2.716,-1.8697836430452939,1.2271553013670629,-2.0570672367011267,2.265714951229807,1.810468514095533,1.257676000010967
2.718,-1.8697836430452939,1.2271553013670629,-2.0570672367011267,2.265714951229807,1.810468514095533,1.257676000010967
2.72,-1.8697836430452939,1.2271553013670629,-2.0570672367011267,2.265714951229807,1.810468514095533,1.257676000010967
2.722,-1.8697836430452939,1.2271553013670629,-2.0570672367011267,2.265714951229807,1.810468514095533,1.257676000010967
2.724,-1.8697836430452939,1.2271553013670629,-2.0570672367011267,2.265714951229807,1.810468514095533,1.257676000010967
2.726,-1.8697836430452939,1.2271553013670629,-2.0570672367011267,2.265714951229807,1.810468514095533,1.257676000010967
2.728,-1.8697836430452939,1.2271553013670629,-2.0570672367011267,2.265714951229807,1.810468514095533,1.257676000010967
2.73,-1.8697836430452939,1.2271553013670629,-2.0570672367011267,2.265714951229807,1.810468514095533,1.257676000010967
2.732,-1.8697836430452939,1.2271553013670629,-2.0570672367011267,2.265714951229807,1.810468514095533,1.257676000010967
2.734,-1.8697836430452939,1.2271553013670629,-2.0570672367011267,2.265714951229807,1.810468514095533,1.257676000010967
2.736,-1.8697836430452939,1.2271553013670629,-2.0570672367011267,2.265714951229807,1.810468514095533,1.257676000010967
2.738,-1.8697836430452939,1.2271553013670629,-2.0570672367011267,2.265714951229807,1.810468514095533,1.257676000010967
2.74,-1.8697836430452939,1.2271553013670629,-2.0570672367011267,2.265714951229807,1.810468514095533,1.257676000010967
2.742,-1.8697836430452939,1.2271553013670629,-2.0570672367011267,2.265714951229807,1.810468514095533,1.257676000010967
2.744,-1.8697836430452939,1.2271553013670629,-2.0570672367011267,2.265714951229807,1.810468514095533,1.257676000010967
2.746,-1.8697836430452939,1.2271553013670629,-2.0570672367011267,2.265714951229807,1.810468514095533,1.257676000010967
2.748,-1.8697836430452939,1.2271553013670629,-2.0570672367011267,2.265714951229807,1.810468514095533,1.257676000010967
2.75,-1.8697836430452939,1.2271553013670629,-2.0570672367011267,2.265714951229807,1.810468514095533,1.257676000010967
2.7520000000000002,-1.8697836430452939,1.2271553013670629,-2.0570672367011267,2.265714951229807,1.810468514095533,1.257676000010967
2.754,-1.8697836430452939,1.2271553013670629,-2.0570672367011267,2.265714951229807,1.810468514095533,1.257676000010967
2.7560000000000002,-1.8697836430452939,1.2271553013670629,-2.0570672367011267,2.265714951229807,1.810468514095533,1.257676000010967
2.758,-1.8697836430452939,1.2271553013670629,-2.0570672367011267,2.265714951229807,1.810468514095533,1.257676000010967
2.7600000000000002,-1.8697836430452939,1.2271553013670629,-2.0570672367011267,2.265714951229807,1.810468514095533,1.257676000010967
2.762,-1.8697836430452939,1.2271553013670629,-2.0570672367011267,2.265714951229807,1.810468514095533,1.257676000010967
2.7640000000000002,-1.8697836430452939,1.2271553013670629,-2.0570672367011267,2.265714951229807,1.810468514095533,1.257676000010967
2.766,-1.8697836430452939,1.2271553013670629,-2.0570672367011267,2.265714951229807,1.810468514095533,1.257676000010967
2.7680000000000002,-1.8697836430452939,1.2271553013670629,-2.0570672367011267,2.265714951229807,1.810468514095533,1.257676000010967
2.77,-1.8697836430452939,1.2271553013670629,-2.0570672367011267,2.265714951229807,1.810468514095533,1.257676000010967
2.7720000000000002,-1.8697836430452939,1.2271553013670629,-2.0570672367011267,2.265714951229807,1.810468514095533,1.257676000010967
2.774,-1.8697836430452939,1.2271553013670629,-2.0570672367011267,2.265714951229807,1.810468514095533,1.257676000010967
2.7760000000000002,-1.8697836430452939,1.2271553013670629,-2.0570672367011267,2.265714951229807,1.810468514095533,1.257676000010967
2.778,-1.8697836430452939,1.2271553013670629,-2.0570672367011267,2.265714951229807,1.810468514095533,1.257676000010967
2.7800000000000002,-1.8697836430452939,1.2271553013670629,-2.0570672367011267,2.265714951229807,1.810468514095533,1.257676000010967
2.782,-1.8697836430452939,1.2271553013670629,-2.0570672367011267,2.265714951229807,1.810468514095533,1.257676000010967
2.7840000000000003,-1.8697836430452939,1.2271553013670629,-2.0570672367011267,2.265714951229807,1.810468514095533,1.257676000010967
2.786,-1.8697836430452939,1.2271553013670629,-2.0570672367011267,2.265714951229807,1.810468514095533,1.257676000010967
2.7880000000000003,-1.8697836430452939,1.2271553013670629,-2.0570672367011267,2.265714951229807,1.810468514095533,1.257676000010967
2.79,-1.8697836430452939,1.2271553013670629,-2.0570672367011267,2.265714951229807,1.810468514095533,1.257676000010967
2.7920000000000003,-1.8697836430452939,1.2271553013670629,-2.0570672367011267,2.265714951229807,1.810468514095533,1.257676000010967
2.794,-1.8697836430452939,1.2271553013670629,-2.0570672367011267,2.265714951229807,1.810468514095533,1.257676000010967
2.7960000000000003,-1.8697836430452939,1.2271553013670629,-2.0570672367011267,2.265714951229807,1.810468514095533,1.257676000010967
2.798,-1.8697836430452939,1.2271553013670629,-2.0570672367011267,2.265714951229807,1.810468514095533,1.257676000010967
2.8000000000000003,-1.8697836430452939,1.2271553013670629,-2.0570672367011267,2.265714951229807,1.810468514095533,1.257676000010967
2.802,-1.8697836430452939,1.2271553013670629,-2.0570672367011267,2.265714951229807,1.810468514095533,1.257676000010967
2.8040000000000003,-1.8697836430452939,1.2271553013670629,-2.0570672367011267,2.265714951229807,1.810468514095533,1.257676000010967
2.806,-1.8697836430452939,1.2271553013670629,-2.0570672367011267,2.265714951229807,1.810468514095533,1.257676000010967
2.8080000000000003,-1.8697836430452939,1.2271553013670629,-2.0570672367011267,2.265714951229807,1.810468514095533,1.257676000010967
2.81,-1.8697836430452939,1.2271553013670629,-2.0570672367011267,2.265714951229807,1.810468514095533,1.257676000010967
2.8120000000000003,-1.8697836430452939,1.2271553013670629,-2.0570672367011267,2.265714951229807,1.810468514095533,1.257676000010967
2.814,-1.8697836430452939,1.2271553013670629,-2.0570672367011267,2.265714951229807,1.810468514095533,1.257676000010967
2.816,-1.8697836430452939,1.2271553013670629,-2.0570672367011267,2.265714951229807,1.810468514095533,1.257676000010967
2.818,-1.8697836430452939,1.2271553013670629,-2.0570672367011267,2.265714951229807,1.810468514095533,1.257676000010967
2.82,-1.8697836430452939,1.2271553013670629,-2.0570672367011267,2.265714951229807,1.810468514095533,1.257676000010967
2.822,-1.8697836430452939,1.2271553013670629,-2.0570672367011267,2.265714951229807,1.810468514095533,1.257676000010967
2.824,-1.8697836430452939,1.2271553013670629,-2.0570672367011267,2.265714951229807,1.810468514095533,1.257676000010967
2.826,-1.8697836430452939,1.2271553013670629,-2.0570672367011267,2.265714951229807,1.810468514095533,1.257676000010967
2.828,-1.8697836430452939,1.2271553013670629,-2.0570672367011267,2.265714951229807,1.810468514095533,1.257676000010967
2.83,-1.8697836430452939,1.2271553013670629,-2.0570672367011267,2.265714951229807,1.810468514095533,1.257676000010967
2.832,-1.8697836430452939,1.2271553013670629,-2.0570672367011267,2.265714951229807,1.810468514095533,1.257676000010967
2.834,-1.8697836430452939,1.2271553013670629,-2.0570672367011267,2.265714951229807,1.810468514095533,1.257676000010967
2.836,-1.8697836430452939,1.2271553013670629,-2.0570672367011267,2.265714951229807,1.810468514095533,1.257676000010967
2.838,-1.8697836430452939,1.2271553013670629,-2.0570672367011267,2.265714951229807,1.810468514095533,1.257676000010967
2.84,-1.8697836430452939,1.2271553013670629,-2.0570672367011267,2.265714951229807,1.810468514095533,1.257676000010967
2.842,-1.8697836430452939,1.2271553013670629,-2.0570672367011267,2.265714951229807,1.810468514095533,1.257676000010967
2.844,-1.8697836430452939,1.2271553013670629,-2.0570672367011267,2.265714951229807,1.810468514095533,1.257676000010967
2.846,-1.8697836430452939,1.2271553013670629,-2.0570672367011267,2.265714951229807,1.810468514095533,1.257676000010967
2.848,-1.8697836430452939,1.2271553013670629,-2.0570672367011267,2.265714951229807,1.810468514095533,1.257676000010967
2.85,-1.8697836430452939,1.2271553013670629,-2.0570672367011267,2.265714951229807,1.810468514095533,1.257676000010967
2.852,-1.8697836430452939,1.2271553013670629,-2.0570672367011267,2.265714951229807,1.810468514095533,1.257676000010967
2.854,-1.8697836430452939,1.2271553013670629,-2.0570672367011267,2.265714951229807,1.810468514095533,1.257676000010967
2.856,-1.8697836430452939,1.2271553013670629,-2.0570672367011267,2.265714951229807,1.810468514095533,1.257676000010967
2.858,-1.8697836430452939,1.2271553013670629,-2.0570672367011267,2.265714951229807,1.810468514095533,1.257676000010967
2.86,-1.8697836430452939,1.2271553013670629,-2.0570672367011267,2.265714951229807,1.810468514095533,1.257676000010967
2.862,-1.8697836430452939,1.2271553013670629,-2.0570672367011267,2.265714951229807,1.810468514095533,1.257676000010967
2.864,-1.8697836430452939,1.2271553013670629,-2.0570672367011267,2.265714951229807,1.810468514095533,1.257676000010967
2.866,-1.8697836430452939,1.2271553013670629,-2.0570672367011267,2.265714951229807,1.810468514095533,1.257676000010967
2.868,-1.8697836430452939,1.2271553013670629,-2.0570672367011267,2.265714951229807,1.810468514095533,1.257676000010967
2.87,-1.8697836430452939,1.2271553013670629,-2.0570672367011267,2.265714951229807,1.810468514095533,1.257676000010967
2.872,-1.8697836430452939,1.2271553013670629,-2.0570672367011267,2.265714951229807,1.810468514095533,1.257676000010967
2.874,-1.8697836430452939,1.2271553013670629,-2.0570672367011267,2.265714951229807,1.810468514095533,1.257676000010967
2.876,-1.8697836430452939,1.2271553013670629,-2.0570672367011267,2.265714951229807,1.810468514095533,1.257676000010967
2.878,-1.8697836430452939,1.2271553013670629,-2.0570672367011267,2.265714951229807,1.810468514095533,1.257676000010967
2.88,-1.8697836430452939,1.2271553013670629,-2.0570672367011267,2.265714951229807,1.810468514095533,1.257676000010967
2.882,-1.8697836430452939,1.2271553013670629,-2.0570672367011267,2.265714951229807,1.810468514095533,1.257676000010967
2.884,-1.8697836430452939,1.2271553013670629,-2.0570672367011267,2.265714951229807,1.810468514095533,1.257676000010967
2.886,-1.8697836430452939,1.2271553013670629,-2.0570672367011267,2.265714951229807,1.810468514095533,1.257676000010967
2.888,-1.8697836430452939,1.2271553013670629,-2.0570672367011267,2.265714951229807,1.810468514095533,1.257676000010967
2.89,-1.8697836430452939,1.2271553013670629,-2.0570672367011267,2.265714951229807,1.810468514095533,1.257676000010967
2.892,-1.8697836430452939,1.2271553013670629,-2.0570672367011267,2.265714951229807,1.810468514095533,1.257676000010967
2.894,-1.8697836430452939,1.2271553013670629,-2.0570672367011267,2.265714951229807,1.810468514095533,1.257676000010967
2.896,-1.8697836430452939,1.2271553013670629,-2.0570672367011267,2.265714951229807,1.810468514095533,1.257676000010967
2.898,-1.8697836430452939,1.2271553013670629,-2.0570672367011267,2.265714951229807,1.810468514095533,1.257676000010967
2.9,-1.8697836430452939,1.2271553013670629,-2.0570672367011267,2.265714951229807,1.810468514095533,1.257676000010967
2.902,-1.8697836430452939,1.2271553013670629,-2.0570672367011267,2.265714951229807,1.810468514095533,1.257676000010967
2.904,-1.8697836430452939,1.2271553013670629,-2.0570672367011267,2.265714951229807,1.810468514095533,1.257676000010967
2.906,-1.8697836430452939,1.2271553013670629,-2.0570672367011267,2.265714951229807,1.810468514095533,1.257676000010967
2.908,-1.8697836430452939,1.2271553013670629,-2.0570672367011267,2.265714951229807,1.810468514095533,1.257676000010967
2.91,-1.8697836430452939,1.2271553013670629,-2.0570672367011267,2.265714951229807,1.810468514095533,1.257676000010967
2.912,-1.8697836430452939,1.2271553013670629,-2.0570672367011267,2.265714951229807,1.810468514095533,1.257676000010967
2.914,-1.8697836430452939,1.2271553013670629,-2.0570672367011267,2.265714951229807,1.810468514095533,1.257676000010967
2.916,-1.8697836430452939,1.2271553013670629,-2.0570672367011267,2.265714951229807,1.810468514095533,1.257676000010967
2.918,-1.8697836430452939,1.2271553013670629,-2.0570672367011267,2.265714951229807,1.810468514095533,1.257676000010967
2.92,-1.8697836430452939,1.2271553013670629,-2.0570672367011267,2.265714951229807,1.810468514095533,1.257676000010967
2.922,-1.8697836430452939,1.2271553013670629,-2.0570672367011267,2.265714951229807,1.810468514095533,1.257676000010967
2.924,-1.8697836430452939,1.2271553013670629,-2.0570672367011267,2.265714951229807,1.810468514095533,1.257676000010967
2.926,-1.8697836430452939,1.2271553013670629,-2.0570672367011267,2.265714951229807,1.810468514095533,1.257676000010967
2.928,-1.8697836430452939,1.2271553013670629,-2.0570672367011267,2.265714951229807,1.810468514095533,1.257676000010967
2.93,-1.8697836430452939,1.2271553013670629,-2.0570672367011267,2.265714951229807,1.810468514095533,1.257676000010967
2.932,-1.8697836430452939,1.2271553013670629,-2.0570672367011267,2.265714951229807,1.810468514095533,1.257676000010967
2.934,-1.8697836430452939,1.2271553013670629,-2.0570672367011267,2.265714951229807,1.810468514095533,1.257676000010967
2.936,-1.8697836430452939,1.2271553013670629,-2.0570672367011267,2.265714951229807,1.810468514095533,1.257676000010967
2.938,-1.8697836430452939,1.2271553013670629,-2.0570672367011267,2.265714951229807,1.810468514095533,1.257676000010967
2.94,-1.8697836430452939,1.2271553013670629,-2.0570672367011267,2.265714951229807,1.810468514095533,1.257676000010967
2.942,-1.8697836430452939,1.2271553013670629,-2.0570672367011267,2.265714951229807,1.810468514095533,1.257676000010967
2.944,-1.8697836430452939,1.2271553013670629,-2.0570672367011267,2.265714951229807,1.810468514095533,1.257676000010967
2.946,-1.8697836430452939,1.2271553013670629,-2.0570672367011267,2.265714951229807,1.810468514095533,1.257676000010967
2.948,-1.8697836430452939,1.2271553013670629,-2.0570672367011267,2.265714951229807,1.810468514095533,1.257676000010967
2.95,-1.8697836430452939,1.2271553013670629,-2.0570672367011267,2.265714951229807,1.810468514095533,1.257676000010967
2.952,-1.8697836430452939,1.2271553013670629,-2.0570672367011267,2.265714951229807,1.810468514095533,1.257676000010967
2.954,-1.8697836430452939,1.2271553013670629,-2.0570672367011267,2.265714951229807,1.810468514095533,1.257676000010967
2.956,-1.8697836430452939,1.2271553013670629,-2.0570672367011267,2.265714951229807,1.810468514095533,1.257676000010967
2.958,-1.8697836430452939,1.2271553013670629,-2.0570672367011267,2.265714951229807,1.810468514095533,1.257676000010967
2.96,-1.8697836430452939,1.2271553013670629,-2.0570672367011267,2.265714951229807,1.810468514095533,1.257676000010967
2.962,-1.8697836430452939,1.2271553013670629,-2.0570672367011267,2.265714951229807,1.810468514095533,1.257676000010967
2.964,-1.8697836430452939,1.2271553013670629,-2.0570672367011267,2.265714951229807,1.810468514095533,1.257676000010967
2.966,-1.8697836430452939,1.2271553013670629,-2.0570672367011267,2.265714951229807,1.810468514095533,1.257676000010967
2.968,-1.8697836430452939,1.2271553013670629,-2.0570672367011267,2.265714951229807,1.810468514095533,1.257676000010967
2.97,-1.8697836430452939,1.2271553013670629,-2.0570672367011267,2.265714951229807,1.810468514095533,1.257676000010967
2.972,-1.8697836430452939,1.2271553013670629,-2.0570672367011267,2.265714951229807,1.810468514095533,1.257676000010967
2.974,-1.8697836430452939,1.2271553013670629,-2.0570672367011267,2.265714951229807,1.810468514095533,1.257676000010967
2.976,-1.8697836430452939,1.2271553013670629,-2.0570672367011267,2.265714951229807,1.810468514095533,1.257676000010967
2.978,-1.8697836430452939,1.2271553013670629,-2.0570672367011267,2.265714951229807,1.810468514095533,1.257676000010967
2.98,-1.8697836430452939,1.2271553013670629,-2.0570672367011267,2.265714951229807,1.810468514095533,1.257676000010967
2.982,-1.8697836430452939,1.2271553013670629,-2.0570672367011267,2.265714951229807,1.810468514095533,1.257676000010967
2.984,-1.8697836430452939,1.2271553013670629,-2.0570672367011267,2.265714951229807,1.810468514095533,1.257676000010967
2.986,-1.8697836430452939,1.2271553013670629,-2.0570672367011267,2.265714951229807,1.810468514095533,1.257676000010967
2.988,-1.8697836430452939,1.2271553013670629,-2.0570672367011267,2.265714951229807,1.810468514095533,1.257676000010967
2.99,-1.8697836430452939,1.2271553013670629,-2.0570672367011267,2.265714951229807,1.810468514095533,1.257676000010967
2.992,-1.8697836430452939,1.2271553013670629,-2.0570672367011267,2.265714951229807,1.810468514095533,1.257676000010967
2.994,-1.8697836430452939,1.2271553013670629,-2.0570672367011267,2.265714951229807,1.810468514095533,1.257676000010967
2.996,-1.8697836430452939,1.2271553013670629,-2.0570672367011267,2.265714951229807,1.810468514095533,1.257676000010967
2.998,-1.8697836430452939,1.2271553013670629,-2.0570672367011267,2.265714951229807,1.810468514095533,1.257676000010967
3.0,-1.8697836430452939,1.2271553013670629,-2.0570672367011267,2.265714951229807,1.810468514095533,1.257676000010967
3.0020000000000002,-1.8697836430452939,1.2271553013670629,-2.0570672367011267,2.265714951229807,1.810468514095533,1.257676000010967
3.004,-1.8697836430452939,1.2271553013670629,-2.0570672367011267,2.265714951229807,1.810468514095533,1.257676000010967
3.0060000000000002,-1.8697836430452939,1.2271553013670629,-2.0570672367011267,2.265714951229807,1.810468514095533,1.257676000010967
3.008,-1.8697836430452939,1.2271553013670629,-2.0570672367011267,2.265714951229807,1.810468514095533,1.257676000010967
3.0100000000000002,-1.8697836430452939,1.2271553013670629,-2.0570672367011267,2.265714951229807,1.810468514095533,1.257676000010967
3.012,-1.8697836430452939,1.2271553013670629,-2.0570672367011267,2.265714951229807,1.810468514095533,1.257676000010967
3.0140000000000002,-1.8697836430452939,1.2271553013670629,-2.0570672367011267,2.265714951229807,1.810468514095533,1.257676000010967
3.016,-1.8697836430452939,1.2271553013670629,-2.0570672367011267,2.265714951229807,1.810468514095533,1.257676000010967
3.0180000000000002,-1.8697836430452939,1.2271553013670629,-2.0570672367011267,2.265714951229807,1.810468514095533,1.257676000010967
3.02,-1.8697836430452939,1.2271553013670629,-2.0570672367011267,2.265714951229807,1.810468514095533,1.257676000010967
3.0220000000000002,-1.8697836430452939,1.2271553013670629,-2.0570672367011267,2.265714951229807,1.810468514095533,1.257676000010967
3.024,-1.8697836430452939,1.2271553013670629,-2.0570672367011267,2.265714951229807,1.810468514095533,1.257676000010967
3.0260000000000002,-1.8697836430452939,1.2271553013670629,-2.0570672367011267,2.265714951229807,1.810468514095533,1.257676000010967
3.028,-1.8697836430452939,1.2271553013670629,-2.0570672367011267,2.265714951229807,1.810468514095533,1.257676000010967
3.0300000000000002,-1.8697836430452939,1.2271553013670629,-2.0570672367011267,2.265714951229807,1.810468514095533,1.257676000010967
3.032,-1.8697836430452939,1.2271553013670629,-2.0570672367011267,2.265714951229807,1.810468514095533,1.257676000010967
3.0340000000000003,-1.8697836430452939,1.2271553013670629,-2.0570672367011267,2.265714951229807,1.810468514095533,1.257676000010967
3.036,-1.8697836430452939,1.2271553013670629,-2.0570672367011267,2.265714951229807,1.810468514095533,1.257676000010967
3.0380000000000003,-1.8697836430452939,1.2271553013670629,-2.0570672367011267,2.265714951229807,1.810468514095533,1.257676000010967
3.04,-1.8697836430452939,1.2271553013670629,-2.0570672367011267,2.265714951229807,1.810468514095533,1.257676000010967
3.0420000000000003,-1.8697836430452939,1.2271553013670629,-2.0570672367011267,2.265714951229807,1.810468514095533,1.257676000010967
3.044,-1.8697836430452939,1.2271553013670629,-2.0570672367011267,2.265714951229807,1.810468514095533,1.257676000010967
3.0460000000000003,-1.8697836430452939,1.2271553013670629,-2.0570672367011267,2.265714951229807,1.810468514095533,1.257676000010967
3.048,-1.8697836430452939,1.2271553013670629,-2.0570672367011267,2.265714951229807,1.810468514095533,1.257676000010967
3.0500000000000003,-1.8697836430452939,1.2271553013670629,-2.0570672367011267,2.265714951229807,1.810468514095533,1.257676000010967
3.052,-1.8697836430452939,1.2271553013670629,-2.0570672367011267,2.265714951229807,1.810468514095533,1.257676000010967
3.0540000000000003,-1.8697836430452939,1.2271553013670629,-2.0570672367011267,2.265714951229807,1.810468514095533,1.257676000010967
3.056,-1.8697836430452939,1.2271553013670629,-2.0570672367011267,2.265714951229807,1.810468514095533,1.257676000010967
3.0580000000000003,-1.8697836430452939,1.2271553013670629,-2.0570672367011267,2.265714951229807,1.810468514095533,1.257676000010967
3.06,-1.8697836430452939,1.2271553013670629,-2.0570672367011267,2.265714951229807,1.810468514095533,1.257676000010967
3.0620000000000003,-1.8697836430452939,1.2271553013670629,-2.0570672367011267,2.265714951229807,1.810468514095533,1.257676000010967
3.064,-1.8697836430452939,1.2271553013670629,-2.0570672367011267,2.265714951229807,1.810468514095533,1.257676000010967
3.0660000000000003,-1.8697836430452939,1.2271553013670629,-2.0570672367011267,2.265714951229807,1.810468514095533,1.257676000010967
3.068,-1.8697836430452939,1.2271553013670629,-2.0570672367011267,2.265714951229807,1.810468514095533,1.257676000010967
3.0700000000000003,-1.8697836430452939,1.2271553013670629,-2.0570672367011267,2.265714951229807,1.810468514095533,1.257676000010967
3.072,-1.8697836430452939,1.2271553013670629,-2.0570672367011267,2.265714951229807,1.810468514095533,1.257676000010967
3.074,-1.8697836430452939,1.2271553013670629,-2.0570672367011267,2.265714951229807,1.810468514095533,1.257676000010967
3.076,-1.8697836430452939,1.2271553013670629,-2.0570672367011267,2.265714951229807,1.810468514095533,1.257676000010967
3.078,-1.8697836430452939,1.2271553013670629,-2.0570672367011267,2.265714951229807,1.810468514095533,1.257676000010967
3.08,-1.8697836430452939,1.2271553013670629,-2.0570672367011267,2.265714951229807,1.810468514095533,1.257676000010967
3.082,-1.8697836430452939,1.2271553013670629,-2.0570672367011267,2.265714951229807,1.810468514095533,1.257676000010967
3.084,-1.8697836430452939,1.2271553013670629,-2.0570672367011267,2.265714951229807,1.810468514095533,1.257676000010967
3.086,-1.8697836430452939,1.2271553013670629,-2.0570672367011267,2.265714951229807,1.810468514095533,1.257676000010967
3.088,-1.8697836430452939,1.2271553013670629,-2.0570672367011267,2.265714951229807,1.810468514095533,1.257676000010967
3.09,-1.8697836430452939,1.2271553013670629,-2.0570672367011267,2.265714951229807,1.810468514095533,1.257676000010967
3.092,-1.8697836430452939,1.2271553013670629,-2.0570672367011267,2.265714951229807,1.810468514095533,1.257676000010967
3.094,-1.8697836430452939,1.2271553013670629,-2.0570672367011267,2.265714951229807,1.810468514095533,1.257676000010967
3.096,-1.8697836430452939,1.2271553013670629,-2.0570672367011267,2.265714951229807,1.810468514095533,1.257676000010967
3.098,-1.8697836430452939,1.2271553013670629,-2.0570672367011267,2.265714951229807,1.810468514095533,1.257676000010967
3.1,-1.8697836430452939,1.2271553013670629,-2.0570672367011267,2.265714951229807,1.810468514095533,1.257676000010967
3.102,-1.8697836430452939,1.2271553013670629,-2.0570672367011267,2.265714951229807,1.810468514095533,1.257676000010967
3.104,-1.8697836430452939,1.2271553013670629,-2.0570672367011267,2.265714951229807,1.810468514095533,1.257676000010967
3.106,-1.8697836430452939,1.2271553013670629,-2.0570672367011267,2.265714951229807,1.810468514095533,1.257676000010967
3.108,-1.8697836430452939,1.2271553013670629,-2.0570672367011267,2.265714951229807,1.810468514095533,1.257676000010967
3.11,-1.8697836430452939,1.2271553013670629,-2.0570672367011267,2.265714951229807,1.810468514095533,1.257676000010967
3.112,-1.8697836430452939,1.2271553013670629,-2.0570672367011267,2.265714951229807,1.810468514095533,1.257676000010967
3.114,-1.8697836430452939,1.2271553013670629,-2.0570672367011267,2.265714951229807,1.810468514095533,1.257676000010967
3.116,-1.8697836430452939,1.2271553013670629,-2.0570672367011267,2.265714951229807,1.810468514095533,1.257676000010967
3.118,-1.8697836430452939,1.2271553013670629,-2.0570672367011267,2.265714951229807,1.810468514095533,1.257676000010967
3.12,-1.8697836430452939,1.2271553013670629,-2.0570672367011267,2.265714951229807,1.810468514095533,1.257676000010967
3.122,-1.8697836430452939,1.2271553013670629,-2.0570672367011267,2.265714951229807,1.810468514095533,1.257676000010967
3.124,-1.8697836430452939,1.2271553013670629,-2.0570672367011267,2.265714951229807,1.810468514095533,1.257676000010967
3.126,-1.8697836430452939,1.2271553013670629,-2.0570672367011267,2.265714951229807,1.810468514095533,1.257676000010967
3.128,-1.8697836430452939,1.2271553013670629,-2.0570672367011267,2.265714951229807,1.810468514095533,1.257676000010967
3.13,-1.8697836430452939,1.2271553013670629,-2.0570672367011267,2.265714951229807,1.810468514095533,1.257676000010967
3.132,-1.8697836430452939,1.2271553013670629,-2.0570672367011267,2.265714951229807,1.810468514095533,1.257676000010967
3.134,-1.8697836430452939,1.2271553013670629,-2.0570672367011267,2.265714951229807,1.810468514095533,1.257676000010967
3.136,-1.8697836430452939,1.2271553013670629,-2.0570672367011267,2.265714951229807,1.810468514095533,1.257676000010967
3.138,-1.8697836430452939,1.2271553013670629,-2.0570672367011267,2.265714951229807,1.810468514095533,1.257676000010967
3.14,-1.8697836430452939,1.2271553013670629,-2.0570672367011267,2.265714951229807,1.810468514095533,1.257676000010967
3.142,-1.8697836430452939,1.2271553013670629,-2.0570672367011267,2.265714951229807,1.810468514095533,1.257676000010967
3.144,-1.8697836430452939,1.2271553013670629,-2.0570672367011267,2.265714951229807,1.810468514095533,1.257676000010967
3.146,-1.8697836430452939,1.2271553013670629,-2.0570672367011267,2.265714951229807,1.810468514095533,1.257676000010967
3.148,-1.8697836430452939,1.2271553013670629,-2.0570672367011267,2.265714951229807,1.810468514095533,1.257676000010967
3.15,-1.8697836430452939,1.2271553013670629,-2.0570672367011267,2.265714951229807,1.810468514095533,1.257676000010967
3.152,-1.8697836430452939,1.2271553013670629,-2.0570672367011267,2.265714951229807,1.810468514095533,1.257676000010967
3.154,-1.8697836430452939,1.2271553013670629,-2.0570672367011267,2.265714951229807,1.810468514095533,1.257676000010967
3.156,-1.8697836430452939,1.2271553013670629,-2.0570672367011267,2.265714951229807,1.810468514095533,1.257676000010967
3.158,-1.8697836430452939,1.2271553013670629,-2.0570672367011267,2.265714951229807,1.810468514095533,1.257676000010967
3.16,-1.8697836430452939,1.2271553013670629,-2.0570672367011267,2.265714951229807,1.810468514095533,1.257676000010967
3.162,-1.8697836430452939,1.2271553013670629,-2.0570672367011267,2.265714951229807,1.810468514095533,1.257676000010967
3.164,-1.8697836430452939,1.2271553013670629,-2.0570672367011267,2.265714951229807,1.810468514095533,1.257676000010967
3.166,-1.8697836430452939,1.2271553013670629,-2.0570672367011267,2.265714951229807,1.810468514095533,1.257676000010967
3.168,-1.8697836430452939,1.2271553013670629,-2.0570672367011267,2.265714951229807,1.810468514095533,1.257676000010967
3.17,-1.8697836430452939,1.2271553013670629,-2.0570672367011267,2.265714951229807,1.810468514095533,1.257676000010967
3.172,-1.8697836430452939,1.2271553013670629,-2.0570672367011267,2.265714951229807,1.810468514095533,1.257676000010967
3.174,-1.8697836430452939,1.2271553013670629,-2.0570672367011267,2.265714951229807,1.810468514095533,1.257676000010967
3.176,-1.8697836430452939,1.2271553013670629,-2.0570672367011267,2.265714951229807,1.810468514095533,1.257676000010967
3.178,-1.8697836430452939,1.2271553013670629,-2.0570672367011267,2.265714951229807,1.810468514095533,1.257676000010967
3.18,-1.8697836430452939,1.2271553013670629,-2.0570672367011267,2.265714951229807,1.810468514095533,1.257676000010967
3.182,-1.8697836430452939,1.2271553013670629,-2.0570672367011267,2.265714951229807,1.810468514095533,1.257676000010967
3.184,-1.8697836430452939,1.2271553013670629,-2.0570672367011267,2.265714951229807,1.810468514095533,1.257676000010967
3.186,-1.8697836430452939,1.2271553013670629,-2.0570672367011267,2.265714951229807,1.810468514095533,1.257676000010967
3.188,-1.8697836430452939,1.2271553013670629,-2.0570672367011267,2.265714951229807,1.810468514095533,1.257676000010967
3.19,-1.8495369473396963,1.228109374747666,-2.0761626501008275,2.295281137890179,1.7731590452866126,1.280888821664409
3.192,-1.8495369473396963,1.228109374747666,-2.0761626501008275,2.295281137890179,1.7731590452866126,1.280888821664409
3.194,-1.8495369473396963,1.228109374747666,-2.0761626501008275,2.295281137890179,1.7731590452866126,1.280888821664409
3.196,-1.8495369473396963,1.228109374747666,-2.0761626501008275,2.295281137890179,1.7731590452866126,1.280888821664409
3.198,-1.8495369473396963,1.228109374747666,-2.0761626501008275,2.295281137890179,1.7731590452866126,1.280888821664409
3.2,-1.8495369473396963,1.228109374747666,-2.0761626501008275,2.295281137890179,1.7731590452866126,1.280888821664409
3.202,-1.8495369473396963,1.228109374747666,-2.0761626501008275,2.295281137890179,1.7731590452866126,1.280888821664409
3.204,-1.8495369473396963,1.228109374747666,-2.0761626501008275,2.295281137890179,1.7731590452866126,1.280888821664409
3.206,-1.8495369473396963,1.228109374747666,-2.0761626501008275,2.295281137890179,1.7731590452866126,1.280888821664409
3.208,-1.8495369473396963,1.228109374747666,-2.0761626501008275,2.295281137890179,1.7731590452866126,1.280888821664409
3.21,-1.8495369473396963,1.228109374747666,-2.0761626501008275,2.295281137890179,1.7731590452866126,1.280888821664409
3.212,-1.8495369473396963,1.228109374747666,-2.0761626501008275,2.295281137890179,1.7731590452866126,1.280888821664409
3.214,-1.8495369473396963,1.228109374747666,-2.0761626501008275,2.295281137890179,1.7731590452866126,1.280888821664409
3.216,-1.8495369473396963,1.228109374747666,-2.0761626501008275,2.295281137890179,1.7731590452866126,1.280888821664409
3.218,-1.8495369473396963,1.228109374747666,-2.0761626501008275,2.295281137890179,1.7731590452866126,1.280888821664409
3.22,-1.8495369473396963,1.228109374747666,-2.0761626501008275,2.295281137890179,1.7731590452866126,1.280888821664409
3.222,-1.8495369473396963,1.228109374747666,-2.0761626501008275,2.295281137890179,1.7731590452866126,1.280888821664409
3.224,-1.8495369473396963,1.228109374747666,-2.0761626501008275,2.295281137890179,1.7731590452866126,1.280888821664409
3.226,-1.8495369473396963,1.228109374747666,-2.0761626501008275,2.295281137890179,1.7731590452866126,1.280888821664409
3.228,-1.8495369473396963,1.228109374747666,-2.0761626501008275,2.295281137890179,1.7731590452866126,1.280888821664409
3.23,-1.8495369473396963,1.228109374747666,-2.0761626501008275,2.295281137890179,1.7731590452866126,1.280888821664409
3.232,-1.8495369473396963,1.228109374747666,-2.0761626501008275,2.295281137890179,1.7731590452866126,1.280888821664409
3.234,-1.8495369473396963,1.228109374747666,-2.0761626501008275,2.295281137890179,1.7731590452866126,1.280888821664409
3.236,-1.8495369473396963,1.228109374747666,-2.0761626501008275,2.295281137890179,1.7731590452866126,1.280888821664409
3.238,-1.8495369473396963,1.228109374747666,-2.0761626501008275,2.295281137890179,1.7731590452866126,1.280888821664409
3.24,-1.8495369473396963,1.228109374747666,-2.0761626501008275,2.295281137890179,1.7731590452866126,1.280888821664409
3.242,-1.8495369473396963,1.228109374747666,-2.0761626501008275,2.295281137890179,1.7731590452866126,1.280888821664409
3.244,-1.8495369473396963,1.228109374747666,-2.0761626501008275,2.295281137890179,1.7731590452866126,1.280888821664409
3.246,-1.8495369473396963,1.228109374747666,-2.0761626501008275,2.295281137890179,1.7731590452866126,1.280888821664409
3.248,-1.8495369473396963,1.228109374747666,-2.0761626501008275,2.295281137890179,1.7731590452866126,1.280888821664409
3.25,-1.8495369473396963,1.228109374747666,-2.0761626501008275,2.295281137890179,1.7731590452866126,1.280888821664409
3.2520000000000002,-1.8495369473396963,1.228109374747666,-2.0761626501008275,2.295281137890179,1.7731590452866126,1.280888821664409
3.254,-1.8495369473396963,1.228109374747666,-2.0761626501008275,2.295281137890179,1.7731590452866126,1.280888821664409
3.2560000000000002,-1.8495369473396963,1.228109374747666,-2.0761626501008275,2.295281137890179,1.7731590452866126,1.280888821664409
3.258,-1.8495369473396963,1.228109374747666,-2.0761626501008275,2.295281137890179,1.7731590452866126,1.280888821664409
3.2600000000000002,-1.8495369473396963,1.228109374747666,-2.0761626501008275,2.295281137890179,1.7731590452866126,1.280888821664409
3.262,-1.8495369473396963,1.228109374747666,-2.0761626501008275,2.295281137890179,1.7731590452866126,1.280888821664409
3.2640000000000002,-1.8495369473396963,1.228109374747666,-2.0761626501008275,2.295281137890179,1.7731590452866126,1.280888821664409
3.266,-1.8495369473396963,1.228109374747666,-2.0761626501008275,2.295281137890179,1.7731590452866126,1.280888821664409
3.2680000000000002,-1.8495369473396963,1.228109374747666,-2.0761626501008275,2.295281137890179,1.7731590452866126,1.280888821664409
3.27,-1.8495369473396963,1.228109374747666,-2.0761626501008275,2.295281137890179,1.7731590452866126,1.280888821664409
3.2720000000000002,-1.8495369473396963,1.228109374747666,-2.0761626501008275,2.295281137890179,1.7731590452866126,1.280888821664409
3.274,-1.8495369473396963,1.228109374747666,-2.0761626501008275,2.295281137890179,1.7731590452866126,1.280888821664409
3.2760000000000002,-1.8495369473396963,1.228109374747666,-2.0761626501008275,2.295281137890179,1.7731590452866126,1.280888821664409
3.278,-1.8495369473396963,1.228109374747666,-2.0761626501008275,2.295281137890179,1.7731590452866126,1.280888821664409
3.2800000000000002,-1.8495369473396963,1.228109374747666,-2.0761626501008275,2.295281137890179,1.7731590452866126,1.280888821664409
3.282,-1.8495369473396963,1.228109374747666,-2.0761626501008275,2.295281137890179,1.7731590452866126,1.280888821664409
3.2840000000000003,-1.8495369473396963,1.228109374747666,-2.0761626501008275,2.295281137890179,1.7731590452866126,1.280888821664409
3.286,-1.8495369473396963,1.228109374747666,-2.0761626501008275,2.295281137890179,1.7731590452866126,1.280888821664409
3.2880000000000003,-1.8495369473396963,1.228109374747666,-2.0761626501008275,2.295281137890179,1.7731590452866126,1.280888821664409
3.29,-1.8495369473396963,1.228109374747666,-2.0761626501008275,2.295281137890179,1.7731590452866126,1.280888821664409
3.2920000000000003,-1.8495369473396963,1.228109374747666,-2.0761626501008275,2.295281137890179,1.7731590452866126,1.280888821664409
3.294,-1.8495369473396963,1.228109374747666,-2.0761626501008275,2.295281137890179,1.7731590452866126,1.280888821664409
3.2960000000000003,-1.8495369473396963,1.228109374747666,-2.0761626501008275,2.295281137890179,1.7731590452866126,1.280888821664409
3.298,-1.8495369473396963,1.228109374747666,-2.0761626501008275,2.295281137890179,1.7731590452866126,1.280888821664409
3.3000000000000003,-1.8495369473396963,1.228109374747666,-2.0761626501008275,2.295281137890179,1.7731590452866126,1.280888821664409
3.302,-1.8495369473396963,1.228109374747666,-2.0761626501008275,2.295281137890179,1.7731590452866126,1.280888821664409
3.3040000000000003,-1.8495369473396963,1.228109374747666,-2.0761626501008275,2.295281137890179,1.7731590452866126,1.280888821664409
3.306,-1.8495369473396963,1.228109374747666,-2.0761626501008275,2.295281137890179,1.7731590452866126,1.280888821664409
3.3080000000000003,-1.8495369473396963,1.228109374747666,-2.0761626501008275,2.295281137890179,1.7731590452866126,1.280888821664409
3.31,-1.8495369473396963,1.228109374747666,-2.0761626501008275,2.295281137890179,1.7731590452866126,1.280888821664409
3.3120000000000003,-1.8495369473396963,1.228109374747666,-2.0761626501008275,2.295281137890179,1.7731590452866126,1.280888821664409
3.314,-1.8495369473396963,1.228109374747666,-2.0761626501008275,2.295281137890179,1.7731590452866126,1.280888821664409
3.3160000000000003,-1.8495369473396963,1.228109374747666,-2.0761626501008275,2.295281137890179,1.7731590452866126,1.280888821664409
3.318,-1.8495369473396963,1.228109374747666,-2.0761626501008275,2.295281137890179,1.7731590452866126,1.280888821664409
3.3200000000000003,-1.8495369473396963,1.228109374747666,-2.0761626501008275,2.295281137890179,1.7731590452866126,1.280888821664409
3.322,-1.8495369473396963,1.228109374747666,-2.0761626501008275,2.295281137890179,1.7731590452866126,1.280888821664409
3.3240000000000003,-1.8495369473396963,1.228109374747666,-2.0761626501008275,2.295281137890179,1.7731590452866126,1.280888821664409
3.326,-1.8495369473396963,1.228109374747666,-2.0761626501008275,2.295281137890179,1.7731590452866126,1.280888821664409
3.3280000000000003,-1.8495369473396963,1.228109374747666,-2.0761626501008275,2.295281137890179,1.7731590452866126,1.280888821664409
3.33,-1.8495369473396963,1.228109374747666,-2.0761626501008275,2.295281137890179,1.7731590452866126,1.280888821664409
3.332,-1.8495369473396963,1.228109374747666,-2.0761626501008275,2.295281137890179,1.7731590452866126,1.280888821664409
3.334,-1.8495369473396963,1.228109374747666,-2.0761626501008275,2.295281137890179,1.7731590452866126,1.280888821664409
3.336,-1.8495369473396963,1.228109374747666,-2.0761626501008275,2.295281137890179,1.7731590452866126,1.280888821664409
3.338,-1.8495369473396963,1.228109374747666,-2.0761626501008275,2.295281137890179,1.7731590452866126,1.280888821664409
3.34,-1.8495369473396963,1.228109374747666,-2.0761626501008275,2.295281137890179,1.7731590452866126,1.280888821664409
3.342,-1.8495369473396963,1.228109374747666,-2.0761626501008275,2.295281137890179,1.7731590452866126,1.280888821664409
3.344,-1.8495369473396963,1.228109374747666,-2.0761626501008275,2.295281137890179,1.7731590452866126,1.280888821664409
3.346,-1.8495369473396963,1.228109374747666,-2.0761626501008275,2.295281137890179,1.7731590452866126,1.280888821664409
3.348,-1.8495369473396963,1.228109374747666,-2.0761626501008275,2.295281137890179,1.7731590452866126,1.280888821664409
3.35,-1.8495369473396963,1.228109374747666,-2.0761626501008275,2.295281137890179,1.7731590452866126,1.280888821664409
3.352,-1.8495369473396963,1.228109374747666,-2.0761626501008275,2.295281137890179,1.7731590452866126,1.280888821664409
3.354,-1.8495369473396963,1.228109374747666,-2.0761626501008275,2.295281137890179,1.7731590452866126,1.280888821664409
3.356,-1.8495369473396963,1.228109374747666,-2.0761626501008275,2.295281137890179,1.7731590452866126,1.280888821664409
3.358,-1.8495369473396963,1.228109374747666,-2.0761626501008275,2.295281137890179,1.7731590452866126,1.280888821664409
3.36,-1.8495369473396963,1.228109374747666,-2.0761626501008275,2.295281137890179,1.7731590452866126,1.280888821664409
3.362,-1.8495369473396963,1.228109374747666,-2.0761626501008275,2.295281137890179,1.7731590452866126,1.280888821664409
3.364,-1.8495369473396963,1.228109374747666,-2.0761626501008275,2.295281137890179,1.7731590452866126,1.280888821664409
3.366,-1.8495369473396963,1.228109374747666,-2.0761626501008275,2.295281137890179,1.7731590452866126,1.280888821664409
3.368,-1.8495369473396963,1.228109374747666,-2.0761626501008275,2.295281137890179,1.7731590452866126,1.280888821664409
3.37,-1.8495369473396963,1.228109374747666,-2.0761626501008275,2.295281137890179,1.7731590452866126,1.280888821664409
3.372,-1.8495369473396963,1.228109374747666,-2.0761626501008275,2.295281137890179,1.7731590452866126,1.280888821664409
3.374,-1.8495369473396963,1.228109374747666,-2.0761626501008275,2.295281137890179,1.7731590452866126,1.280888821664409
3.376,-1.8495369473396963,1.228109374747666,-2.0761626501008275,2.295281137890179,1.7731590452866126,1.280888821664409
3.378,-1.8495369473396963,1.228109374747666,-2.0761626501008275,2.295281137890179,1.7731590452866126,1.280888821664409
3.38,-1.8495369473396963,1.228109374747666,-2.0761626501008275,2.295281137890179,1.7731590452866126,1.280888821664409
3.382,-1.8495369473396963,1.228109374747666,-2.0761626501008275,2.295281137890179,1.7731590452866126,1.280888821664409
3.384,-1.8495369473396963,1.228109374747666,-2.0761626501008275,2.295281137890179,1.7731590452866126,1.280888821664409
3.386,-1.8495369473396963,1.228109374747666,-2.0761626501008275,2.295281137890179,1.7731590452866126,1.280888821664409
3.388,-1.8495369473396963,1.228109374747666,-2.0761626501008275,2.295281137890179,1.7731590452866126,1.280888821664409
3.39,-1.8495369473396963,1.228109374747666,-2.0761626501008275,2.295281137890179,1.7731590452866126,1.280888821664409
3.392,-1.8495369473396963,1.228109374747666,-2.0761626501008275,2.295281137890179,1.7731590452866126,1.280888821664409
3.394,-1.8495369473396963,1.228109374747666,-2.0761626501008275,2.295281137890179,1.7731590452866126,1.280888821664409
3.396,-1.8495369473396963,1.228109374747666,-2.0761626501008275,2.295281137890179,1.7731590452866126,1.280888821664409
3.398,-1.8495369473396963,1.228109374747666,-2.0761626501008275,2.295281137890179,1.7731590452866126,1.280888821664409
3.4,-1.8495369473396963,1.228109374747666,-2.0761626501008275,2.295281137890179,1.7731590452866126,1.280888821664409
3.402,-1.8495369473396963,1.228109374747666,-2.0761626501008275,2.295281137890179,1.7731590452866126,1.280888821664409
3.404,-1.8495369473396963,1.228109374747666,-2.0761626501008275,2.295281137890179,1.7731590452866126,1.280888821664409
3.406,-1.8495369473396963,1.228109374747666,-2.0761626501008275,2.295281137890179,1.7731590452866126,1.280888821664409
3.408,-1.8495369473396963,1.228109374747666,-2.0761626501008275,2.295281137890179,1.7731590452866126,1.280888821664409
3.41,-1.8495369473396963,1.228109374747666,-2.0761626501008275,2.295281137890179,1.7731590452866126,1.280888821664409
3.412,-1.8495369473396963,1.228109374747666,-2.0761626501008275,2.295281137890179,1.7731590452866126,1.280888821664409
3.414,-1.8495369473396963,1.228109374747666,-2.0761626501008275,2.295281137890179,1.7731590452866126,1.280888821664409
3.416,-1.8495369473396963,1.228109374747666,-2.0761626501008275,2.295281137890179,1.7731590452866126,1.280888821664409
3.418,-1.8495369473396963,1.228109374747666,-2.0761626501008275,2.295281137890179,1.7731590452866126,1.280888821664409
3.42,-1.8495369473396963,1.228109374747666,-2.0761626501008275,2.295281137890179,1.7731590452866126,1.280888821664409
3.422,-1.8495369473396963,1.228109374747666,-2.0761626501008275,2.295281137890179,1.7731590452866126,1.280888821664409
3.424,-1.8495369473396963,1.228109374747666,-2.0761626501008275,2.295281137890179,1.7731590452866126,1.280888821664409
3.426,-1.8495369473396963,1.228109374747666,-2.0761626501008275,2.295281137890179,1.7731590452866126,1.280888821664409
3.428,-1.8495369473396963,1.228109374747666,-2.0761626501008275,2.295281137890179,1.7731590452866126,1.280888821664409
3.43,-1.8495369473396963,1.228109374747666,-2.0761626501008275,2.295281137890179,1.7731590452866126,1.280888821664409
3.432,-1.8495369473396963,1.228109374747666,-2.0761626501008275,2.295281137890179,1.7731590452866126,1.280888821664409
3.434,-1.8495369473396963,1.228109374747666,-2.0761626501008275,2.295281137890179,1.7731590452866126,1.280888821664409
3.436,-1.8495369473396963,1.228109374747666,-2.0761626501008275,2.295281137890179,1.7731590452866126,1.280888821664409
3.438,-1.8495369473396963,1.228109374747666,-2.0761626501008275,2.295281137890179,1.7731590452866126,1.280888821664409
3.44,-1.8495369473396963,1.228109374747666,-2.0761626501008275,2.295281137890179,1.7731590452866126,1.280888821664409
3.442,-1.8495369473396963,1.228109374747666,-2.0761626501008275,2.295281137890179,1.7731590452866126,1.280888821664409
3.444,-1.8495369473396963,1.228109374747666,-2.0761626501008275,2.295281137890179,1.7731590452866126,1.280888821664409
3.446,-1.8495369473396963,1.228109374747666,-2.0761626501008275,2.295281137890179,1.7731590452866126,1.280888821664409
3.448,-1.8495369473396963,1.228109374747666,-2.0761626501008275,2.295281137890179,1.7731590452866126,1.280888821664409
3.45,-1.8495369473396963,1.228109374747666,-2.0761626501008275,2.295281137890179,1.7731590452866126,1.280888821664409
3.452,-1.8495369473396963,1.228109374747666,-2.0761626501008275,2.295281137890179,1.7731590452866126,1.280888821664409
3.454,-1.8495369473396963,1.228109374747666,-2.0761626501008275,2.295281137890179,1.7731590452866126,1.280888821664409
3.456,-1.8495369473396963,1.228109374747666,-2.0761626501008275,2.295281137890179,1.7731590452866126,1.280888821664409
3.458,-1.8495369473396963,1.228109374747666,-2.0761626501008275,2.295281137890179,1.7731590452866126,1.280888821664409
3.46,-1.8495369473396963,1.228109374747666,-2.0761626501008275,2.295281137890179,1.7731590452866126,1.280888821664409
3.462,-1.8495369473396963,1.228109374747666,-2.0761626501008275,2.295281137890179,1.7731590452866126,1.280888821664409
3.464,-1.8495369473396963,1.228109374747666,-2.0761626501008275,2.295281137890179,1.7731590452866126,1.280888821664409
3.466,-1.8495369473396963,1.228109374747666,-2.0761626501008275,2.295281137890179,1.7731590452866126,1.280888821664409
3.468,-1.8495369473396963,1.228109374747666,-2.0761626501008275,2.295281137890179,1.7731590452866126,1.280888821664409
3.47,-1.8495369473396963,1.228109374747666,-2.0761626501008275,2.295281137890179,1.7731590452866126,1.280888821664409
3.472,-1.8495369473396963,1.228109374747666,-2.0761626501008275,2.295281137890179,1.7731590452866126,1.280888821664409
3.474,-1.8495369473396963,1.228109374747666,-2.0761626501008275,2.295281137890179,1.7731590452866126,1.280888821664409
3.476,-1.8495369473396963,1.228109374747666,-2.0761626501008275,2.295281137890179,1.7731590452866126,1.280888821664409
3.478,-1.8495369473396963,1.228109374747666,-2.0761626501008275,2.295281137890179,1.7731590452866126,1.280888821664409
3.48,-1.8495369473396963,1.228109374747666,-2.0761626501008275,2.295281137890179,1.7731590452866126,1.280888821664409
3.482,-1.8495369473396963,1.228109374747666,-2.0761626501008275,2.295281137890179,1.7731590452866126,1.280888821664409
3.484,-1.8495369473396963,1.228109374747666,-2.0761626501008275,2.295281137890179,1.7731590452866126,1.280888821664409
3.486,-1.8495369473396963,1.228109374747666,-2.0761626501008275,2.295281137890179,1.7731590452866126,1.280888821664409
3.488,-1.8495369473396963,1.228109374747666,-2.0761626501008275,2.295281137890179,1.7731590452866126,1.280888821664409
3.49,-1.8495369473396963,1.228109374747666,-2.0761626501008275,2.295281137890179,1.7731590452866126,1.280888821664409
3.492,-1.8368354779128426,1.2335368774745818,-2.08296121250794,2.3012630261637437,1.7509264116041732,1.2952342514777104
3.494,-1.8368354779128426,1.2335368774745818,-2.08296121250794,2.3012630261637437,1.7509264116041732,1.2952342514777104
3.496,-1.8368354779128426,1.2335368774745818,-2.08296121250794,2.3012630261637437,1.7509264116041732,1.2952342514777104
3.498,-1.8368354779128426,1.2335368774745818,-2.08296121250794,2.3012630261637437,1.7509264116041732,1.2952342514777104
3.5,-1.8368354779128426,1.2335368774745818,-2.08296121250794,2.3012630261637437,1.7509264116041732,1.2952342514777104
3.5020000000000002,-1.8368354779128426,1.2335368774745818,-2.08296121250794,2.3012630261637437,1.7509264116041732,1.2952342514777104
3.504,-1.8368354779128426,1.2335368774745818,-2.08296121250794,2.3012630261637437,1.7509264116041732,1.2952342514777104
3.5060000000000002,-1.8368354779128426,1.2335368774745818,-2.08296121250794,2.3012630261637437,1.7509264116041732,1.2952342514777104
3.508,-1.8368354779128426,1.2335368774745818,-2.08296121250794,2.3012630261637437,1.7509264116041732,1.2952342514777104
3.5100000000000002,-1.8368354779128426,1.2335368774745818,-2.08296121250794,2.3012630261637437,1.7509264116041732,1.2952342514777104
3.512,-1.8368354779128426,1.2335368774745818,-2.08296121250794,2.3012630261637437,1.7509264116041732,1.2952342514777104
3.5140000000000002,-1.8368354779128426,1.2335368774745818,-2.08296121250794,2.3012630261637437,1.7509264116041732,1.2952342514777104
3.516,-1.8368354779128426,1.2335368774745818,-2.08296121250794,2.3012630261637437,1.7509264116041732,1.2952342514777104
3.5180000000000002,-1.8368354779128426,1.2335368774745818,-2.08296121250794,2.3012630261637437,1.7509264116041732,1.2952342514777104
3.52,-1.8368354779128426,1.2335368774745818,-2.08296121250794,2.3012630261637437,1.7509264116041732,1.2952342514777104
3.5220000000000002,-1.8368354779128426,1.2335368774745818,-2.08296121250794,2.3012630261637437,1.7509264116041732,1.2952342514777104
3.524,-1.8368354779128426,1.2335368774745818,-2.08296121250794,2.3012630261637437,1.7509264116041732,1.2952342514777104
3.5260000000000002,-1.8368354779128426,1.2335368774745818,-2.08296121250794,2.3012630261637437,1.7509264116041732,1.2952342514777104
3.528,-1.8368354779128426,1.2335368774745818,-2.08296121250794,2.3012630261637437,1.7509264116041732,1.2952342514777104
3.5300000000000002,-1.8368354779128426,1.2335368774745818,-2.08296121250794,2.3012630261637437,1.7509264116041732,1.2952342514777104
3.532,-1.8368354779128426,1.2335368774745818,-2.08296121250794,2.3012630261637437,1.7509264116041732,1.2952342514777104
3.5340000000000003,-1.8368354779128426,1.2335368774745818,-2.08296121250794,2.3012630261637437,1.7509264116041732,1.2952342514777104
3.536,-1.8368354779128426,1.2335368774745818,-2.08296121250794,2.3012630261637437,1.7509264116041732,1.2952342514777104
3.5380000000000003,-1.8368354779128426,1.2335368774745818,-2.08296121250794,2.3012630261637437,1.7509264116041732,1.2952342514777104
3.54,-1.8368354779128426,1.2335368774745818,-2.08296121250794,2.3012630261637437,1.7509264116041732,1.2952342514777104
3.5420000000000003,-1.8368354779128426,1.2335368774745818,-2.08296121250794,2.3012630261637437,1.7509264116041732,1.2952342514777104
3.544,-1.8368354779128426,1.2335368774745818,-2.08296121250794,2.3012630261637437,1.7509264116041732,1.2952342514777104
3.5460000000000003,-1.8368354779128426,1.2335368774745818,-2.08296121250794,2.3012630261637437,1.7509264116041732,1.2952342514777104
3.548,-1.8368354779128426,1.2335368774745818,-2.08296121250794,2.3012630261637437,1.7509264116041732,1.2952342514777104
3.5500000000000003,-1.8368354779128426,1.2335368774745818,-2.08296121250794,2.3012630261637437,1.7509264116041732,1.2952342514777104
3.552,-1.8368354779128426,1.2335368774745818,-2.08296121250794,2.3012630261637437,1.7509264116041732,1.2952342514777104
3.5540000000000003,-1.8368354779128426,1.2335368774745818,-2.08296121250794,2.3012630261637437,1.7509264116041732,1.2952342514777104
3.556,-1.8368354779128426,1.2335368774745818,-2.08296121250794,2.3012630261637437,1.7509264116041732,1.2952342514777104
3.5580000000000003,-1.8368354779128426,1.2335368774745818,-2.08296121250794,2.3012630261637437,1.7509264116041732,1.2952342514777104
3.56,-1.8368354779128426,1.2335368774745818,-2.08296121250794,2.3012630261637437,1.7509264116041732,1.2952342514777104
3.5620000000000003,-1.8368354779128426,1.2335368774745818,-2.08296121250794,2.3012630261637437,1.7509264116041732,1.2952342514777104
3.564,-1.8368354779128426,1.2335368774745818,-2.08296121250794,2.3012630261637437,1.7509264116041732,1.2952342514777104
3.5660000000000003,-1.8368354779128426,1.2335368774745818,-2.08296121250794,2.3012630261637437,1.7509264116041732,1.2952342514777104
3.568,-1.8368354779128426,1.2335368774745818,-2.08296121250794,2.3012630261637437,1.7509264116041732,1.2952342514777104
3.5700000000000003,-1.8368354779128426,1.2335368774745818,-2.08296121250794,2.3012630261637437,1.7509264116041732,1.2952342514777104
3.572,-1.8368354779128426,1.2335368774745818,-2.08296121250794,2.3012630261637437,1.7509264116041732,1.2952342514777104
3.5740000000000003,-1.8368354779128426,1.2335368774745818,-2.08296121250794,2.3012630261637437,1.7509264116041732,1.2952342514777104
3.576,-1.8368354779128426,1.2335368774745818,-2.08296121250794,2.3012630261637437,1.7509264116041732,1.2952342514777104
3.5780000000000003,-1.8368354779128426,1.2335368774745818,-2.08296121250794,2.3012630261637437,1.7509264116041732,1.2952342514777104
3.58,-1.8368354779128426,1.2335368774745818,-2.08296121250794,2.3012630261637437,1.7509264116041732,1.2952342514777104
3.5820000000000003,-1.8368354779128426,1.2335368774745818,-2.08296121250794,2.3012630261637437,1.7509264116041732,1.2952342514777104
3.584,-1.8368354779128426,1.2335368774745818,-2.08296121250794,2.3012630261637437,1.7509264116041732,1.2952342514777104
3.586,-1.8368354779128426,1.2335368774745818,-2.08296121250794,2.3012630261637437,1.7509264116041732,1.2952342514777104
3.588,-1.8368354779128426,1.2335368774745818,-2.08296121250794,2.3012630261637437,1.7509264116041732,1.2952342514777104
3.59,-1.8368354779128426,1.2335368774745818,-2.08296121250794,2.3012630261637437,1.7509264116041732,1.2952342514777104
3.592,-1.8368354779128426,1.2335368774745818,-2.08296121250794,2.3012630261637437,1.7509264116041732,1.2952342514777104
3.594,-1.8368354779128426,1.2335368774745818,-2.08296121250794,2.3012630261637437,1.7509264116041732,1.2952342514777104
3.596,-1.8368354779128426,1.2335368774745818,-2.08296121250794,2.3012630261637437,1.7509264116041732,1.2952342514777104
3.598,-1.8368354779128426,1.2335368774745818,-2.08296121250794,2.3012630261637437,1.7509264116041732,1.2952342514777104
3.6,-1.8368354779128426,1.2335368774745818,-2.08296121250794,2.3012630261637437,1.7509264116041732,1.2952342514777104
3.602,-1.8368354779128426,1.2335368774745818,-2.08296121250794,2.3012630261637437,1.7509264116041732,1.2952342514777104
3.604,-1.8368354779128426,1.2335368774745818,-2.08296121250794,2.3012630261637437,1.7509264116041732,1.2952342514777104
3.606,-1.8368354779128426,1.2335368774745818,-2.08296121250794,2.3012630261637437,1.7509264116041732,1.2952342514777104
3.608,-1.8368354779128426,1.2335368774745818,-2.08296121250794,2.3012630261637437,1.7509264116041732,1.2952342514777104
3.61,-1.8368354779128426,1.2335368774745818,-2.08296121250794,2.3012630261637437,1.7509264116041732,1.2952342514777104
3.612,-1.8368354779128426,1.2335368774745818,-2.08296121250794,2.3012630261637437,1.7509264116041732,1.2952342514777104
3.614,-1.8368354779128426,1.2335368774745818,-2.08296121250794,2.3012630261637437,1.7509264116041732,1.2952342514777104
3.616,-1.8368354779128426,1.2335368774745818,-2.08296121250794,2.3012630261637437,1.7509264116041732,1.2952342514777104
3.618,-1.8368354779128426,1.2335368774745818,-2.08296121250794,2.3012630261637437,1.7509264116041732,1.2952342514777104
3.62,-1.8368354779128426,1.2335368774745818,-2.08296121250794,2.3012630261637437,1.7509264116041732,1.2952342514777104
3.622,-1.8368354779128426,1.2335368774745818,-2.08296121250794,2.3012630261637437,1.7509264116041732,1.2952342514777104
3.624,-1.8368354779128426,1.2335368774745818,-2.08296121250794,2.3012630261637437,1.7509264116041732,1.2952342514777104
3.626,-1.8368354779128426,1.2335368774745818,-2.08296121250794,2.3012630261637437,1.7509264116041732,1.2952342514777104
3.628,-1.8368354779128426,1.2335368774745818,-2.08296121250794,2.3012630261637437,1.7509264116041732,1.2952342514777104
3.63,-1.8368354779128426,1.2335368774745818,-2.08296121250794,2.3012630261637437,1.7509264116041732,1.2952342514777104
3.632,-1.8368354779128426,1.2335368774745818,-2.08296121250794,2.3012630261637437,1.7509264116041732,1.2952342514777104
3.634,-1.8368354779128426,1.2335368774745818,-2.08296121250794,2.3012630261637437,1.7509264116041732,1.2952342514777104
3.636,-1.8368354779128426,1.2335368774745818,-2.08296121250794,2.3012630261637437,1.7509264116041732,1.2952342514777104
3.638,-1.8368354779128426,1.2335368774745818,-2.08296121250794,2.3012630261637437,1.7509264116041732,1.2952342514777104
3.64,-1.8368354779128426,1.2335368774745818,-2.08296121250794,2.3012630261637437,1.7509264116041732,1.2952342514777104
3.642,-1.8368354779128426,1.2335368774745818,-2.08296121250794,2.3012630261637437,1.7509264116041732,1.2952342514777104
3.644,-1.8368354779128426,1.2335368774745818,-2.08296121250794,2.3012630261637437,1.7509264116041732,1.2952342514777104
3.646,-1.8368354779128426,1.2335368774745818,-2.08296121250794,2.3012630261637437,1.7509264116041732,1.2952342514777104
3.648,-1.8368354779128426,1.2335368774745818,-2.08296121250794,2.3012630261637437,1.7509264116041732,1.2952342514777104
3.65,-1.8368354779128426,1.2335368774745818,-2.08296121250794,2.3012630261637437,1.7509264116041732,1.2952342514777104
3.652,-1.8368354779128426,1.2335368774745818,-2.08296121250794,2.3012630261637437,1.7509264116041732,1.2952342514777104
3.654,-1.8368354779128426,1.2335368774745818,-2.08296121250794,2.3012630261637437,1.7509264116041732,1.2952342514777104
3.656,-1.8368354779128426,1.2335368774745818,-2.08296121250794,2.3012630261637437,1.7509264116041732,1.2952342514777104
3.658,-1.8368354779128426,1.2335368774745818,-2.08296121250794,2.3012630261637437,1.7509264116041732,1.2952342514777104
3.66,-1.8292033399194463,1.2378503373350944,-2.08898051924802,2.306710748011465,1.739190943177138,1.3041638386280179
3.662,-1.8292033399194463,1.2378503373350944,-2.08898051924802,2.306710748011465,1.739190943177138,1.3041638386280179
3.664,-1.8292033399194463,1.2378503373350944,-2.08898051924802,2.306710748011465,1.739190943177138,1.3041638386280179
3.666,-1.8292033399194463,1.2378503373350944,-2.08898051924802,2.306710748011465,1.739190943177138,1.3041638386280179
3.668,-1.8292033399194463,1.2378503373350944,-2.08898051924802,2.306710748011465,1.739190943177138,1.3041638386280179
3.67,-1.8292033399194463,1.2378503373350944,-2.08898051924802,2.306710748011465,1.739190943177138,1.3041638386280179
3.672,-1.8292033399194463,1.2378503373350944,-2.08898051924802,2.306710748011465,1.739190943177138,1.3041638386280179
3.674,-1.8292033399194463,1.2378503373350944,-2.08898051924802,2.306710748011465,1.739190943177138,1.3041638386280179
3.676,-1.8292033399194463,1.2378503373350944,-2.08898051924802,2.306710748011465,1.739190943177138,1.3041638386280179
3.678,-1.8292033399194463,1.2378503373350944,-2.08898051924802,2.306710748011465,1.739190943177138,1.3041638386280179
3.68,-1.8292033399194463,1.2378503373350944,-2.08898051924802,2.306710748011465,1.739190943177138,1.3041638386280179
3.682,-1.8292033399194463,1.2378503373350944,-2.08898051924802,2.306710748011465,1.739190943177138,1.3041638386280179
3.684,-1.8292033399194463,1.2378503373350944,-2.08898051924802,2.306710748011465,1.739190943177138,1.3041638386280179
3.686,-1.8292033399194463,1.2378503373350944,-2.08898051924802,2.306710748011465,1.739190943177138,1.3041638386280179
3.688,-1.8292033399194463,1.2378503373350944,-2.08898051924802,2.306710748011465,1.739190943177138,1.3041638386280179
3.69,-1.8292033399194463,1.2378503373350944,-2.08898051924802,2.306710748011465,1.739190943177138,1.3041638386280179
3.692,-1.8292033399194463,1.2378503373350944,-2.08898051924802,2.306710748011465,1.739190943177138,1.3041638386280179
3.694,-1.8292033399194463,1.2378503373350944,-2.08898051924802,2.306710748011465,1.739190943177138,1.3041638386280179
3.696,-1.8292033399194463,1.2378503373350944,-2.08898051924802,2.306710748011465,1.739190943177138,1.3041638386280179
3.698,-1.8292033399194463,1.2378503373350944,-2.08898051924802,2.306710748011465,1.739190943177138,1.3041638386280179
3.7,-1.8292033399194463,1.2378503373350944,-2.08898051924802,2.306710748011465,1.739190943177138,1.3041638386280179
3.702,-1.8292033399194463,1.2378503373350944,-2.08898051924802,2.306710748011465,1.739190943177138,1.3041638386280179
3.704,-1.8292033399194463,1.2378503373350944,-2.08898051924802,2.306710748011465,1.739190943177138,1.3041638386280179
3.706,-1.8292033399194463,1.2378503373350944,-2.08898051924802,2.306710748011465,1.739190943177138,1.3041638386280179
3.708,-1.8292033399194463,1.2378503373350944,-2.08898051924802,2.306710748011465,1.739190943177138,1.3041638386280179
3.71,-1.8292033399194463,1.2378503373350944,-2.08898051924802,2.306710748011465,1.739190943177138,1.3041638386280179
3.712,-1.8292033399194463,1.2378503373350944,-2.08898051924802,2.306710748011465,1.739190943177138,1.3041638386280179
3.714,-1.8292033399194463,1.2378503373350944,-2.08898051924802,2.306710748011465,1.739190943177138,1.3041638386280179
3.716,-1.8292033399194463,1.2378503373350944,-2.08898051924802,2.306710748011465,1.739190943177138,1.3041638386280179
3.718,-1.8292033399194463,1.2378503373350944,-2.08898051924802,2.306710748011465,1.739190943177138,1.3041638386280179
3.72,-1.8292033399194463,1.2378503373350944,-2.08898051924802,2.306710748011465,1.739190943177138,1.3041638386280179
3.722,-1.8292033399194463,1.2378503373350944,-2.08898051924802,2.306710748011465,1.739190943177138,1.3041638386280179
3.724,-1.8292033399194463,1.2378503373350944,-2.08898051924802,2.306710748011465,1.739190943177138,1.3041638386280179
3.726,-1.8292033399194463,1.2378503373350944,-2.08898051924802,2.306710748011465,1.739190943177138,1.3041638386280179
3.728,-1.8292033399194463,1.2378503373350944,-2.08898051924802,2.306710748011465,1.739190943177138,1.3041638386280179
3.73,-1.8292033399194463,1.2378503373350944,-2.08898051924802,2.306710748011465,1.739190943177138,1.3041638386280179
3.732,-1.8292033399194463,1.2378503373350944,-2.08898051924802,2.306710748011465,1.739190943177138,1.3041638386280179
3.734,-1.8292033399194463,1.2378503373350944,-2.08898051924802,2.306710748011465,1.739190943177138,1.3041638386280179
3.736,-1.8292033399194463,1.2378503373350944,-2.08898051924802,2.306710748011465,1.739190943177138,1.3041638386280179
3.738,-1.8292033399194463,1.2378503373350944,-2.08898051924802,2.306710748011465,1.739190943177138,1.3041638386280179
3.74,-1.8292033399194463,1.2378503373350944,-2.08898051924802,2.306710748011465,1.739190943177138,1.3041638386280179
3.742,-1.8292033399194463,1.2378503373350944,-2.08898051924802,2.306710748011465,1.739190943177138,1.3041638386280179
3.744,-1.8292033399194463,1.2378503373350944,-2.08898051924802,2.306710748011465,1.739190943177138,1.3041638386280179
3.746,-1.8292033399194463,1.2378503373350944,-2.08898051924802,2.306710748011465,1.739190943177138,1.3041638386280179
3.748,-1.8292033399194463,1.2378503373350944,-2.08898051924802,2.306710748011465,1.739190943177138,1.3041638386280179
3.75,-1.8292033399194463,1.2378503373350944,-2.08898051924802,2.306710748011465,1.739190943177138,1.3041638386280179
3.7520000000000002,-1.8292033399194463,1.2378503373350944,-2.08898051924802,2.306710748011465,1.739190943177138,1.3041638386280179
3.754,-1.8292033399194463,1.2378503373350944,-2.08898051924802,2.306710748011465,1.739190943177138,1.3041638386280179
3.7560000000000002,-1.8292033399194463,1.2378503373350944,-2.08898051924802,2.306710748011465,1.739190943177138,1.3041638386280179
3.758,-1.8227476801200966,1.237171351869563,-2.084998354308228,2.305690830030113,1.7309915283652189,1.3115429875840516
3.7600000000000002,-1.8227476801200966,1.237171351869563,-2.084998354308228,2.305690830030113,1.7309915283652189,1.3115429875840516
3.762,-1.8227476801200966,1.237171351869563,-2.084998354308228,2.305690830030113,1.7309915283652189,1.3115429875840516
3.7640000000000002,-1.8227476801200966,1.237171351869563,-2.084998354308228,2.305690830030113,1.7309915283652189,1.3115429875840516
3.766,-1.8227476801200966,1.237171351869563,-2.084998354308228,2.305690830030113,1.7309915283652189,1.3115429875840516
3.7680000000000002,-1.8227476801200966,1.237171351869563,-2.084998354308228,2.305690830030113,1.7309915283652189,1.3115429875840516
3.77,-1.8227476801200966,1.237171351869563,-2.084998354308228,2.305690830030113,1.7309915283652189,1.3115429875840516
3.7720000000000002,-1.8227476801200966,1.237171351869563,-2.084998354308228,2.305690830030113,1.7309915283652189,1.3115429875840516
3.774,-1.8227476801200966,1.237171351869563,-2.084998354308228,2.305690830030113,1.7309915283652189,1.3115429875840516
3.7760000000000002,-1.8227476801200966,1.237171351869563,-2.084998354308228,2.305690830030113,1.7309915283652189,1.3115429875840516
3.778,-1.8227476801200966,1.237171351869563,-2.084998354308228,2.305690830030113,1.7309915283652189,1.3115429875840516
3.7800000000000002,-1.8227476801200966,1.237171351869563,-2.084998354308228,2.305690830030113,1.7309915283652189,1.3115429875840516
3.782,-1.8227476801200966,1.237171351869563,-2.084998354308228,2.305690830030113,1.7309915283652189,1.3115429875840516
3.7840000000000003,-1.8227476801200966,1.237171351869563,-2.084998354308228,2.305690830030113,1.7309915283652189,1.3115429875840516
3.786,-1.8227476801200966,1.237171351869563,-2.084998354308228,2.305690830030113,1.7309915283652189,1.3115429875840516
3.7880000000000003,-1.8227476801200966,1.237171351869563,-2.084998354308228,2.305690830030113,1.7309915283652189,1.3115429875840516
3.79,-1.8227476801200966,1.237171351869563,-2.084998354308228,2.305690830030113,1.7309915283652189,1.3115429875840516
3.7920000000000003,-1.8227476801200966,1.237171351869563,-2.084998354308228,2.305690830030113,1.7309915283652189,1.3115429875840516
3.794,-1.8227476801200966,1.237171351869563,-2.084998354308228,2.305690830030113,1.7309915283652189,1.3115429875840516
3.7960000000000003,-1.8227476801200966,1.237171351869563,-2.084998354308228,2.305690830030113,1.7309915283652189,1.3115429875840516
3.798,-1.8227476801200966,1.237171351869563,-2.084998354308228,2.305690830030113,1.7309915283652189,1.3115429875840516
3.8000000000000003,-1.8227476801200966,1.237171351869563,-2.084998354308228,2.305690830030113,1.7309915283652189,1.3115429875840516
3.802,-1.8227476801200966,1.237171351869563,-2.084998354308228,2.305690830030113,1.7309915283652189,1.3115429875840516
3.8040000000000003,-1.8227476801200966,1.237171351869563,-2.084998354308228,2.305690830030113,1.7309915283652189,1.3115429875840516
3.806,-1.8227476801200966,1.237171351869563,-2.084998354308228,2.305690830030113,1.7309915283652189,1.3115429875840516
3.8080000000000003,-1.8227476801200966,1.237171351869563,-2.084998354308228,2.305690830030113,1.7309915283652189,1.3115429875840516
3.81,-1.8227476801200966,1.237171351869563,-2.084998354308228,2.305690830030113,1.7309915283652189,1.3115429875840516
3.8120000000000003,-1.8227476801200966,1.237171351869563,-2.084998354308228,2.305690830030113,1.7309915283652189,1.3115429875840516
3.814,-1.8227476801200966,1.237171351869563,-2.084998354308228,2.305690830030113,1.7309915283652189,1.3115429875840516
3.8160000000000003,-1.8227476801200966,1.237171351869563,-2.084998354308228,2.305690830030113,1.7309915283652189,1.3115429875840516
3.818,-1.8227476801200966,1.237171351869563,-2.084998354308228,2.305690830030113,1.7309915283652189,1.3115429875840516
3.8200000000000003,-1.8227476801200966,1.237171351869563,-2.084998354308228,2.305690830030113,1.7309915283652189,1.3115429875840516
3.822,-1.8227476801200966,1.237171351869563,-2.084998354308228,2.305690830030113,1.7309915283652189,1.3115429875840516
3.8240000000000003,-1.8227476801200966,1.237171351869563,-2.084998354308228,2.305690830030113,1.7309915283652189,1.3115429875840516
3.826,-1.8227476801200966,1.237171351869563,-2.084998354308228,2.305690830030113,1.7309915283652189,1.3115429875840516
3.8280000000000003,-1.8227476801200966,1.237171351869563,-2.084998354308228,2.305690830030113,1.7309915283652189,1.3115429875840516
3.83,-1.8227476801200966,1.237171351869563,-2.084998354308228,2.305690830030113,1.7309915283652189,1.3115429875840516
3.8320000000000003,-1.8227476801200966,1.237171351869563,-2.084998354308228,2.305690830030113,1.7309915283652189,1.3115429875840516
3.834,-1.8227476801200966,1.237171351869563,-2.084998354308228,2.305690830030113,1.7309915283652189,1.3115429875840516
3.8360000000000003,-1.8227476801200966,1.237171351869563,-2.084998354308228,2.305690830030113,1.7309915283652189,1.3115429875840516
3.838,-1.8227476801200966,1.237171351869563,-2.084998354308228,2.305690830030113,1.7309915283652189,1.3115429875840516
3.84,-1.8175287267096196,1.2394986670426824,-2.0882491446298097,2.309731892861278,1.7224989460763458,1.317568342964879
3.842,-1.8175287267096196,1.2394986670426824,-2.0882491446298097,2.309731892861278,1.7224989460763458,1.317568342964879
3.844,-1.8175287267096196,1.2394986670426824,-2.0882491446298097,2.309731892861278,1.7224989460763458,1.317568342964879
3.846,-1.8175287267096196,1.2394986670426824,-2.0882491446298097,2.309731892861278,1.7224989460763458,1.317568342964879
3.848,-1.8175287267096196,1.2394986670426824,-2.0882491446298097,2.309731892861278,1.7224989460763458,1.317568342964879
3.85,-1.8175287267096196,1.2394986670426824,-2.0882491446298097,2.309731892861278,1.7224989460763458,1.317568342964879
3.852,-1.8175287267096196,1.2394986670426824,-2.0882491446298097,2.309731892861278,1.7224989460763458,1.317568342964879
3.854,-1.8175287267096196,1.2394986670426824,-2.0882491446298097,2.309731892861278,1.7224989460763458,1.317568342964879
3.856,-1.8175287267096196,1.2394986670426824,-2.0882491446298097,2.309731892861278,1.7224989460763458,1.317568342964879
3.858,-1.8175287267096196,1.2394986670426824,-2.0882491446298097,2.309731892861278,1.7224989460763458,1.317568342964879
3.86,-1.8175287267096196,1.2394986670426824,-2.0882491446298097,2.309731892861278,1.7224989460763458,1.317568342964879
3.862,-1.8175287267096196,1.2394986670426824,-2.0882491446298097,2.309731892861278,1.7224989460763458,1.317568342964879
3.864,-1.8175287267096196,1.2394986670426824,-2.0882491446298097,2.309731892861278,1.7224989460763458,1.317568342964879
3.866,-1.8175287267096196,1.2394986670426824,-2.0882491446298097,2.309731892861278,1.7224989460763458,1.317568342964879
3.868,-1.8175287267096196,1.2394986670426824,-2.0882491446298097,2.309731892861278,1.7224989460763458,1.317568342964879
3.87,-1.8175287267096196,1.2394986670426824,-2.0882491446298097,2.309731892861278,1.7224989460763458,1.317568342964879
3.872,-1.8175287267096196,1.2394986670426824,-2.0882491446298097,2.309731892861278,1.7224989460763458,1.317568342964879
3.874,-1.8175287267096196,1.2394986670426824,-2.0882491446298097,2.309731892861278,1.7224989460763458,1.317568342964879
3.876,-1.8175287267096196,1.2394986670426824,-2.0882491446298097,2.309731892861278,1.7224989460763458,1.317568342964879
3.878,-1.8175287267096196,1.2394986670426824,-2.0882491446298097,2.309731892861278,1.7224989460763458,1.317568342964879
3.88,-1.8175287267096196,1.2394986670426824,-2.0882491446298097,2.309731892861278,1.7224989460763458,1.317568342964879
3.882,-1.8175287267096196,1.2394986670426824,-2.0882491446298097,2.309731892861278,1.7224989460763458,1.317568342964879
3.884,-1.8175287267096196,1.2394986670426824,-2.0882491446298097,2.309731892861278,1.7224989460763458,1.317568342964879
3.886,-1.8175287267096196,1.2394986670426824,-2.0882491446298097,2.309731892861278,1.7224989460763458,1.317568342964879
3.888,-1.8175287267096196,1.2394986670426824,-2.0882491446298097,2.309731892861278,1.7224989460763458,1.317568342964879
3.89,-1.8175287267096196,1.2394986670426824,-2.0882491446298097,2.309731892861278,1.7224989460763458,1.317568342964879
3.892,-1.8175287267096196,1.2394986670426824,-2.0882491446298097,2.309731892861278,1.7224989460763458,1.317568342964879
3.894,-1.8175287267096196,1.2394986670426824,-2.0882491446298097,2.309731892861278,1.7224989460763458,1.317568342964879
3.896,-1.8175287267096196,1.2394986670426824,-2.0882491446298097,2.309731892861278,1.7224989460763458,1.317568342964879
3.898,-1.8175287267096196,1.2394986670426824,-2.0882491446298097,2.309731892861278,1.7224989460763458,1.317568342964879
3.9,-1.8175287267096196,1.2394986670426824,-2.0882491446298097,2.309731892861278,1.7224989460763458,1.317568342964879
3.902,-1.8175287267096196,1.2394986670426824,-2.0882491446298097,2.309731892861278,1.7224989460763458,1.317568342964879
3.904,-1.8175287267096196,1.2394986670426824,-2.0882491446298097,2.309731892861278,1.7224989460763458,1.317568342964879
3.906,-1.8175287267096196,1.2394986670426824,-2.0882491446298097,2.309731892861278,1.7224989460763458,1.317568342964879
3.908,-1.8175287267096196,1.2394986670426824,-2.0882491446298097,2.309731892861278,1.7224989460763458,1.317568342964879
3.91,-1.8175287267096196,1.2394986670426824,-2.0882491446298097,2.309731892861278,1.7224989460763458,1.317568342964879
3.912,-1.8175287267096196,1.2394986670426824,-2.0882491446298097,2.309731892861278,1.7224989460763458,1.317568342964879
3.914,-1.8175287267096196,1.2394986670426824,-2.0882491446298097,2.309731892861278,1.7224989460763458,1.317568342964879
3.916,-1.8175287267096196,1.2394986670426824,-2.0882491446298097,2.309731892861278,1.7224989460763458,1.317568342964879
3.918,-1.8175287267096196,1.2394986670426824,-2.0882491446298097,2.309731892861278,1.7224989460763458,1.317568342964879
3.92,-1.812512426953875,1.2392775143691714,-2.0863018394223034,2.3103806003446987,1.714855667299516,1.323198881896649
3.922,-1.812512426953875,1.2392775143691714,-2.0863018394223034,2.3103806003446987,1.714855667299516,1.323198881896649
3.924,-1.812512426953875,1.2392775143691714,-2.0863018394223034,2.3103806003446987,1.714855667299516,1.323198881896649
3.926,-1.812512426953875,1.2392775143691714,-2.0863018394223034,2.3103806003446987,1.714855667299516,1.323198881896649
3.928,-1.812512426953875,1.2392775143691714,-2.0863018394223034,2.3103806003446987,1.714855667299516,1.323198881896649
3.93,-1.812512426953875,1.2392775143691714,-2.0863018394223034,2.3103806003446987,1.714855667299516,1.323198881896649
3.932,-1.812512426953875,1.2392775143691714,-2.0863018394223034,2.3103806003446987,1.714855667299516,1.323198881896649
3.934,-1.812512426953875,1.2392775143691714,-2.0863018394223034,2.3103806003446987,1.714855667299516,1.323198881896649
3.936,-1.812512426953875,1.2392775143691714,-2.0863018394223034,2.3103806003446987,1.714855667299516,1.323198881896649
3.938,-1.812512426953875,1.2392775143691714,-2.0863018394223034,2.3103806003446987,1.714855667299516,1.323198881896649
3.94,-1.812512426953875,1.2392775143691714,-2.0863018394223034,2.3103806003446987,1.714855667299516,1.323198881896649
3.942,-1.812512426953875,1.2392775143691714,-2.0863018394223034,2.3103806003446987,1.714855667299516,1.323198881896649
3.944,-1.812512426953875,1.2392775143691714,-2.0863018394223034,2.3103806003446987,1.714855667299516,1.323198881896649
3.946,-1.812512426953875,1.2392775143691714,-2.0863018394223034,2.3103806003446987,1.714855667299516,1.323198881896649
3.948,-1.812512426953875,1.2392775143691714,-2.0863018394223034,2.3103806003446987,1.714855667299516,1.323198881896649
3.95,-1.812512426953875,1.2392775143691714,-2.0863018394223034,2.3103806003446987,1.714855667299516,1.323198881896649
3.952,-1.812512426953875,1.2392775143691714,-2.0863018394223034,2.3103806003446987,1.714855667299516,1.323198881896649
3.954,-1.812512426953875,1.2392775143691714,-2.0863018394223034,2.3103806003446987,1.714855667299516,1.323198881896649
3.956,-1.812512426953875,1.2392775143691714,-2.0863018394223034,2.3103806003446987,1.714855667299516,1.323198881896649
3.958,-1.812512426953875,1.2392775143691714,-2.0863018394223034,2.3103806003446987,1.714855667299516,1.323198881896649
3.96,-1.812512426953875,1.2392775143691714,-2.0863018394223034,2.3103806003446987,1.714855667299516,1.323198881896649
3.962,-1.812512426953875,1.2392775143691714,-2.0863018394223034,2.3103806003446987,1.714855667299516,1.323198881896649
3.964,-1.812512426953875,1.2392775143691714,-2.0863018394223034,2.3103806003446987,1.714855667299516,1.323198881896649
3.966,-1.812512426953875,1.2392775143691714,-2.0863018394223034,2.3103806003446987,1.714855667299516,1.323198881896649
3.968,-1.812512426953875,1.2392775143691714,-2.0863018394223034,2.3103806003446987,1.714855667299516,1.323198881896649
3.97,-1.812512426953875,1.2392775143691714,-2.0863018394223034,2.3103806003446987,1.714855667299516,1.323198881896649
3.972,-1.812512426953875,1.2392775143691714,-2.0863018394223034,2.3103806003446987,1.714855667299516,1.323198881896649
3.974,-1.812512426953875,1.2392775143691714,-2.0863018394223034,2.3103806003446987,1.714855667299516,1.323198881896649
3.976,-1.812512426953875,1.2392775143691714,-2.0863018394223034,2.3103806003446987,1.714855667299516,1.323198881896649
3.978,-1.812512426953875,1.2392775143691714,-2.0863018394223034,2.3103806003446987,1.714855667299516,1.323198881896649
3.98,-1.812512426953875,1.2392775143691714,-2.0863018394223034,2.3103806003446987,1.714855667299516,1.323198881896649
3.982,-1.812512426953875,1.2392775143691714,-2.0863018394223034,2.3103806003446987,1.714855667299516,1.323198881896649
3.984,-1.812512426953875,1.2392775143691714,-2.0863018394223034,2.3103806003446987,1.714855667299516,1.323198881896649
3.986,-1.812512426953875,1.2392775143691714,-2.0863018394223034,2.3103806003446987,1.714855667299516,1.323198881896649
3.988,-1.812512426953875,1.2392775143691714,-2.0863018394223034,2.3103806003446987,1.714855667299516,1.323198881896649
3.99,-1.812512426953875,1.2392775143691714,-2.0863018394223034,2.3103806003446987,1.714855667299516,1.323198881896649
3.992,-1.812512426953875,1.2392775143691714,-2.0863018394223034,2.3103806003446987,1.714855667299516,1.323198881896649
3.994,-1.812512426953875,1.2392775143691714,-2.0863018394223034,2.3103806003446987,1.714855667299516,1.323198881896649
3.996,-1.812512426953875,1.2392775143691714,-2.0863018394223034,2.3103806003446987,1.714855667299516,1.323198881896649
3.998,-1.8080009593795805,1.2406156415216145,-2.088123502325224,2.3136689053131154,1.7067653350547076,1.328250296243055
4.0,-1.8080009593795805,1.2406156415216145,-2.088123502325224,2.3136689053131154,1.7067653350547076,1.328250296243055
4.002,-1.8080009593795805,1.2406156415216145,-2.088123502325224,2.3136689053131154,1.7067653350547076,1.328250296243055
4.0040000000000004,-1.8080009593795805,1.2406156415216145,-2.088123502325224,2.3136689053131154,1.7067653350547076,1.328250296243055
4.006,-1.8080009593795805,1.2406156415216145,-2.088123502325224,2.3136689053131154,1.7067653350547076,1.328250296243055
4.008,-1.8080009593795805,1.2406156415216145,-2.088123502325224,2.3136689053131154,1.7067653350547076,1.328250296243055
4.01,-1.8080009593795805,1.2406156415216145,-2.088123502325224,2.3136689053131154,1.7067653350547076,1.328250296243055
4.0120000000000005,-1.8080009593795805,1.2406156415216145,-2.088123502325224,2.3136689053131154,1.7067653350547076,1.328250296243055
4.014,-1.8080009593795805,1.2406156415216145,-2.088123502325224,2.3136689053131154,1.7067653350547076,1.328250296243055
4.016,-1.8080009593795805,1.2406156415216145,-2.088123502325224,2.3136689053131154,1.7067653350547076,1.328250296243055
4.018,-1.8080009593795805,1.2406156415216145,-2.088123502325224,2.3136689053131154,1.7067653350547076,1.328250296243055
4.0200000000000005,-1.8080009593795805,1.2406156415216145,-2.088123502325224,2.3136689053131154,1.7067653350547076,1.328250296243055
4.022,-1.8080009593795805,1.2406156415216145,-2.088123502325224,2.3136689053131154,1.7067653350547076,1.328250296243055
4.024,-1.8080009593795805,1.2406156415216145,-2.088123502325224,2.3136689053131154,1.7067653350547076,1.328250296243055
4.026,-1.8080009593795805,1.2406156415216145,-2.088123502325224,2.3136689053131154,1.7067653350547076,1.328250296243055
4.0280000000000005,-1.8080009593795805,1.2406156415216145,-2.088123502325224,2.3136689053131154,1.7067653350547076,1.328250296243055
4.03,-1.8080009593795805,1.2406156415216145,-2.088123502325224,2.3136689053131154,1.7067653350547076,1.328250296243055
4.032,-1.8080009593795805,1.2406156415216145,-2.088123502325224,2.3136689053131154,1.7067653350547076,1.328250296243055
4.034,-1.8080009593795805,1.2406156415216145,-2.088123502325224,2.3136689053131154,1.7067653350547076,1.328250296243055
4.0360000000000005,-1.8080009593795805,1.2406156415216145,-2.088123502325224,2.3136689053131154,1.7067653350547076,1.328250296243055
4.038,-1.8080009593795805,1.2406156415216145,-2.088123502325224,2.3136689053131154,1.7067653350547076,1.328250296243055
4.04,-1.8080009593795805,1.2406156415216145,-2.088123502325224,2.3136689053131154,1.7067653350547076,1.328250296243055
4.042,-1.8080009593795805,1.2406156415216145,-2.088123502325224,2.3136689053131154,1.7067653350547076,1.328250296243055
4.0440000000000005,-1.8080009593795805,1.2406156415216145,-2.088123502325224,2.3136689053131154,1.7067653350547076,1.328250296243055
4.046,-1.8080009593795805,1.2406156415216145,-2.088123502325224,2.3136689053131154,1.7067653350547076,1.328250296243055
4.048,-1.8080009593795805,1.2406156415216145,-2.088123502325224,2.3136689053131154,1.7067653350547076,1.328250296243055
4.05,-1.8080009593795805,1.2406156415216145,-2.088123502325224,2.3136689053131154,1.7067653350547076,1.328250296243055
4.0520000000000005,-1.8080009593795805,1.2406156415216145,-2.088123502325224,2.3136689053131154,1.7067653350547076,1.328250296243055
4.054,-1.8080009593795805,1.2406156415216145,-2.088123502325224,2.3136689053131154,1.7067653350547076,1.328250296243055
4.056,-1.8080009593795805,1.2406156415216145,-2.088123502325224,2.3136689053131154,1.7067653350547076,1.328250296243055
4.058,-1.8080009593795805,1.2406156415216145,-2.088123502325224,2.3136689053131154,1.7067653350547076,1.328250296243055
4.0600000000000005,-1.8080009593795805,1.2406156415216145,-2.088123502325224,2.3136689053131154,1.7067653350547076,1.328250296243055
4.062,-1.8080009593795805,1.2406156415216145,-2.088123502325224,2.3136689053131154,1.7067653350547076,1.328250296243055
4.064,-1.8080009593795805,1.2406156415216145,-2.088123502325224,2.3136689053131154,1.7067653350547076,1.328250296243055
4.066,-1.8080009593795805,1.2406156415216145,-2.088123502325224,2.3136689053131154,1.7067653350547076,1.328250296243055
4.0680000000000005,-1.8080009593795805,1.2406156415216145,-2.088123502325224,2.3136689053131154,1.7067653350547076,1.328250296243055
4.07,-1.8080009593795805,1.2406156415216145,-2.088123502325224,2.3136689053131154,1.7067653350547076,1.328250296243055
4.072,-1.8080009593795805,1.2406156415216145,-2.088123502325224,2.3136689053131154,1.7067653350547076,1.328250296243055
4.074,-1.8080009593795805,1.2406156415216145,-2.088123502325224,2.3136689053131154,1.7067653350547076,1.328250296243055
4.0760000000000005,-1.8080009593795805,1.2406156415216145,-2.088123502325224,2.3136689053131154,1.7067653350547076,1.328250296243055
4.078,-1.8080009593795805,1.2406156415216145,-2.088123502325224,2.3136689053131154,1.7067653350547076,1.328250296243055
4.08,-1.8032558129307321,1.2405993931450725,-2.0872408740620623,2.3152319043980905,1.6984304602414633,1.3334389114060237
4.082,-1.8032558129307321,1.2405993931450725,-2.0872408740620623,2.3152319043980905,1.6984304602414633,1.3334389114060237
4.0840000000000005,-1.8032558129307321,1.2405993931450725,-2.0872408740620623,2.3152319043980905,1.6984304602414633,1.3334389114060237
4.086,-1.8032558129307321,1.2405993931450725,-2.0872408740620623,2.3152319043980905,1.6984304602414633,1.3334389114060237
4.088,-1.8032558129307321,1.2405993931450725,-2.0872408740620623,2.3152319043980905,1.6984304602414633,1.3334389114060237
4.09,-1.8032558129307321,1.2405993931450725,-2.0872408740620623,2.3152319043980905,1.6984304602414633,1.3334389114060237
4.0920000000000005,-1.8032558129307321,1.2405993931450725,-2.0872408740620623,2.3152319043980905,1.6984304602414633,1.3334389114060237
4.094,-1.8032558129307321,1.2405993931450725,-2.0872408740620623,2.3152319043980905,1.6984304602414633,1.3334389114060237
4.096,-1.8032558129307321,1.2405993931450725,-2.0872408740620623,2.3152319043980905,1.6984304602414633,1.3334389114060237
4.098,-1.8032558129307321,1.2405993931450725,-2.0872408740620623,2.3152319043980905,1.6984304602414633,1.3334389114060237
4.1,-1.8032558129307321,1.2405993931450725,-2.0872408740620623,2.3152319043980905,1.6984304602414633,1.3334389114060237
4.102,-1.8032558129307321,1.2405993931450725,-2.0872408740620623,2.3152319043980905,1.6984304602414633,1.3334389114060237
4.104,-1.8032558129307321,1.2405993931450725,-2.0872408740620623,2.3152319043980905,1.6984304602414633,1.3334389114060237
4.106,-1.8032558129307321,1.2405993931450725,-2.0872408740620623,2.3152319043980905,1.6984304602414633,1.3334389114060237
4.108,-1.8032558129307321,1.2405993931450725,-2.0872408740620623,2.3152319043980905,1.6984304602414633,1.3334389114060237
4.11,-1.8032558129307321,1.2405993931450725,-2.0872408740620623,2.3152319043980905,1.6984304602414633,1.3334389114060237
4.112,-1.8032558129307321,1.2405993931450725,-2.0872408740620623,2.3152319043980905,1.6984304602414633,1.3334389114060237
4.114,-1.8032558129307321,1.2405993931450725,-2.0872408740620623,2.3152319043980905,1.6984304602414633,1.3334389114060237
4.116,-1.8032558129307321,1.2405993931450725,-2.0872408740620623,2.3152319043980905,1.6984304602414633,1.3334389114060237
4.118,-1.8032558129307321,1.2405993931450725,-2.0872408740620623,2.3152319043980905,1.6984304602414633,1.3334389114060237
4.12,-1.8032558129307321,1.2405993931450725,-2.0872408740620623,2.3152319043980905,1.6984304602414633,1.3334389114060237
4.122,-1.8032558129307321,1.2405993931450725,-2.0872408740620623,2.3152319043980905,1.6984304602414633,1.3334389114060237
4.124,-1.8032558129307321,1.2405993931450725,-2.0872408740620623,2.3152319043980905,1.6984304602414633,1.3334389114060237
4.126,-1.8032558129307321,1.2405993931450725,-2.0872408740620623,2.3152319043980905,1.6984304602414633,1.3334389114060237
4.128,-1.8032558129307321,1.2405993931450725,-2.0872408740620623,2.3152319043980905,1.6984304602414633,1.3334389114060237
4.13,-1.8032558129307321,1.2405993931450725,-2.0872408740620623,2.3152319043980905,1.6984304602414633,1.3334389114060237
4.132,-1.8032558129307321,1.2405993931450725,-2.0872408740620623,2.3152319043980905,1.6984304602414633,1.3334389114060237
4.134,-1.8032558129307321,1.2405993931450725,-2.0872408740620623,2.3152319043980905,1.6984304602414633,1.3334389114060237
4.136,-1.8032558129307321,1.2405993931450725,-2.0872408740620623,2.3152319043980905,1.6984304602414633,1.3334389114060237
4.138,-1.8032558129307321,1.2405993931450725,-2.0872408740620623,2.3152319043980905,1.6984304602414633,1.3334389114060237
4.14,-1.8032558129307321,1.2405993931450725,-2.0872408740620623,2.3152319043980905,1.6984304602414633,1.3334389114060237
4.142,-1.8032558129307321,1.2405993931450725,-2.0872408740620623,2.3152319043980905,1.6984304602414633,1.3334389114060237
4.144,-1.8032558129307321,1.2405993931450725,-2.0872408740620623,2.3152319043980905,1.6984304602414633,1.3334389114060237
4.146,-1.8032558129307321,1.2405993931450725,-2.0872408740620623,2.3152319043980905,1.6984304602414633,1.3334389114060237
4.148,-1.8032558129307321,1.2405993931450725,-2.0872408740620623,2.3152319043980905,1.6984304602414633,1.3334389114060237
4.15,-1.8032558129307321,1.2405993931450725,-2.0872408740620623,2.3152319043980905,1.6984304602414633,1.3334389114060237
4.152,-1.8032558129307321,1.2405993931450725,-2.0872408740620623,2.3152319043980905,1.6984304602414633,1.3334389114060237
4.154,-1.8032558129307321,1.2405993931450725,-2.0872408740620623,2.3152319043980905,1.6984304602414633,1.3334389114060237
4.156,-1.8032558129307321,1.2405993931450725,-2.0872408740620623,2.3152319043980905,1.6984304602414633,1.3334389114060237
4.158,-1.8032558129307321,1.2405993931450725,-2.0872408740620623,2.3152319043980905,1.6984304602414633,1.3334389114060237
4.16,-1.8032558129307321,1.2405993931450725,-2.0872408740620623,2.3152319043980905,1.6984304602414633,1.3334389114060237
4.162,-1.8032558129307321,1.2405993931450725,-2.0872408740620623,2.3152319043980905,1.6984304602414633,1.3334389114060237
4.164,-1.7987622690803677,1.2413634244270098,-2.0883151521879597,2.318179163433113,1.6898733695182402,1.3383244825203735
4.166,-1.7987622690803677,1.2413634244270098,-2.0883151521879597,2.318179163433113,1.6898733695182402,1.3383244825203735
4.168,-1.7987622690803677,1.2413634244270098,-2.0883151521879597,2.318179163433113,1.6898733695182402,1.3383244825203735
4.17,-1.7987622690803677,1.2413634244270098,-2.0883151521879597,2.318179163433113,1.6898733695182402,1.3383244825203735
4.172,-1.7987622690803677,1.2413634244270098,-2.0883151521879597,2.318179163433113,1.6898733695182402,1.3383244825203735
4.174,-1.7987622690803677,1.2413634244270098,-2.0883151521879597,2.318179163433113,1.6898733695182402,1.3383244825203735
4.176,-1.7987622690803677,1.2413634244270098,-2.0883151521879597,2.318179163433113,1.6898733695182402,1.3383244825203735
4.178,-1.7987622690803677,1.2413634244270098,-2.0883151521879597,2.318179163433113,1.6898733695182402,1.3383244825203735
4.18,-1.7987622690803677,1.2413634244270098,-2.0883151521879597,2.318179163433113,1.6898733695182402,1.3383244825203735
4.182,-1.7987622690803677,1.2413634244270098,-2.0883151521879597,2.318179163433113,1.6898733695182402,1.3383244825203735
4.184,-1.7987622690803677,1.2413634244270098,-2.0883151521879597,2.318179163433113,1.6898733695182402,1.3383244825203735
4.186,-1.7987622690803677,1.2413634244270098,-2.0883151521879597,2.318179163433113,1.6898733695182402,1.3383244825203735
4.188,-1.7987622690803677,1.2413634244270098,-2.0883151521879597,2.318179163433113,1.6898733695182402,1.3383244825203735
4.19,-1.7987622690803677,1.2413634244270098,-2.0883151521879597,2.318179163433113,1.6898733695182402,1.3383244825203735
4.192,-1.7987622690803677,1.2413634244270098,-2.0883151521879597,2.318179163433113,1.6898733695182402,1.3383244825203735
4.194,-1.7987622690803677,1.2413634244270098,-2.0883151521879597,2.318179163433113,1.6898733695182402,1.3383244825203735
4.196,-1.7987622690803677,1.2413634244270098,-2.0883151521879597,2.318179163433113,1.6898733695182402,1.3383244825203735
4.198,-1.7987622690803677,1.2413634244270098,-2.0883151521879597,2.318179163433113,1.6898733695182402,1.3383244825203735
4.2,-1.7987622690803677,1.2413634244270098,-2.0883151521879597,2.318179163433113,1.6898733695182402,1.3383244825203735
4.202,-1.7987622690803677,1.2413634244270098,-2.0883151521879597,2.318179163433113,1.6898733695182402,1.3383244825203735
4.204,-1.7987622690803677,1.2413634244270098,-2.0883151521879597,2.318179163433113,1.6898733695182402,1.3383244825203735
4.206,-1.7987622690803677,1.2413634244270098,-2.0883151521879597,2.318179163433113,1.6898733695182402,1.3383244825203735
4.208,-1.7987622690803677,1.2413634244270098,-2.0883151521879597,2.318179163433113,1.6898733695182402,1.3383244825203735
4.21,-1.7987622690803677,1.2413634244270098,-2.0883151521879597,2.318179163433113,1.6898733695182402,1.3383244825203735
4.212,-1.7987622690803677,1.2413634244270098,-2.0883151521879597,2.318179163433113,1.6898733695182402,1.3383244825203735
4.214,-1.7987622690803677,1.2413634244270098,-2.0883151521879597,2.318179163433113,1.6898733695182402,1.3383244825203735
4.216,-1.7987622690803677,1.2413634244270098,-2.0883151521879597,2.318179163433113,1.6898733695182402,1.3383244825203735
4.218,-1.7987622690803677,1.2413634244270098,-2.0883151521879597,2.318179163433113,1.6898733695182402,1.3383244825203735
4.22,-1.7987622690803677,1.2413634244270098,-2.0883151521879597,2.318179163433113,1.6898733695182402,1.3383244825203735
4.222,-1.7987622690803677,1.2413634244270098,-2.0883151521879597,2.318179163433113,1.6898733695182402,1.3383244825203735
4.224,-1.7987622690803677,1.2413634244270098,-2.0883151521879597,2.318179163433113,1.6898733695182402,1.3383244825203735
4.226,-1.7987622690803677,1.2413634244270098,-2.0883151521879597,2.318179163433113,1.6898733695182402,1.3383244825203735
4.228,-1.7987622690803677,1.2413634244270098,-2.0883151521879597,2.318179163433113,1.6898733695182402,1.3383244825203735
4.23,-1.7987622690803677,1.2413634244270098,-2.0883151521879597,2.318179163433113,1.6898733695182402,1.3383244825203735
4.232,-1.7987622690803677,1.2413634244270098,-2.0883151521879597,2.318179163433113,1.6898733695182402,1.3383244825203735
4.234,-1.7987622690803677,1.2413634244270098,-2.0883151521879597,2.318179163433113,1.6898733695182402,1.3383244825203735
4.236,-1.7987622690803677,1.2413634244270098,-2.0883151521879597,2.318179163433113,1.6898733695182402,1.3383244825203735
4.238,-1.7987622690803677,1.2413634244270098,-2.0883151521879597,2.318179163433113,1.6898733695182402,1.3383244825203735
4.24,-1.7987622690803677,1.2413634244270098,-2.0883151521879597,2.318179163433113,1.6898733695182402,1.3383244825203735
4.242,-1.7987622690803677,1.2413634244270098,-2.0883151521879597,2.318179163433113,1.6898733695182402,1.3383244825203735
4.244,-1.7987622690803677,1.2413634244270098,-2.0883151521879597,2.318179163433113,1.6898733695182402,1.3383244825203735
4.246,-1.7987622690803677,1.2413634244270098,-2.0883151521879597,2.318179163433113,1.6898733695182402,1.3383244825203735
4.248,-1.794313646322658,1.2414109628775312,-2.087964160320431,2.320181796312848,1.6815434955788513,1.3431042465832554
4.25,-1.794313646322658,1.2414109628775312,-2.087964160320431,2.320181796312848,1.6815434955788513,1.3431042465832554
4.252,-1.794313646322658,1.2414109628775312,-2.087964160320431,2.320181796312848,1.6815434955788513,1.3431042465832554
4.2540000000000004,-1.794313646322658,1.2414109628775312,-2.087964160320431,2.320181796312848,1.6815434955788513,1.3431042465832554
4.256,-1.794313646322658,1.2414109628775312,-2.087964160320431,2.320181796312848,1.6815434955788513,1.3431042465832554
4.258,-1.794313646322658,1.2414109628775312,-2.087964160320431,2.320181796312848,1.6815434955788513,1.3431042465832554
4.26,-1.794313646322658,1.2414109628775312,-2.087964160320431,2.320181796312848,1.6815434955788513,1.3431042465832554
4.2620000000000005,-1.794313646322658,1.2414109628775312,-2.087964160320431,2.320181796312848,1.6815434955788513,1.3431042465832554
4.264,-1.794313646322658,1.2414109628775312,-2.087964160320431,2.320181796312848,1.6815434955788513,1.3431042465832554
4.266,-1.794313646322658,1.2414109628775312,-2.087964160320431,2.320181796312848,1.6815434955788513,1.3431042465832554
4.268,-1.794313646322658,1.2414109628775312,-2.087964160320431,2.320181796312848,1.6815434955788513,1.3431042465832554
4.2700000000000005,-1.794313646322658,1.2414109628775312,-2.087964160320431,2.320181796312848,1.6815434955788513,1.3431042465832554
4.272,-1.794313646322658,1.2414109628775312,-2.087964160320431,2.320181796312848,1.6815434955788513,1.3431042465832554
4.274,-1.794313646322658,1.2414109628775312,-2.087964160320431,2.320181796312848,1.6815434955788513,1.3431042465832554
4.276,-1.794313646322658,1.2414109628775312,-2.087964160320431,2.320181796312848,1.6815434955788513,1.3431042465832554
4.2780000000000005,-1.794313646322658,1.2414109628775312,-2.087964160320431,2.320181796312848,1.6815434955788513,1.3431042465832554
4.28,-1.794313646322658,1.2414109628775312,-2.087964160320431,2.320181796312848,1.6815434955788513,1.3431042465832554
4.282,-1.794313646322658,1.2414109628775312,-2.087964160320431,2.320181796312848,1.6815434955788513,1.3431042465832554
4.284,-1.794313646322658,1.2414109628775312,-2.087964160320431,2.320181796312848,1.6815434955788513,1.3431042465832554
4.2860000000000005,-1.794313646322658,1.2414109628775312,-2.087964160320431,2.320181796312848,1.6815434955788513,1.3431042465832554
4.288,-1.794313646322658,1.2414109628775312,-2.087964160320431,2.320181796312848,1.6815434955788513,1.3431042465832554
4.29,-1.794313646322658,1.2414109628775312,-2.087964160320431,2.320181796312848,1.6815434955788513,1.3431042465832554
4.292,-1.794313646322658,1.2414109628775312,-2.087964160320431,2.320181796312848,1.6815434955788513,1.3431042465832554
4.2940000000000005,-1.794313646322658,1.2414109628775312,-2.087964160320431,2.320181796312848,1.6815434955788513,1.3431042465832554
4.296,-1.794313646322658,1.2414109628775312,-2.087964160320431,2.320181796312848,1.6815434955788513,1.3431042465832554
4.298,-1.794313646322658,1.2414109628775312,-2.087964160320431,2.320181796312848,1.6815434955788513,1.3431042465832554
4.3,-1.794313646322658,1.2414109628775312,-2.087964160320431,2.320181796312848,1.6815434955788513,1.3431042465832554
4.3020000000000005,-1.794313646322658,1.2414109628775312,-2.087964160320431,2.320181796312848,1.6815434955788513,1.3431042465832554
4.304,-1.794313646322658,1.2414109628775312,-2.087964160320431,2.320181796312848,1.6815434955788513,1.3431042465832554
4.306,-1.794313646322658,1.2414109628775312,-2.087964160320431,2.320181796312848,1.6815434955788513,1.3431042465832554
4.308,-1.794313646322658,1.2414109628775312,-2.087964160320431,2.320181796312848,1.6815434955788513,1.3431042465832554
4.3100000000000005,-1.794313646322658,1.2414109628775312,-2.087964160320431,2.320181796312848,1.6815434955788513,1.3431042465832554
4.312,-1.794313646322658,1.2414109628775312,-2.087964160320431,2.320181796312848,1.6815434955788513,1.3431042465832554
4.314,-1.794313646322658,1.2414109628775312,-2.087964160320431,2.320181796312848,1.6815434955788513,1.3431042465832554
4.316,-1.794313646322658,1.2414109628775312,-2.087964160320431,2.320181796312848,1.6815434955788513,1.3431042465832554
4.3180000000000005,-1.794313646322658,1.2414109628775312,-2.087964160320431,2.320181796312848,1.6815434955788513,1.3431042465832554
4.32,-1.794313646322658,1.2414109628775312,-2.087964160320431,2.320181796312848,1.6815434955788513,1.3431042465832554
4.322,-1.794313646322658,1.2414109628775312,-2.087964160320431,2.320181796312848,1.6815434955788513,1.3431042465832554
4.324,-1.794313646322658,1.2414109628775312,-2.087964160320431,2.320181796312848,1.6815434955788513,1.3431042465832554
4.3260000000000005,-1.794313646322658,1.2414109628775312,-2.087964160320431,2.320181796312848,1.6815434955788513,1.3431042465832554
4.328,-1.794313646322658,1.2414109628775312,-2.087964160320431,2.320181796312848,1.6815434955788513,1.3431042465832554
4.33,-1.794313646322658,1.2414109628775312,-2.087964160320431,2.320181796312848,1.6815434955788513,1.3431042465832554
4.332,-1.794313646322658,1.2414109628775312,-2.087964160320431,2.320181796312848,1.6815434955788513,1.3431042465832554
4.3340000000000005,-1.7897458503202248,1.241834550817454,-2.0886305218979873,2.3229269655768636,1.6725948948331708,1.3479678385015912
4.336,-1.7897458503202248,1.241834550817454,-2.0886305218979873,2.3229269655768636,1.6725948948331708,1.3479678385015912
4.338,-1.7897458503202248,1.241834550817454,-2.0886305218979873,2.3229269655768636,1.6725948948331708,1.3479678385015912
4.34,-1.7897458503202248,1.241834550817454,-2.0886305218979873,2.3229269655768636,1.6725948948331708,1.3479678385015912
4.3420000000000005,-1.7897458503202248,1.241834550817454,-2.0886305218979873,2.3229269655768636,1.6725948948331708,1.3479678385015912
4.344,-1.7897458503202248,1.241834550817454,-2.0886305218979873,2.3229269655768636,1.6725948948331708,1.3479678385015912
4.346,-1.7897458503202248,1.241834550817454,-2.0886305218979873,2.3229269655768636,1.6725948948331708,1.3479678385015912
4.348,-1.7897458503202248,1.241834550817454,-2.0886305218979873,2.3229269655768636,1.6725948948331708,1.3479678385015912
4.3500000000000005,-1.7897458503202248,1.241834550817454,-2.0886305218979873,2.3229269655768636,1.6725948948331708,1.3479678385015912
4.352,-1.7897458503202248,1.241834550817454,-2.0886305218979873,2.3229269655768636,1.6725948948331708,1.3479678385015912
4.354,-1.7897458503202248,1.241834550817454,-2.0886305218979873,2.3229269655768636,1.6725948948331708,1.3479678385015912
4.356,-1.7897458503202248,1.241834550817454,-2.0886305218979873,2.3229269655768636,1.6725948948331708,1.3479678385015912
4.358,-1.7897458503202248,1.241834550817454,-2.0886305218979873,2.3229269655768636,1.6725948948331708,1.3479678385015912
4.36,-1.7897458503202248,1.241834550817454,-2.0886305218979873,2.3229269655768636,1.6725948948331708,1.3479678385015912
4.362,-1.7897458503202248,1.241834550817454,-2.0886305218979873,2.3229269655768636,1.6725948948331708,1.3479678385015912
4.364,-1.7897458503202248,1.241834550817454,-2.0886305218979873,2.3229269655768636,1.6725948948331708,1.3479678385015912
4.366,-1.7897458503202248,1.241834550817454,-2.0886305218979873,2.3229269655768636,1.6725948948331708,1.3479678385015912
4.368,-1.7897458503202248,1.241834550817454,-2.0886305218979873,2.3229269655768636,1.6725948948331708,1.3479678385015912
4.37,-1.7897458503202248,1.241834550817454,-2.0886305218979873,2.3229269655768636,1.6725948948331708,1.3479678385015912
4.372,-1.7897458503202248,1.241834550817454,-2.0886305218979873,2.3229269655768636,1.6725948948331708,1.3479678385015912
4.374,-1.7897458503202248,1.241834550817454,-2.0886305218979873,2.3229269655768636,1.6725948948331708,1.3479678385015912
4.376,-1.7897458503202248,1.241834550817454,-2.0886305218979873,2.3229269655768636,1.6725948948331708,1.3479678385015912
4.378,-1.7897458503202248,1.241834550817454,-2.0886305218979873,2.3229269655768636,1.6725948948331708,1.3479678385015912
4.38,-1.7897458503202248,1.241834550817454,-2.0886305218979873,2.3229269655768636,1.6725948948331708,1.3479678385015912
4.382,-1.7897458503202248,1.241834550817454,-2.0886305218979873,2.3229269655768636,1.6725948948331708,1.3479678385015912
4.384,-1.7897458503202248,1.241834550817454,-2.0886305218979873,2.3229269655768636,1.6725948948331708,1.3479678385015912
4.386,-1.7897458503202248,1.241834550817454,-2.0886305218979873,2.3229269655768636,1.6725948948331708,1.3479678385015912
4.388,-1.7897458503202248,1.241834550817454,-2.0886305218979873,2.3229269655768636,1.6725948948331708,1.3479678385015912
4.39,-1.7897458503202248,1.241834550817454,-2.0886305218979873,2.3229269655768636,1.6725948948331708,1.3479678385015912
4.392,-1.7897458503202248,1.241834550817454,-2.0886305218979873,2.3229269655768636,1.6725948948331708,1.3479678385015912
4.394,-1.7897458503202248,1.241834550817454,-2.0886305218979873,2.3229269655768636,1.6725948948331708,1.3479678385015912
4.396,-1.7897458503202248,1.241834550817454,-2.0886305218979873,2.3229269655768636,1.6725948948331708,1.3479678385015912
4.398,-1.7897458503202248,1.241834550817454,-2.0886305218979873,2.3229269655768636,1.6725948948331708,1.3479678385015912
4.4,-1.7897458503202248,1.241834550817454,-2.0886305218979873,2.3229269655768636,1.6725948948331708,1.3479678385015912
4.402,-1.7897458503202248,1.241834550817454,-2.0886305218979873,2.3229269655768636,1.6725948948331708,1.3479678385015912
4.404,-1.7897458503202248,1.241834550817454,-2.0886305218979873,2.3229269655768636,1.6725948948331708,1.3479678385015912
4.406,-1.7897458503202248,1.241834550817454,-2.0886305218979873,2.3229269655768636,1.6725948948331708,1.3479678385015912
4.408,-1.7897458503202248,1.241834550817454,-2.0886305218979873,2.3229269655768636,1.6725948948331708,1.3479678385015912
4.41,-1.7897458503202248,1.241834550817454,-2.0886305218979873,2.3229269655768636,1.6725948948331708,1.3479678385015912
4.412,-1.7897458503202248,1.241834550817454,-2.0886305218979873,2.3229269655768636,1.6725948948331708,1.3479678385015912
4.414,-1.7897458503202248,1.241834550817454,-2.0886305218979873,2.3229269655768636,1.6725948948331708,1.3479678385015912
4.416,-1.7897458503202248,1.241834550817454,-2.0886305218979873,2.3229269655768636,1.6725948948331708,1.3479678385015912
4.418,-1.7897458503202248,1.241834550817454,-2.0886305218979873,2.3229269655768636,1.6725948948331708,1.3479678385015912
4.42,-1.7897458503202248,1.241834550817454,-2.0886305218979873,2.3229269655768636,1.6725948948331708,1.3479678385015912
4.422,-1.785219107220572,1.241864158861205,-2.0885474176137357,2.3251686847285096,1.6638066846898507,1.3527493696219435
4.424,-1.785219107220572,1.241864158861205,-2.0885474176137357,2.3251686847285096,1.6638066846898507,1.3527493696219435
4.426,-1.785219107220572,1.241864158861205,-2.0885474176137357,2.3251686847285096,1.6638066846898507,1.3527493696219435
4.428,-1.785219107220572,1.241864158861205,-2.0885474176137357,2.3251686847285096,1.6638066846898507,1.3527493696219435
4.43,-1.785219107220572,1.241864158861205,-2.0885474176137357,2.3251686847285096,1.6638066846898507,1.3527493696219435
4.432,-1.785219107220572,1.241864158861205,-2.0885474176137357,2.3251686847285096,1.6638066846898507,1.3527493696219435
4.434,-1.785219107220572,1.241864158861205,-2.0885474176137357,2.3251686847285096,1.6638066846898507,1.3527493696219435
4.436,-1.785219107220572,1.241864158861205,-2.0885474176137357,2.3251686847285096,1.6638066846898507,1.3527493696219435
4.438,-1.785219107220572,1.241864158861205,-2.0885474176137357,2.3251686847285096,1.6638066846898507,1.3527493696219435
4.44,-1.785219107220572,1.241864158861205,-2.0885474176137357,2.3251686847285096,1.6638066846898507,1.3527493696219435
4.442,-1.785219107220572,1.241864158861205,-2.0885474176137357,2.3251686847285096,1.6638066846898507,1.3527493696219435
4.444,-1.785219107220572,1.241864158861205,-2.0885474176137357,2.3251686847285096,1.6638066846898507,1.3527493696219435
4.446,-1.785219107220572,1.241864158861205,-2.0885474176137357,2.3251686847285096,1.6638066846898507,1.3527493696219435
4.448,-1.785219107220572,1.241864158861205,-2.0885474176137357,2.3251686847285096,1.6638066846898507,1.3527493696219435
4.45,-1.785219107220572,1.241864158861205,-2.0885474176137357,2.3251686847285096,1.6638066846898507,1.3527493696219435
4.452,-1.785219107220572,1.241864158861205,-2.0885474176137357,2.3251686847285096,1.6638066846898507,1.3527493696219435
4.454,-1.785219107220572,1.241864158861205,-2.0885474176137357,2.3251686847285096,1.6638066846898507,1.3527493696219435
4.456,-1.785219107220572,1.241864158861205,-2.0885474176137357,2.3251686847285096,1.6638066846898507,1.3527493696219435
4.458,-1.785219107220572,1.241864158861205,-2.0885474176137357,2.3251686847285096,1.6638066846898507,1.3527493696219435
4.46,-1.785219107220572,1.241864158861205,-2.0885474176137357,2.3251686847285096,1.6638066846898507,1.3527493696219435
4.462,-1.785219107220572,1.241864158861205,-2.0885474176137357,2.3251686847285096,1.6638066846898507,1.3527493696219435
4.464,-1.785219107220572,1.241864158861205,-2.0885474176137357,2.3251686847285096,1.6638066846898507,1.3527493696219435
4.466,-1.785219107220572,1.241864158861205,-2.0885474176137357,2.3251686847285096,1.6638066846898507,1.3527493696219435
4.468,-1.785219107220572,1.241864158861205,-2.0885474176137357,2.3251686847285096,1.6638066846898507,1.3527493696219435
4.47,-1.785219107220572,1.241864158861205,-2.0885474176137357,2.3251686847285096,1.6638066846898507,1.3527493696219435
4.472,-1.785219107220572,1.241864158861205,-2.0885474176137357,2.3251686847285096,1.6638066846898507,1.3527493696219435
4.474,-1.785219107220572,1.241864158861205,-2.0885474176137357,2.3251686847285096,1.6638066846898507,1.3527493696219435
4.476,-1.785219107220572,1.241864158861205,-2.0885474176137357,2.3251686847285096,1.6638066846898507,1.3527493696219435
4.478,-1.785219107220572,1.241864158861205,-2.0885474176137357,2.3251686847285096,1.6638066846898507,1.3527493696219435
4.48,-1.785219107220572,1.241864158861205,-2.0885474176137357,2.3251686847285096,1.6638066846898507,1.3527493696219435
4.482,-1.785219107220572,1.241864158861205,-2.0885474176137357,2.3251686847285096,1.6638066846898507,1.3527493696219435
4.484,-1.785219107220572,1.241864158861205,-2.0885474176137357,2.3251686847285096,1.6638066846898507,1.3527493696219435
4.486,-1.785219107220572,1.241864158861205,-2.0885474176137357,2.3251686847285096,1.6638066846898507,1.3527493696219435
4.488,-1.785219107220572,1.241864158861205,-2.0885474176137357,2.3251686847285096,1.6638066846898507,1.3527493696219435
4.49,-1.785219107220572,1.241864158861205,-2.0885474176137357,2.3251686847285096,1.6638066846898507,1.3527493696219435
4.492,-1.785219107220572,1.241864158861205,-2.0885474176137357,2.3251686847285096,1.6638066846898507,1.3527493696219435
4.494,-1.785219107220572,1.241864158861205,-2.0885474176137357,2.3251686847285096,1.6638066846898507,1.3527493696219435
4.496,-1.785219107220572,1.241864158861205,-2.0885474176137357,2.3251686847285096,1.6638066846898507,1.3527493696219435
4.498,-1.785219107220572,1.241864158861205,-2.0885474176137357,2.3251686847285096,1.6638066846898507,1.3527493696219435
4.5,-1.785219107220572,1.241864158861205,-2.0885474176137357,2.3251686847285096,1.6638066846898507,1.3527493696219435
4.502,-1.785219107220572,1.241864158861205,-2.0885474176137357,2.3251686847285096,1.6638066846898507,1.3527493696219435
4.5040000000000004,-1.785219107220572,1.241864158861205,-2.0885474176137357,2.3251686847285096,1.6638066846898507,1.3527493696219435
4.506,-1.785219107220572,1.241864158861205,-2.0885474176137357,2.3251686847285096,1.6638066846898507,1.3527493696219435
4.508,-1.785219107220572,1.241864158861205,-2.0885474176137357,2.3251686847285096,1.6638066846898507,1.3527493696219435
4.51,-1.7806975332965955,1.242072817352114,-2.088981644646917,2.327769369717454,1.6548350679371284,1.3574940538886053
4.5120000000000005,-1.7806975332965955,1.242072817352114,-2.088981644646917,2.327769369717454,1.6548350679371284,1.3574940538886053
4.514,-1.7806975332965955,1.242072817352114,-2.088981644646917,2.327769369717454,1.6548350679371284,1.3574940538886053
4.516,-1.7806975332965955,1.242072817352114,-2.088981644646917,2.327769369717454,1.6548350679371284,1.3574940538886053
4.518,-1.7806975332965955,1.242072817352114,-2.088981644646917,2.327769369717454,1.6548350679371284,1.3574940538886053
4.5200000000000005,-1.7806975332965955,1.242072817352114,-2.088981644646917,2.327769369717454,1.6548350679371284,1.3574940538886053
4.522,-1.7806975332965955,1.242072817352114,-2.088981644646917,2.327769369717454,1.6548350679371284,1.3574940538886053
4.524,-1.7806975332965955,1.242072817352114,-2.088981644646917,2.327769369717454,1.6548350679371284,1.3574940538886053
4.526,-1.7806975332965955,1.242072817352114,-2.088981644646917,2.327769369717454,1.6548350679371284,1.3574940538886053
4.5280000000000005,-1.7806975332965955,1.242072817352114,-2.088981644646917,2.327769369717454,1.6548350679371284,1.3574940538886053
4.53,-1.7806975332965955,1.242072817352114,-2.088981644646917,2.327769369717454,1.6548350679371284,1.3574940538886053
4.532,-1.7806975332965955,1.242072817352114,-2.088981644646917,2.327769369717454,1.6548350679371284,1.3574940538886053
4.534,-1.7806975332965955,1.242072817352114,-2.088981644646917,2.327769369717454,1.6548350679371284,1.3574940538886053
4.5360000000000005,-1.7806975332965955,1.242072817352114,-2.088981644646917,2.327769369717454,1.6548350679371284,1.3574940538886053
4.538,-1.7806975332965955,1.242072817352114,-2.088981644646917,2.327769369717454,1.6548350679371284,1.3574940538886053
4.54,-1.7806975332965955,1.242072817352114,-2.088981644646917,2.327769369717454,1.6548350679371284,1.3574940538886053
4.542,-1.7806975332965955,1.242072817352114,-2.088981644646917,2.327769369717454,1.6548350679371284,1.3574940538886053
4.5440000000000005,-1.7806975332965955,1.242072817352114,-2.088981644646917,2.327769369717454,1.6548350679371284,1.3574940538886053
4.546,-1.7806975332965955,1.242072817352114,-2.088981644646917,2.327769369717454,1.6548350679371284,1.3574940538886053
4.548,-1.7806975332965955,1.242072817352114,-2.088981644646917,2.327769369717454,1.6548350679371284,1.3574940538886053
4.55,-1.7806975332965955,1.242072817352114,-2.088981644646917,2.327769369717454,1.6548350679371284,1.3574940538886053
4.5520000000000005,-1.7806975332965955,1.242072817352114,-2.088981644646917,2.327769369717454,1.6548350679371284,1.3574940538886053
4.554,-1.7806975332965955,1.242072817352114,-2.088981644646917,2.327769369717454,1.6548350679371284,1.3574940538886053
4.556,-1.7806975332965955,1.242072817352114,-2.088981644646917,2.327769369717454,1.6548350679371284,1.3574940538886053
4.558,-1.7806975332965955,1.242072817352114,-2.088981644646917,2.327769369717454,1.6548350679371284,1.3574940538886053
4.5600000000000005,-1.7806975332965955,1.242072817352114,-2.088981644646917,2.327769369717454,1.6548350679371284,1.3574940538886053
4.562,-1.7806975332965955,1.242072817352114,-2.088981644646917,2.327769369717454,1.6548350679371284,1.3574940538886053
4.564,-1.7806975332965955,1.242072817352114,-2.088981644646917,2.327769369717454,1.6548350679371284,1.3574940538886053
4.566,-1.7806975332965955,1.242072817352114,-2.088981644646917,2.327769369717454,1.6548350679371284,1.3574940538886053
4.5680000000000005,-1.7806975332965955,1.242072817352114,-2.088981644646917,2.327769369717454,1.6548350679371284,1.3574940538886053
4.57,-1.7806975332965955,1.242072817352114,-2.088981644646917,2.327769369717454,1.6548350679371284,1.3574940538886053
4.572,-1.7806975332965955,1.242072817352114,-2.088981644646917,2.327769369717454,1.6548350679371284,1.3574940538886053
4.574,-1.7806975332965955,1.242072817352114,-2.088981644646917,2.327769369717454,1.6548350679371284,1.3574940538886053
4.5760000000000005,-1.7806975332965955,1.242072817352114,-2.088981644646917,2.327769369717454,1.6548350679371284,1.3574940538886053
4.578,-1.7806975332965955,1.242072817352114,-2.088981644646917,2.327769369717454,1.6548350679371284,1.3574940538886053
4.58,-1.7806975332965955,1.242072817352114,-2.088981644646917,2.327769369717454,1.6548350679371284,1.3574940538886053
4.582,-1.7806975332965955,1.242072817352114,-2.088981644646917,2.327769369717454,1.6548350679371284,1.3574940538886053
4.5840000000000005,-1.7806975332965955,1.242072817352114,-2.088981644646917,2.327769369717454,1.6548350679371284,1.3574940538886053
4.586,-1.7806975332965955,1.242072817352114,-2.088981644646917,2.327769369717454,1.6548350679371284,1.3574940538886053
4.588,-1.7806975332965955,1.242072817352114,-2.088981644646917,2.327769369717454,1.6548350679371284,1.3574940538886053
4.59,-1.7806975332965955,1.242072817352114,-2.088981644646917,2.327769369717454,1.6548350679371284,1.3574940538886053
4.5920000000000005,-1.7806975332965955,1.242072817352114,-2.088981644646917,2.327769369717454,1.6548350679371284,1.3574940538886053
4.594,-1.7806975332965955,1.242072817352114,-2.088981644646917,2.327769369717454,1.6548350679371284,1.3574940538886053
4.596,-1.7806975332965955,1.242072817352114,-2.088981644646917,2.327769369717454,1.6548350679371284,1.3574940538886053
4.598,-1.7806975332965955,1.242072817352114,-2.088981644646917,2.327769369717454,1.6548350679371284,1.3574940538886053
4.6000000000000005,-1.7760397738989884,1.242047146334595,-2.0890200481158323,2.3301103328646047,1.645630044392584,1.3623460888491559
4.602,-1.7760397738989884,1.242047146334595,-2.0890200481158323,2.3301103328646047,1.645630044392584,1.3623460888491559
4.604,-1.7760397738989884,1.242047146334595,-2.0890200481158323,2.3301103328646047,1.645630044392584,1.3623460888491559
4.606,-1.7760397738989884,1.242047146334595,-2.0890200481158323,2.3301103328646047,1.645630044392584,1.3623460888491559
4.6080000000000005,-1.7760397738989884,1.242047146334595,-2.0890200481158323,2.3301103328646047,1.645630044392584,1.3623460888491559
4.61,-1.7760397738989884,1.242047146334595,-2.0890200481158323,2.3301103328646047,1.645630044392584,1.3623460888491559
4.612,-1.7760397738989884,1.242047146334595,-2.0890200481158323,2.3301103328646047,1.645630044392584,1.3623460888491559
4.614,-1.7760397738989884,1.242047146334595,-2.0890200481158323,2.3301103328646047,1.645630044392584,1.3623460888491559
4.616,-1.7760397738989884,1.242047146334595,-2.0890200481158323,2.3301103328646047,1.645630044392584,1.3623460888491559
4.618,-1.7760397738989884,1.242047146334595,-2.0890200481158323,2.3301103328646047,1.645630044392584,1.3623460888491559
4.62,-1.7760397738989884,1.242047146334595,-2.0890200481158323,2.3301103328646047,1.645630044392584,1.3623460888491559
4.622,-1.7760397738989884,1.242047146334595,-2.0890200481158323,2.3301103328646047,1.645630044392584,1.3623460888491559
4.624,-1.7760397738989884,1.242047146334595,-2.0890200481158323,2.3301103328646047,1.645630044392584,1.3623460888491559
4.626,-1.7760397738989884,1.242047146334595,-2.0890200481158323,2.3301103328646047,1.645630044392584,1.3623460888491559
4.628,-1.7760397738989884,1.242047146334595,-2.0890200481158323,2.3301103328646047,1.645630044392584,1.3623460888491559
4.63,-1.7760397738989884,1.242047146334595,-2.0890200481158323,2.3301103328646047,1.645630044392584,1.3623460888491559
4.632,-1.7760397738989884,1.242047146334595,-2.0890200481158323,2.3301103328646047,1.645630044392584,1.3623460888491559
4.634,-1.7760397738989884,1.242047146334595,-2.0890200481158323,2.3301103328646047,1.645630044392584,1.3623460888491559
4.636,-1.7760397738989884,1.242047146334595,-2.0890200481158323,2.3301103328646047,1.645630044392584,1.3623460888491559
4.638,-1.7760397738989884,1.242047146334595,-2.0890200481158323,2.3301103328646047,1.645630044392584,1.3623460888491559
4.64,-1.7760397738989884,1.242047146334595,-2.0890200481158323,2.3301103328646047,1.645630044392584,1.3623460888491559
4.642,-1.7760397738989884,1.242047146334595,-2.0890200481158323,2.3301103328646047,1.645630044392584,1.3623460888491559
4.644,-1.7760397738989884,1.242047146334595,-2.0890200481158323,2.3301103328646047,1.645630044392584,1.3623460888491559
4.646,-1.7760397738989884,1.242047146334595,-2.0890200481158323,2.3301103328646047,1.645630044392584,1.3623460888491559
4.648,-1.7760397738989884,1.242047146334595,-2.0890200481158323,2.3301103328646047,1.645630044392584,1.3623460888491559
4.65,-1.7760397738989884,1.242047146334595,-2.0890200481158323,2.3301103328646047,1.645630044392584,1.3623460888491559
4.652,-1.7760397738989884,1.242047146334595,-2.0890200481158323,2.3301103328646047,1.645630044392584,1.3623460888491559
4.654,-1.7760397738989884,1.242047146334595,-2.0890200481158323,2.3301103328646047,1.645630044392584,1.3623460888491559
4.656,-1.7760397738989884,1.242047146334595,-2.0890200481158323,2.3301103328646047,1.645630044392584,1.3623460888491559
4.658,-1.7760397738989884,1.242047146334595,-2.0890200481158323,2.3301103328646047,1.645630044392584,1.3623460888491559
4.66,-1.7760397738989884,1.242047146334595,-2.0890200481158323,2.3301103328646047,1.645630044392584,1.3623460888491559
4.662,-1.7760397738989884,1.242047146334595,-2.0890200481158323,2.3301103328646047,1.645630044392584,1.3623460888491559
4.664,-1.7760397738989884,1.242047146334595,-2.0890200481158323,2.3301103328646047,1.645630044392584,1.3623460888491559
4.666,-1.7760397738989884,1.242047146334595,-2.0890200481158323,2.3301103328646047,1.645630044392584,1.3623460888491559
4.668,-1.7760397738989884,1.242047146334595,-2.0890200481158323,2.3301103328646047,1.645630044392584,1.3623460888491559
4.67,-1.7760397738989884,1.242047146334595,-2.0890200481158323,2.3301103328646047,1.645630044392584,1.3623460888491559
4.672,-1.7760397738989884,1.242047146334595,-2.0890200481158323,2.3301103328646047,1.645630044392584,1.3623460888491559
4.674,-1.7760397738989884,1.242047146334595,-2.0890200481158323,2.3301103328646047,1.645630044392584,1.3623460888491559
4.676,-1.7760397738989884,1.242047146334595,-2.0890200481158323,2.3301103328646047,1.645630044392584,1.3623460888491559
4.678,-1.7760397738989884,1.242047146334595,-2.0890200481158323,2.3301103328646047,1.645630044392584,1.3623460888491559
4.68,-1.7760397738989884,1.242047146334595,-2.0890200481158323,2.3301103328646047,1.645630044392584,1.3623460888491559
4.682,-1.7760397738989884,1.242047146334595,-2.0890200481158323,2.3301103328646047,1.645630044392584,1.3623460888491559
4.684,-1.7760397738989884,1.242047146334595,-2.0890200481158323,2.3301103328646047,1.645630044392584,1.3623460888491559
4.686,-1.7760397738989884,1.242047146334595,-2.0890200481158323,2.3301103328646047,1.645630044392584,1.3623460888491559
4.688,-1.7760397738989884,1.242047146334595,-2.0890200481158323,2.3301103328646047,1.645630044392584,1.3623460888491559
4.69,-1.7760397738989884,1.242047146334595,-2.0890200481158323,2.3301103328646047,1.645630044392584,1.3623460888491559
4.692,-1.7713235340991678,1.2420838425761265,-2.0893196113272943,2.33263524826978,1.636208798377928,1.3672294350479257
4.694,-1.7713235340991678,1.2420838425761265,-2.0893196113272943,2.33263524826978,1.636208798377928,1.3672294350479257
4.696,-1.7713235340991678,1.2420838425761265,-2.0893196113272943,2.33263524826978,1.636208798377928,1.3672294350479257
4.698,-1.7713235340991678,1.2420838425761265,-2.0893196113272943,2.33263524826978,1.636208798377928,1.3672294350479257
4.7,-1.7713235340991678,1.2420838425761265,-2.0893196113272943,2.33263524826978,1.636208798377928,1.3672294350479257
4.702,-1.7713235340991678,1.2420838425761265,-2.0893196113272943,2.33263524826978,1.636208798377928,1.3672294350479257
4.704,-1.7713235340991678,1.2420838425761265,-2.0893196113272943,2.33263524826978,1.636208798377928,1.3672294350479257
4.706,-1.7713235340991678,1.2420838425761265,-2.0893196113272943,2.33263524826978,1.636208798377928,1.3672294350479257
4.708,-1.7713235340991678,1.2420838425761265,-2.0893196113272943,2.33263524826978,1.636208798377928,1.3672294350479257
4.71,-1.7713235340991678,1.2420838425761265,-2.0893196113272943,2.33263524826978,1.636208798377928,1.3672294350479257
4.712,-1.7713235340991678,1.2420838425761265,-2.0893196113272943,2.33263524826978,1.636208798377928,1.3672294350479257
4.714,-1.7713235340991678,1.2420838425761265,-2.0893196113272943,2.33263524826978,1.636208798377928,1.3672294350479257
4.716,-1.7713235340991678,1.2420838425761265,-2.0893196113272943,2.33263524826978,1.636208798377928,1.3672294350479257
4.718,-1.7713235340991678,1.2420838425761265,-2.0893196113272943,2.33263524826978,1.636208798377928,1.3672294350479257
4.72,-1.7713235340991678,1.2420838425761265,-2.0893196113272943,2.33263524826978,1.636208798377928,1.3672294350479257
4.722,-1.7713235340991678,1.2420838425761265,-2.0893196113272943,2.33263524826978,1.636208798377928,1.3672294350479257
4.724,-1.7713235340991678,1.2420838425761265,-2.0893196113272943,2.33263524826978,1.636208798377928,1.3672294350479257
4.726,-1.7713235340991678,1.2420838425761265,-2.0893196113272943,2.33263524826978,1.636208798377928,1.3672294350479257
4.728,-1.7713235340991678,1.2420838425761265,-2.0893196113272943,2.33263524826978,1.636208798377928,1.3672294350479257
4.73,-1.7713235340991678,1.2420838425761265,-2.0893196113272943,2.33263524826978,1.636208798377928,1.3672294350479257
4.732,-1.7713235340991678,1.2420838425761265,-2.0893196113272943,2.33263524826978,1.636208798377928,1.3672294350479257
4.734,-1.7713235340991678,1.2420838425761265,-2.0893196113272943,2.33263524826978,1.636208798377928,1.3672294350479257
4.736,-1.7713235340991678,1.2420838425761265,-2.0893196113272943,2.33263524826978,1.636208798377928,1.3672294350479257
4.738,-1.7713235340991678,1.2420838425761265,-2.0893196113272943,2.33263524826978,1.636208798377928,1.3672294350479257
4.74,-1.7713235340991678,1.2420838425761265,-2.0893196113272943,2.33263524826978,1.636208798377928,1.3672294350479257
4.742,-1.7713235340991678,1.2420838425761265,-2.0893196113272943,2.33263524826978,1.636208798377928,1.3672294350479257
4.744,-1.7713235340991678,1.2420838425761265,-2.0893196113272943,2.33263524826978,1.636208798377928,1.3672294350479257
4.746,-1.7713235340991678,1.2420838425761265,-2.0893196113272943,2.33263524826978,1.636208798377928,1.3672294350479257
4.748,-1.7713235340991678,1.2420838425761265,-2.0893196113272943,2.33263524826978,1.636208798377928,1.3672294350479257
4.75,-1.7713235340991678,1.2420838425761265,-2.0893196113272943,2.33263524826978,1.636208798377928,1.3672294350479257
4.752,-1.7713235340991678,1.2420838425761265,-2.0893196113272943,2.33263524826978,1.636208798377928,1.3672294350479257
4.7540000000000004,-1.7713235340991678,1.2420838425761265,-2.0893196113272943,2.33263524826978,1.636208798377928,1.3672294350479257
4.756,-1.7713235340991678,1.2420838425761265,-2.0893196113272943,2.33263524826978,1.636208798377928,1.3672294350479257
4.758,-1.7713235340991678,1.2420838425761265,-2.0893196113272943,2.33263524826978,1.636208798377928,1.3672294350479257
4.76,-1.7713235340991678,1.2420838425761265,-2.0893196113272943,2.33263524826978,1.636208798377928,1.3672294350479257
4.7620000000000005,-1.7713235340991678,1.2420838425761265,-2.0893196113272943,2.33263524826978,1.636208798377928,1.3672294350479257
4.764,-1.7713235340991678,1.2420838425761265,-2.0893196113272943,2.33263524826978,1.636208798377928,1.3672294350479257
4.766,-1.7713235340991678,1.2420838425761265,-2.0893196113272943,2.33263524826978,1.636208798377928,1.3672294350479257
4.768,-1.7713235340991678,1.2420838425761265,-2.0893196113272943,2.33263524826978,1.636208798377928,1.3672294350479257
4.7700000000000005,-1.7713235340991678,1.2420838425761265,-2.0893196113272943,2.33263524826978,1.636208798377928,1.3672294350479257
4.772,-1.7713235340991678,1.2420838425761265,-2.0893196113272943,2.33263524826978,1.636208798377928,1.3672294350479257
4.774,-1.7713235340991678,1.2420838425761265,-2.0893196113272943,2.33263524826978,1.636208798377928,1.3672294350479257
4.776,-1.7713235340991678,1.2420838425761265,-2.0893196113272943,2.33263524826978,1.636208798377928,1.3672294350479257
4.7780000000000005,-1.7713235340991678,1.2420838425761265,-2.0893196113272943,2.33263524826978,1.636208798377928,1.3672294350479257
4.78,-1.7713235340991678,1.2420838425761265,-2.0893196113272943,2.33263524826978,1.636208798377928,1.3672294350479257
4.782,-1.7713235340991678,1.2420838425761265,-2.0893196113272943,2.33263524826978,1.636208798377928,1.3672294350479257
4.784,-1.7713235340991678,1.2420838425761265,-2.0893196113272943,2.33263524826978,1.636208798377928,1.3672294350479257
4.7860000000000005,-1.7664883990303752,1.2419680032003695,-2.0894034896836287,2.3350168183476163,1.626570053080879,1.372206868850769
4.788,-1.7664883990303752,1.2419680032003695,-2.0894034896836287,2.3350168183476163,1.626570053080879,1.372206868850769
4.79,-1.7664883990303752,1.2419680032003695,-2.0894034896836287,2.3350168183476163,1.626570053080879,1.372206868850769
4.792,-1.7664883990303752,1.2419680032003695,-2.0894034896836287,2.3350168183476163,1.626570053080879,1.372206868850769
4.7940000000000005,-1.7664883990303752,1.2419680032003695,-2.0894034896836287,2.3350168183476163,1.626570053080879,1.372206868850769
4.796,-1.7664883990303752,1.2419680032003695,-2.0894034896836287,2.3350168183476163,1.626570053080879,1.372206868850769
4.798,-1.7664883990303752,1.2419680032003695,-2.0894034896836287,2.3350168183476163,1.626570053080879,1.372206868850769
4.8,-1.7664883990303752,1.2419680032003695,-2.0894034896836287,2.3350168183476163,1.626570053080879,1.372206868850769
4.8020000000000005,-1.7664883990303752,1.2419680032003695,-2.0894034896836287,2.3350168183476163,1.626570053080879,1.372206868850769
4.804,-1.7664883990303752,1.2419680032003695,-2.0894034896836287,2.3350168183476163,1.626570053080879,1.372206868850769
4.806,-1.7664883990303752,1.2419680032003695,-2.0894034896836287,2.3350168183476163,1.626570053080879,1.372206868850769
4.808,-1.7664883990303752,1.2419680032003695,-2.0894034896836287,2.3350168183476163,1.626570053080879,1.372206868850769
4.8100000000000005,-1.7664883990303752,1.2419680032003695,-2.0894034896836287,2.3350168183476163,1.626570053080879,1.372206868850769
4.812,-1.7664883990303752,1.2419680032003695,-2.0894034896836287,2.3350168183476163,1.626570053080879,1.372206868850769
4.814,-1.7664883990303752,1.2419680032003695,-2.0894034896836287,2.3350168183476163,1.626570053080879,1.372206868850769
4.816,-1.7664883990303752,1.2419680032003695,-2.0894034896836287,2.3350168183476163,1.626570053080879,1.372206868850769
4.8180000000000005,-1.7664883990303752,1.2419680032003695,-2.0894034896836287,2.3350168183476163,1.626570053080879,1.372206868850769
4.82,-1.7664883990303752,1.2419680032003695,-2.0894034896836287,2.3350168183476163,1.626570053080879,1.372206868850769
4.822,-1.7664883990303752,1.2419680032003695,-2.0894034896836287,2.3350168183476163,1.626570053080879,1.372206868850769
4.824,-1.7664883990303752,1.2419680032003695,-2.0894034896836287,2.3350168183476163,1.626570053080879,1.372206868850769
4.8260000000000005,-1.7664883990303752,1.2419680032003695,-2.0894034896836287,2.3350168183476163,1.626570053080879,1.372206868850769
4.828,-1.7664883990303752,1.2419680032003695,-2.0894034896836287,2.3350168183476163,1.626570053080879,1.372206868850769
4.83,-1.7664883990303752,1.2419680032003695,-2.0894034896836287,2.3350168183476163,1.626570053080879,1.372206868850769
4.832,-1.7664883990303752,1.2419680032003695,-2.0894034896836287,2.3350168183476163,1.626570053080879,1.372206868850769
4.8340000000000005,-1.7664883990303752,1.2419680032003695,-2.0894034896836287,2.3350168183476163,1.626570053080879,1.372206868850769
4.836,-1.7664883990303752,1.2419680032003695,-2.0894034896836287,2.3350168183476163,1.626570053080879,1.372206868850769
4.838,-1.7664883990303752,1.2419680032003695,-2.0894034896836287,2.3350168183476163,1.626570053080879,1.372206868850769
4.84,-1.7664883990303752,1.2419680032003695,-2.0894034896836287,2.3350168183476163,1.626570053080879,1.372206868850769
4.8420000000000005,-1.7664883990303752,1.2419680032003695,-2.0894034896836287,2.3350168183476163,1.626570053080879,1.372206868850769
4.844,-1.7664883990303752,1.2419680032003695,-2.0894034896836287,2.3350168183476163,1.626570053080879,1.372206868850769
4.846,-1.7664883990303752,1.2419680032003695,-2.0894034896836287,2.3350168183476163,1.626570053080879,1.372206868850769
4.848,-1.7664883990303752,1.2419680032003695,-2.0894034896836287,2.3350168183476163,1.626570053080879,1.372206868850769
4.8500000000000005,-1.7664883990303752,1.2419680032003695,-2.0894034896836287,2.3350168183476163,1.626570053080879,1.372206868850769
4.852,-1.7664883990303752,1.2419680032003695,-2.0894034896836287,2.3350168183476163,1.626570053080879,1.372206868850769
4.854,-1.7664883990303752,1.2419680032003695,-2.0894034896836287,2.3350168183476163,1.626570053080879,1.372206868850769
4.856,-1.7664883990303752,1.2419680032003695,-2.0894034896836287,2.3350168183476163,1.626570053080879,1.372206868850769
4.8580000000000005,-1.7664883990303752,1.2419680032003695,-2.0894034896836287,2.3350168183476163,1.626570053080879,1.372206868850769
4.86,-1.7664883990303752,1.2419680032003695,-2.0894034896836287,2.3350168183476163,1.626570053080879,1.372206868850769
4.862,-1.7664883990303752,1.2419680032003695,-2.0894034896836287,2.3350168183476163,1.626570053080879,1.372206868850769
4.864,-1.7664883990303752,1.2419680032003695,-2.0894034896836287,2.3350168183476163,1.626570053080879,1.372206868850769
4.866,-1.7664883990303752,1.2419680032003695,-2.0894034896836287,2.3350168183476163,1.626570053080879,1.372206868850769
4.868,-1.7664883990303752,1.2419680032003695,-2.0894034896836287,2.3350168183476163,1.626570053080879,1.372206868850769
4.87,-1.7664883990303752,1.2419680032003695,-2.0894034896836287,2.3350168183476163,1.626570053080879,1.372206868850769
4.872,-1.7664883990303752,1.2419680032003695,-2.0894034896836287,2.3350168183476163,1.626570053080879,1.372206868850769
4.874,-1.7664883990303752,1.2419680032003695,-2.0894034896836287,2.3350168183476163,1.626570053080879,1.372206868850769
4.876,-1.7664883990303752,1.2419680032003695,-2.0894034896836287,2.3350168183476163,1.626570053080879,1.372206868850769
4.878,-1.7664883990303752,1.2419680032003695,-2.0894034896836287,2.3350168183476163,1.626570053080879,1.372206868850769
4.88,-1.7664883990303752,1.2419680032003695,-2.0894034896836287,2.3350168183476163,1.626570053080879,1.372206868850769
4.882,-1.7615649803661084,1.2418522402031051,-2.0896135295338283,2.337486877921545,1.6167010484869984,1.3772479650235088
4.884,-1.7615649803661084,1.2418522402031051,-2.0896135295338283,2.337486877921545,1.6167010484869984,1.3772479650235088
4.886,-1.7615649803661084,1.2418522402031051,-2.0896135295338283,2.337486877921545,1.6167010484869984,1.3772479650235088
4.888,-1.7615649803661084,1.2418522402031051,-2.0896135295338283,2.337486877921545,1.6167010484869984,1.3772479650235088
4.89,-1.7615649803661084,1.2418522402031051,-2.0896135295338283,2.337486877921545,1.6167010484869984,1.3772479650235088
4.892,-1.7615649803661084,1.2418522402031051,-2.0896135295338283,2.337486877921545,1.6167010484869984,1.3772479650235088
4.894,-1.7615649803661084,1.2418522402031051,-2.0896135295338283,2.337486877921545,1.6167010484869984,1.3772479650235088
4.896,-1.7615649803661084,1.2418522402031051,-2.0896135295338283,2.337486877921545,1.6167010484869984,1.3772479650235088
4.898,-1.7615649803661084,1.2418522402031051,-2.0896135295338283,2.337486877921545,1.6167010484869984,1.3772479650235088
4.9,-1.7615649803661084,1.2418522402031051,-2.0896135295338283,2.337486877921545,1.6167010484869984,1.3772479650235088
4.902,-1.7615649803661084,1.2418522402031051,-2.0896135295338283,2.337486877921545,1.6167010484869984,1.3772479650235088
4.904,-1.7615649803661084,1.2418522402031051,-2.0896135295338283,2.337486877921545,1.6167010484869984,1.3772479650235088
4.906,-1.7615649803661084,1.2418522402031051,-2.0896135295338283,2.337486877921545,1.6167010484869984,1.3772479650235088
4.908,-1.7615649803661084,1.2418522402031051,-2.0896135295338283,2.337486877921545,1.6167010484869984,1.3772479650235088
4.91,-1.7615649803661084,1.2418522402031051,-2.0896135295338283,2.337486877921545,1.6167010484869984,1.3772479650235088
4.912,-1.7615649803661084,1.2418522402031051,-2.0896135295338283,2.337486877921545,1.6167010484869984,1.3772479650235088
4.914,-1.7615649803661084,1.2418522402031051,-2.0896135295338283,2.337486877921545,1.6167010484869984,1.3772479650235088
4.916,-1.7615649803661084,1.2418522402031051,-2.0896135295338283,2.337486877921545,1.6167010484869984,1.3772479650235088
4.918,-1.7615649803661084,1.2418522402031051,-2.0896135295338283,2.337486877921545,1.6167010484869984,1.3772479650235088
4.92,-1.7615649803661084,1.2418522402031051,-2.0896135295338283,2.337486877921545,1.6167010484869984,1.3772479650235088
4.922,-1.7615649803661084,1.2418522402031051,-2.0896135295338283,2.337486877921545,1.6167010484869984,1.3772479650235088
4.924,-1.7615649803661084,1.2418522402031051,-2.0896135295338283,2.337486877921545,1.6167010484869984,1.3772479650235088
4.926,-1.7615649803661084,1.2418522402031051,-2.0896135295338283,2.337486877921545,1.6167010484869984,1.3772479650235088
4.928,-1.7615649803661084,1.2418522402031051,-2.0896135295338283,2.337486877921545,1.6167010484869984,1.3772479650235088
4.93,-1.7615649803661084,1.2418522402031051,-2.0896135295338283,2.337486877921545,1.6167010484869984,1.3772479650235088
4.932,-1.7615649803661084,1.2418522402031051,-2.0896135295338283,2.337486877921545,1.6167010484869984,1.3772479650235088
4.934,-1.7615649803661084,1.2418522402031051,-2.0896135295338283,2.337486877921545,1.6167010484869984,1.3772479650235088
4.936,-1.7615649803661084,1.2418522402031051,-2.0896135295338283,2.337486877921545,1.6167010484869984,1.3772479650235088
4.938,-1.7615649803661084,1.2418522402031051,-2.0896135295338283,2.337486877921545,1.6167010484869984,1.3772479650235088
4.94,-1.7615649803661084,1.2418522402031051,-2.0896135295338283,2.337486877921545,1.6167010484869984,1.3772479650235088
4.942,-1.7615649803661084,1.2418522402031051,-2.0896135295338283,2.337486877921545,1.6167010484869984,1.3772479650235088
4.944,-1.7615649803661084,1.2418522402031051,-2.0896135295338283,2.337486877921545,1.6167010484869984,1.3772479650235088
4.946,-1.7615649803661084,1.2418522402031051,-2.0896135295338283,2.337486877921545,1.6167010484869984,1.3772479650235088
4.948,-1.7615649803661084,1.2418522402031051,-2.0896135295338283,2.337486877921545,1.6167010484869984,1.3772479650235088
4.95,-1.7615649803661084,1.2418522402031051,-2.0896135295338283,2.337486877921545,1.6167010484869984,1.3772479650235088
4.952,-1.7615649803661084,1.2418522402031051,-2.0896135295338283,2.337486877921545,1.6167010484869984,1.3772479650235088
4.954,-1.7615649803661084,1.2418522402031051,-2.0896135295338283,2.337486877921545,1.6167010484869984,1.3772479650235088
4.956,-1.7615649803661084,1.2418522402031051,-2.0896135295338283,2.337486877921545,1.6167010484869984,1.3772479650235088
4.958,-1.7615649803661084,1.2418522402031051,-2.0896135295338283,2.337486877921545,1.6167010484869984,1.3772479650235088
4.96,-1.7615649803661084,1.2418522402031051,-2.0896135295338283,2.337486877921545,1.6167010484869984,1.3772479650235088
4.962,-1.7615649803661084,1.2418522402031051,-2.0896135295338283,2.337486877921545,1.6167010484869984,1.3772479650235088
4.964,-1.7615649803661084,1.2418522402031051,-2.0896135295338283,2.337486877921545,1.6167010484869984,1.3772479650235088
4.966,-1.7615649803661084,1.2418522402031051,-2.0896135295338283,2.337486877921545,1.6167010484869984,1.3772479650235088
4.968,-1.7615649803661084,1.2418522402031051,-2.0896135295338283,2.337486877921545,1.6167010484869984,1.3772479650235088
4.97,-1.7615649803661084,1.2418522402031051,-2.0896135295338283,2.337486877921545,1.6167010484869984,1.3772479650235088
4.972,-1.7615649803661084,1.2418522402031051,-2.0896135295338283,2.337486877921545,1.6167010484869984,1.3772479650235088
4.974,-1.7615649803661084,1.2418522402031051,-2.0896135295338283,2.337486877921545,1.6167010484869984,1.3772479650235088
4.976,-1.7615649803661084,1.2418522402031051,-2.0896135295338283,2.337486877921545,1.6167010484869984,1.3772479650235088
4.978,-1.7615649803661084,1.2418522402031051,-2.0896135295338283,2.337486877921545,1.6167010484869984,1.3772479650235088
4.98,-1.7565320514610532,1.2416247191882324,-2.089700749052962,2.339871820879898,1.6066195770076943,1.3823758192722644
4.982,-1.7565320514610532,1.2416247191882324,-2.089700749052962,2.339871820879898,1.6066195770076943,1.3823758192722644
4.984,-1.7565320514610532,1.2416247191882324,-2.089700749052962,2.339871820879898,1.6066195770076943,1.3823758192722644
4.986,-1.7565320514610532,1.2416247191882324,-2.089700749052962,2.339871820879898,1.6066195770076943,1.3823758192722644
4.988,-1.7565320514610532,1.2416247191882324,-2.089700749052962,2.339871820879898,1.6066195770076943,1.3823758192722644
4.99,-1.7565320514610532,1.2416247191882324,-2.089700749052962,2.339871820879898,1.6066195770076943,1.3823758192722644
4.992,-1.7565320514610532,1.2416247191882324,-2.089700749052962,2.339871820879898,1.6066195770076943,1.3823758192722644
4.994,-1.7565320514610532,1.2416247191882324,-2.089700749052962,2.339871820879898,1.6066195770076943,1.3823758192722644
4.996,-1.7565320514610532,1.2416247191882324,-2.089700749052962,2.339871820879898,1.6066195770076943,1.3823758192722644
4.998,-1.7565320514610532,1.2416247191882324,-2.089700749052962,2.339871820879898,1.6066195770076943,1.3823758192722644
5.0,-1.7565320514610532,1.2416247191882324,-2.089700749052962,2.339871820879898,1.6066195770076943,1.3823758192722644
5.002,-1.7565320514610532,1.2416247191882324,-2.089700749052962,2.339871820879898,1.6066195770076943,1.3823758192722644
5.0040000000000004,-1.7565320514610532,1.2416247191882324,-2.089700749052962,2.339871820879898,1.6066195770076943,1.3823758192722644
5.006,-1.7565320514610532,1.2416247191882324,-2.089700749052962,2.339871820879898,1.6066195770076943,1.3823758192722644
5.008,-1.7565320514610532,1.2416247191882324,-2.089700749052962,2.339871820879898,1.6066195770076943,1.3823758192722644
5.01,-1.7565320514610532,1.2416247191882324,-2.089700749052962,2.339871820879898,1.6066195770076943,1.3823758192722644
5.0120000000000005,-1.7565320514610532,1.2416247191882324,-2.089700749052962,2.339871820879898,1.6066195770076943,1.3823758192722644
5.014,-1.7565320514610532,1.2416247191882324,-2.089700749052962,2.339871820879898,1.6066195770076943,1.3823758192722644
5.016,-1.7565320514610532,1.2416247191882324,-2.089700749052962,2.339871820879898,1.6066195770076943,1.3823758192722644
5.018,-1.7565320514610532,1.2416247191882324,-2.089700749052962,2.339871820879898,1.6066195770076943,1.3823758192722644
5.0200000000000005,-1.7565320514610532,1.2416247191882324,-2.089700749052962,2.339871820879898,1.6066195770076943,1.3823758192722644
5.022,-1.7565320514610532,1.2416247191882324,-2.089700749052962,2.339871820879898,1.6066195770076943,1.3823758192722644
5.024,-1.7565320514610532,1.2416247191882324,-2.089700749052962,2.339871820879898,1.6066195770076943,1.3823758192722644
5.026,-1.7565320514610532,1.2416247191882324,-2.089700749052962,2.339871820879898,1.6066195770076943,1.3823758192722644
5.0280000000000005,-1.7565320514610532,1.2416247191882324,-2.089700749052962,2.339871820879898,1.6066195770076943,1.3823758192722644
5.03,-1.7565320514610532,1.2416247191882324,-2.089700749052962,2.339871820879898,1.6066195770076943,1.3823758192722644
5.032,-1.7565320514610532,1.2416247191882324,-2.089700749052962,2.339871820879898,1.6066195770076943,1.3823758192722644
5.034,-1.7565320514610532,1.2416247191882324,-2.089700749052962,2.339871820879898,1.6066195770076943,1.3823758192722644
5.0360000000000005,-1.7565320514610532,1.2416247191882324,-2.089700749052962,2.339871820879898,1.6066195770076943,1.3823758192722644
5.038,-1.7565320514610532,1.2416247191882324,-2.089700749052962,2.339871820879898,1.6066195770076943,1.3823758192722644
5.04,-1.7565320514610532,1.2416247191882324,-2.089700749052962,2.339871820879898,1.6066195770076943,1.3823758192722644
5.042,-1.7565320514610532,1.2416247191882324,-2.089700749052962,2.339871820879898,1.6066195770076943,1.3823758192722644
5.0440000000000005,-1.7565320514610532,1.2416247191882324,-2.089700749052962,2.339871820879898,1.6066195770076943,1.3823758192722644
5.046,-1.7565320514610532,1.2416247191882324,-2.089700749052962,2.339871820879898,1.6066195770076943,1.3823758192722644
5.048,-1.7565320514610532,1.2416247191882324,-2.089700749052962,2.339871820879898,1.6066195770076943,1.3823758192722644
5.05,-1.7565320514610532,1.2416247191882324,-2.089700749052962,2.339871820879898,1.6066195770076943,1.3823758192722644
5.0520000000000005,-1.7565320514610532,1.2416247191882324,-2.089700749052962,2.339871820879898,1.6066195770076943,1.3823758192722644
5.054,-1.7565320514610532,1.2416247191882324,-2.089700749052962,2.339871820879898,1.6066195770076943,1.3823758192722644
5.056,-1.7565320514610532,1.2416247191882324,-2.089700749052962,2.339871820879898,1.6066195770076943,1.3823758192722644
5.058,-1.7565320514610532,1.2416247191882324,-2.089700749052962,2.339871820879898,1.6066195770076943,1.3823758192722644
5.0600000000000005,-1.7565320514610532,1.2416247191882324,-2.089700749052962,2.339871820879898,1.6066195770076943,1.3823758192722644
5.062,-1.7565320514610532,1.2416247191882324,-2.089700749052962,2.339871820879898,1.6066195770076943,1.3823758192722644
5.064,-1.7565320514610532,1.2416247191882324,-2.089700749052962,2.339871820879898,1.6066195770076943,1.3823758192722644
5.066,-1.7565320514610532,1.2416247191882324,-2.089700749052962,2.339871820879898,1.6066195770076943,1.3823758192722644
5.0680000000000005,-1.7565320514610532,1.2416247191882324,-2.089700749052962,2.339871820879898,1.6066195770076943,1.3823758192722644
5.07,-1.7565320514610532,1.2416247191882324,-2.089700749052962,2.339871820879898,1.6066195770076943,1.3823758192722644
5.072,-1.7565320514610532,1.2416247191882324,-2.089700749052962,2.339871820879898,1.6066195770076943,1.3823758192722644
5.074,-1.7565320514610532,1.2416247191882324,-2.089700749052962,2.339871820879898,1.6066195770076943,1.3823758192722644
5.0760000000000005,-1.7565320514610532,1.2416247191882324,-2.089700749052962,2.339871820879898,1.6066195770076943,1.3823758192722644
5.078,-1.7565320514610532,1.2416247191882324,-2.089700749052962,2.339871820879898,1.6066195770076943,1.3823758192722644
5.08,-1.7513981544463424,1.2413627786756272,-2.089842504499477,2.342292209355759,1.596302922290932,1.3875818365699026
5.082,-1.7513981544463424,1.2413627786756272,-2.089842504499477,2.342292209355759,1.596302922290932,1.3875818365699026
5.0840000000000005,-1.7513981544463424,1.2413627786756272,-2.089842504499477,2.342292209355759,1.596302922290932,1.3875818365699026
5.086,-1.7513981544463424,1.2413627786756272,-2.089842504499477,2.342292209355759,1.596302922290932,1.3875818365699026
5.088,-1.7513981544463424,1.2413627786756272,-2.089842504499477,2.342292209355759,1.596302922290932,1.3875818365699026
5.09,-1.7513981544463424,1.2413627786756272,-2.089842504499477,2.342292209355759,1.596302922290932,1.3875818365699026
5.0920000000000005,-1.7513981544463424,1.2413627786756272,-2.089842504499477,2.342292209355759,1.596302922290932,1.3875818365699026
5.094,-1.7513981544463424,1.2413627786756272,-2.089842504499477,2.342292209355759,1.596302922290932,1.3875818365699026
5.096,-1.7513981544463424,1.2413627786756272,-2.089842504499477,2.342292209355759,1.596302922290932,1.3875818365699026
5.098,-1.7513981544463424,1.2413627786756272,-2.089842504499477,2.342292209355759,1.596302922290932,1.3875818365699026
5.1000000000000005,-1.7513981544463424,1.2413627786756272,-2.089842504499477,2.342292209355759,1.596302922290932,1.3875818365699026
5.102,-1.7513981544463424,1.2413627786756272,-2.089842504499477,2.342292209355759,1.596302922290932,1.3875818365699026
5.104,-1.7513981544463424,1.2413627786756272,-2.089842504499477,2.342292209355759,1.596302922290932,1.3875818365699026
5.106,-1.7513981544463424,1.2413627786756272,-2.089842504499477,2.342292209355759,1.596302922290932,1.3875818365699026
5.1080000000000005,-1.7513981544463424,1.2413627786756272,-2.089842504499477,2.342292209355759,1.596302922290932,1.3875818365699026
5.11,-1.7513981544463424,1.2413627786756272,-2.089842504499477,2.342292209355759,1.596302922290932,1.3875818365699026
5.112,-1.7513981544463424,1.2413627786756272,-2.089842504499477,2.342292209355759,1.596302922290932,1.3875818365699026
5.114,-1.7513981544463424,1.2413627786756272,-2.089842504499477,2.342292209355759,1.596302922290932,1.3875818365699026
5.1160000000000005,-1.7513981544463424,1.2413627786756272,-2.089842504499477,2.342292209355759,1.596302922290932,1.3875818365699026
5.118,-1.7513981544463424,1.2413627786756272,-2.089842504499477,2.342292209355759,1.596302922290932,1.3875818365699026
5.12,-1.7513981544463424,1.2413627786756272,-2.089842504499477,2.342292209355759,1.596302922290932,1.3875818365699026
5.122,-1.7513981544463424,1.2413627786756272,-2.089842504499477,2.342292209355759,1.596302922290932,1.3875818365699026
5.124,-1.7513981544463424,1.2413627786756272,-2.089842504499477,2.342292209355759,1.596302922290932,1.3875818365699026
5.126,-1.7513981544463424,1.2413627786756272,-2.089842504499477,2.342292209355759,1.596302922290932,1.3875818365699026
5.128,-1.7513981544463424,1.2413627786756272,-2.089842504499477,2.342292209355759,1.596302922290932,1.3875818365699026
5.13,-1.7513981544463424,1.2413627786756272,-2.089842504499477,2.342292209355759,1.596302922290932,1.3875818365699026
5.132,-1.7513981544463424,1.2413627786756272,-2.089842504499477,2.342292209355759,1.596302922290932,1.3875818365699026
5.134,-1.7513981544463424,1.2413627786756272,-2.089842504499477,2.342292209355759,1.596302922290932,1.3875818365699026
5.136,-1.7513981544463424,1.2413627786756272,-2.089842504499477,2.342292209355759,1.596302922290932,1.3875818365699026
5.138,-1.7513981544463424,1.2413627786756272,-2.089842504499477,2.342292209355759,1.596302922290932,1.3875818365699026
5.14,-1.7513981544463424,1.2413627786756272,-2.089842504499477,2.342292209355759,1.596302922290932,1.3875818365699026
5.142,-1.7513981544463424,1.2413627786756272,-2.089842504499477,2.342292209355759,1.596302922290932,1.3875818365699026
5.144,-1.7513981544463424,1.2413627786756272,-2.089842504499477,2.342292209355759,1.596302922290932,1.3875818365699026
5.146,-1.7513981544463424,1.2413627786756272,-2.089842504499477,2.342292209355759,1.596302922290932,1.3875818365699026
5.148,-1.7513981544463424,1.2413627786756272,-2.089842504499477,2.342292209355759,1.596302922290932,1.3875818365699026
5.15,-1.7513981544463424,1.2413627786756272,-2.089842504499477,2.342292209355759,1.596302922290932,1.3875818365699026
5.152,-1.7513981544463424,1.2413627786756272,-2.089842504499477,2.342292209355759,1.596302922290932,1.3875818365699026
5.154,-1.7513981544463424,1.2413627786756272,-2.089842504499477,2.342292209355759,1.596302922290932,1.3875818365699026
5.156,-1.7513981544463424,1.2413627786756272,-2.089842504499477,2.342292209355759,1.596302922290932,1.3875818365699026
5.158,-1.7513981544463424,1.2413627786756272,-2.089842504499477,2.342292209355759,1.596302922290932,1.3875818365699026
5.16,-1.7513981544463424,1.2413627786756272,-2.089842504499477,2.342292209355759,1.596302922290932,1.3875818365699026
5.162,-1.7513981544463424,1.2413627786756272,-2.089842504499477,2.342292209355759,1.596302922290932,1.3875818365699026
5.164,-1.7513981544463424,1.2413627786756272,-2.089842504499477,2.342292209355759,1.596302922290932,1.3875818365699026
5.166,-1.7513981544463424,1.2413627786756272,-2.089842504499477,2.342292209355759,1.596302922290932,1.3875818365699026
5.168,-1.7513981544463424,1.2413627786756272,-2.089842504499477,2.342292209355759,1.596302922290932,1.3875818365699026
5.17,-1.7513981544463424,1.2413627786756272,-2.089842504499477,2.342292209355759,1.596302922290932,1.3875818365699026
5.172,-1.7513981544463424,1.2413627786756272,-2.089842504499477,2.342292209355759,1.596302922290932,1.3875818365699026
5.174,-1.7513981544463424,1.2413627786756272,-2.089842504499477,2.342292209355759,1.596302922290932,1.3875818365699026
5.176,-1.7513981544463424,1.2413627786756272,-2.089842504499477,2.342292209355759,1.596302922290932,1.3875818365699026
5.178,-1.7513981544463424,1.2413627786756272,-2.089842504499477,2.342292209355759,1.596302922290932,1.3875818365699026
5.18,-1.7513981544463424,1.2413627786756272,-2.089842504499477,2.342292209355759,1.596302922290932,1.3875818365699026
5.182,-1.7461601574283183,1.2410079939131984,-2.0899086456388742,2.3446553389975886,1.5857739962582609,1.3928706946170888
5.184,-1.7461601574283183,1.2410079939131984,-2.0899086456388742,2.3446553389975886,1.5857739962582609,1.3928706946170888
5.186,-1.7461601574283183,1.2410079939131984,-2.0899086456388742,2.3446553389975886,1.5857739962582609,1.3928706946170888
5.188,-1.7461601574283183,1.2410079939131984,-2.0899086456388742,2.3446553389975886,1.5857739962582609,1.3928706946170888
5.19,-1.7461601574283183,1.2410079939131984,-2.0899086456388742,2.3446553389975886,1.5857739962582609,1.3928706946170888
5.192,-1.7461601574283183,1.2410079939131984,-2.0899086456388742,2.3446553389975886,1.5857739962582609,1.3928706946170888
5.194,-1.7461601574283183,1.2410079939131984,-2.0899086456388742,2.3446553389975886,1.5857739962582609,1.3928706946170888
5.196,-1.7461601574283183,1.2410079939131984,-2.0899086456388742,2.3446553389975886,1.5857739962582609,1.3928706946170888
5.198,-1.7461601574283183,1.2410079939131984,-2.0899086456388742,2.3446553389975886,1.5857739962582609,1.3928706946170888
5.2,-1.7461601574283183,1.2410079939131984,-2.0899086456388742,2.3446553389975886,1.5857739962582609,1.3928706946170888
5.202,-1.7461601574283183,1.2410079939131984,-2.0899086456388742,2.3446553389975886,1.5857739962582609,1.3928706946170888
5.204,-1.7461601574283183,1.2410079939131984,-2.0899086456388742,2.3446553389975886,1.5857739962582609,1.3928706946170888
5.206,-1.7461601574283183,1.2410079939131984,-2.0899086456388742,2.3446553389975886,1.5857739962582609,1.3928706946170888
5.208,-1.7461601574283183,1.2410079939131984,-2.0899086456388742,2.3446553389975886,1.5857739962582609,1.3928706946170888
5.21,-1.7461601574283183,1.2410079939131984,-2.0899086456388742,2.3446553389975886,1.5857739962582609,1.3928706946170888
5.212,-1.7461601574283183,1.2410079939131984,-2.0899086456388742,2.3446553389975886,1.5857739962582609,1.3928706946170888
5.214,-1.7461601574283183,1.2410079939131984,-2.0899086456388742,2.3446553389975886,1.5857739962582609,1.3928706946170888
5.216,-1.7461601574283183,1.2410079939131984,-2.0899086456388742,2.3446553389975886,1.5857739962582609,1.3928706946170888
5.218,-1.7461601574283183,1.2410079939131984,-2.0899086456388742,2.3446553389975886,1.5857739962582609,1.3928706946170888
5.22,-1.7461601574283183,1.2410079939131984,-2.0899086456388742,2.3446553389975886,1.5857739962582609,1.3928706946170888
5.222,-1.7461601574283183,1.2410079939131984,-2.0899086456388742,2.3446553389975886,1.5857739962582609,1.3928706946170888
5.224,-1.7461601574283183,1.2410079939131984,-2.0899086456388742,2.3446553389975886,1.5857739962582609,1.3928706946170888
5.226,-1.7461601574283183,1.2410079939131984,-2.0899086456388742,2.3446553389975886,1.5857739962582609,1.3928706946170888
5.228,-1.7461601574283183,1.2410079939131984,-2.0899086456388742,2.3446553389975886,1.5857739962582609,1.3928706946170888
5.23,-1.7461601574283183,1.2410079939131984,-2.0899086456388742,2.3446553389975886,1.5857739962582609,1.3928706946170888
5.232,-1.7461601574283183,1.2410079939131984,-2.0899086456388742,2.3446553389975886,1.5857739962582609,1.3928706946170888
5.234,-1.7461601574283183,1.2410079939131984,-2.0899086456388742,2.3446553389975886,1.5857739962582609,1.3928706946170888
5.236,-1.7461601574283183,1.2410079939131984,-2.0899086456388742,2.3446553389975886,1.5857739962582609,1.3928706946170888
5.238,-1.7461601574283183,1.2410079939131984,-2.0899086456388742,2.3446553389975886,1.5857739962582609,1.3928706946170888
5.24,-1.7461601574283183,1.2410079939131984,-2.0899086456388742,2.3446553389975886,1.5857739962582609,1.3928706946170888
5.242,-1.7461601574283183,1.2410079939131984,-2.0899086456388742,2.3446553389975886,1.5857739962582609,1.3928706946170888
5.244,-1.7461601574283183,1.2410079939131984,-2.0899086456388742,2.3446553389975886,1.5857739962582609,1.3928706946170888
5.246,-1.7461601574283183,1.2410079939131984,-2.0899086456388742,2.3446553389975886,1.5857739962582609,1.3928706946170888
5.248,-1.7461601574283183,1.2410079939131984,-2.0899086456388742,2.3446553389975886,1.5857739962582609,1.3928706946170888
5.25,-1.7461601574283183,1.2410079939131984,-2.0899086456388742,2.3446553389975886,1.5857739962582609,1.3928706946170888
5.252,-1.7461601574283183,1.2410079939131984,-2.0899086456388742,2.3446553389975886,1.5857739962582609,1.3928706946170888
5.2540000000000004,-1.7461601574283183,1.2410079939131984,-2.0899086456388742,2.3446553389975886,1.5857739962582609,1.3928706946170888
5.256,-1.7461601574283183,1.2410079939131984,-2.0899086456388742,2.3446553389975886,1.5857739962582609,1.3928706946170888
5.258,-1.7461601574283183,1.2410079939131984,-2.0899086456388742,2.3446553389975886,1.5857739962582609,1.3928706946170888
5.26,-1.7461601574283183,1.2410079939131984,-2.0899086456388742,2.3446553389975886,1.5857739962582609,1.3928706946170888
5.2620000000000005,-1.7461601574283183,1.2410079939131984,-2.0899086456388742,2.3446553389975886,1.5857739962582609,1.3928706946170888
5.264,-1.7461601574283183,1.2410079939131984,-2.0899086456388742,2.3446553389975886,1.5857739962582609,1.3928706946170888
5.266,-1.7461601574283183,1.2410079939131984,-2.0899086456388742,2.3446553389975886,1.5857739962582609,1.3928706946170888
5.268,-1.7461601574283183,1.2410079939131984,-2.0899086456388742,2.3446553389975886,1.5857739962582609,1.3928706946170888
5.2700000000000005,-1.7461601574283183,1.2410079939131984,-2.0899086456388742,2.3446553389975886,1.5857739962582609,1.3928706946170888
5.272,-1.7461601574283183,1.2410079939131984,-2.0899086456388742,2.3446553389975886,1.5857739962582609,1.3928706946170888
5.274,-1.7461601574283183,1.2410079939131984,-2.0899086456388742,2.3446553389975886,1.5857739962582609,1.3928706946170888
5.276,-1.7461601574283183,1.2410079939131984,-2.0899086456388742,2.3446553389975886,1.5857739962582609,1.3928706946170888
5.2780000000000005,-1.7461601574283183,1.2410079939131984,-2.0899086456388742,2.3446553389975886,1.5857739962582609,1.3928706946170888
5.28,-1.7461601574283183,1.2410079939131984,-2.0899086456388742,2.3446553389975886,1.5857739962582609,1.3928706946170888
5.282,-1.7461601574283183,1.2410079939131984,-2.0899086456388742,2.3446553389975886,1.5857739962582609,1.3928706946170888
5.284,-1.7461601574283183,1.2410079939131984,-2.0899086456388742,2.3446553389975886,1.5857739962582609,1.3928706946170888
5.2860000000000005,-1.7408172037620036,1.2405985430800612,-2.0899907880592345,2.347023212585569,1.575009222112726,1.3982434479088575
5.288,-1.7408172037620036,1.2405985430800612,-2.0899907880592345,2.347023212585569,1.575009222112726,1.3982434479088575
5.29,-1.7408172037620036,1.2405985430800612,-2.0899907880592345,2.347023212585569,1.575009222112726,1.3982434479088575
5.292,-1.7408172037620036,1.2405985430800612,-2.0899907880592345,2.347023212585569,1.575009222112726,1.3982434479088575
5.2940000000000005,-1.7408172037620036,1.2405985430800612,-2.0899907880592345,2.347023212585569,1.575009222112726,1.3982434479088575
5.296,-1.7408172037620036,1.2405985430800612,-2.0899907880592345,2.347023212585569,1.575009222112726,1.3982434479088575
5.298,-1.7408172037620036,1.2405985430800612,-2.0899907880592345,2.347023212585569,1.575009222112726,1.3982434479088575
5.3,-1.7408172037620036,1.2405985430800612,-2.0899907880592345,2.347023212585569,1.575009222112726,1.3982434479088575
5.3020000000000005,-1.7408172037620036,1.2405985430800612,-2.0899907880592345,2.347023212585569,1.575009222112726,1.3982434479088575
5.304,-1.7408172037620036,1.2405985430800612,-2.0899907880592345,2.347023212585569,1.575009222112726,1.3982434479088575
5.306,-1.7408172037620036,1.2405985430800612,-2.0899907880592345,2.347023212585569,1.575009222112726,1.3982434479088575
5.308,-1.7408172037620036,1.2405985430800612,-2.0899907880592345,2.347023212585569,1.575009222112726,1.3982434479088575
5.3100000000000005,-1.7408172037620036,1.2405985430800612,-2.0899907880592345,2.347023212585569,1.575009222112726,1.3982434479088575
5.312,-1.7408172037620036,1.2405985430800612,-2.0899907880592345,2.347023212585569,1.575009222112726,1.3982434479088575
5.314,-1.7408172037620036,1.2405985430800612,-2.0899907880592345,2.347023212585569,1.575009222112726,1.3982434479088575
5.316,-1.7408172037620036,1.2405985430800612,-2.0899907880592345,2.347023212585569,1.575009222112726,1.3982434479088575
5.3180000000000005,-1.7408172037620036,1.2405985430800612,-2.0899907880592345,2.347023212585569,1.575009222112726,1.3982434479088575
5.32,-1.7408172037620036,1.2405985430800612,-2.0899907880592345,2.347023212585569,1.575009222112726,1.3982434479088575
5.322,-1.7408172037620036,1.2405985430800612,-2.0899907880592345,2.347023212585569,1.575009222112726,1.3982434479088575
5.324,-1.7408172037620036,1.2405985430800612,-2.0899907880592345,2.347023212585569,1.575009222112726,1.3982434479088575
5.3260000000000005,-1.7408172037620036,1.2405985430800612,-2.0899907880592345,2.347023212585569,1.575009222112726,1.3982434479088575
5.328,-1.7408172037620036,1.2405985430800612,-2.0899907880592345,2.347023212585569,1.575009222112726,1.3982434479088575
5.33,-1.7408172037620036,1.2405985430800612,-2.0899907880592345,2.347023212585569,1.575009222112726,1.3982434479088575
5.332,-1.7408172037620036,1.2405985430800612,-2.0899907880592345,2.347023212585569,1.575009222112726,1.3982434479088575
5.3340000000000005,-1.7408172037620036,1.2405985430800612,-2.0899907880592345,2.347023212585569,1.575009222112726,1.3982434479088575
5.336,-1.7408172037620036,1.2405985430800612,-2.0899907880592345,2.347023212585569,1.575009222112726,1.3982434479088575
5.338,-1.7408172037620036,1.2405985430800612,-2.0899907880592345,2.347023212585569,1.575009222112726,1.3982434479088575
5.34,-1.7408172037620036,1.2405985430800612,-2.0899907880592345,2.347023212585569,1.575009222112726,1.3982434479088575
5.3420000000000005,-1.7408172037620036,1.2405985430800612,-2.0899907880592345,2.347023212585569,1.575009222112726,1.3982434479088575
5.344,-1.7408172037620036,1.2405985430800612,-2.0899907880592345,2.347023212585569,1.575009222112726,1.3982434479088575
5.346,-1.7408172037620036,1.2405985430800612,-2.0899907880592345,2.347023212585569,1.575009222112726,1.3982434479088575
5.348,-1.7408172037620036,1.2405985430800612,-2.0899907880592345,2.347023212585569,1.575009222112726,1.3982434479088575
5.3500000000000005,-1.7408172037620036,1.2405985430800612,-2.0899907880592345,2.347023212585569,1.575009222112726,1.3982434479088575
5.352,-1.7408172037620036,1.2405985430800612,-2.0899907880592345,2.347023212585569,1.575009222112726,1.3982434479088575
5.354,-1.7408172037620036,1.2405985430800612,-2.0899907880592345,2.347023212585569,1.575009222112726,1.3982434479088575
5.356,-1.7408172037620036,1.2405985430800612,-2.0899907880592345,2.347023212585569,1.575009222112726,1.3982434479088575
5.3580000000000005,-1.7408172037620036,1.2405985430800612,-2.0899907880592345,2.347023212585569,1.575009222112726,1.3982434479088575
5.36,-1.7408172037620036,1.2405985430800612,-2.0899907880592345,2.347023212585569,1.575009222112726,1.3982434479088575
5.362,-1.7408172037620036,1.2405985430800612,-2.0899907880592345,2.347023212585569,1.575009222112726,1.3982434479088575
5.364,-1.7408172037620036,1.2405985430800612,-2.0899907880592345,2.347023212585569,1.575009222112726,1.3982434479088575
5.3660000000000005,-1.7408172037620036,1.2405985430800612,-2.0899907880592345,2.347023212585569,1.575009222112726,1.3982434479088575
5.368,-1.7408172037620036,1.2405985430800612,-2.0899907880592345,2.347023212585569,1.575009222112726,1.3982434479088575
5.37,-1.7408172037620036,1.2405985430800612,-2.0899907880592345,2.347023212585569,1.575009222112726,1.3982434479088575
5.372,-1.7408172037620036,1.2405985430800612,-2.0899907880592345,2.347023212585569,1.575009222112726,1.3982434479088575
5.3740000000000006,-1.7408172037620036,1.2405985430800612,-2.0899907880592345,2.347023212585569,1.575009222112726,1.3982434479088575
5.376,-1.7408172037620036,1.2405985430800612,-2.0899907880592345,2.347023212585569,1.575009222112726,1.3982434479088575
5.378,-1.7408172037620036,1.2405985430800612,-2.0899907880592345,2.347023212585569,1.575009222112726,1.3982434479088575
5.38,-1.7408172037620036,1.2405985430800612,-2.0899907880592345,2.347023212585569,1.575009222112726,1.3982434479088575
5.382,-1.7408172037620036,1.2405985430800612,-2.0899907880592345,2.347023212585569,1.575009222112726,1.3982434479088575
5.384,-1.7408172037620036,1.2405985430800612,-2.0899907880592345,2.347023212585569,1.575009222112726,1.3982434479088575
5.386,-1.7408172037620036,1.2405985430800612,-2.0899907880592345,2.347023212585569,1.575009222112726,1.3982434479088575
5.388,-1.7408172037620036,1.2405985430800612,-2.0899907880592345,2.347023212585569,1.575009222112726,1.3982434479088575
5.39,-1.7408172037620036,1.2405985430800612,-2.0899907880592345,2.347023212585569,1.575009222112726,1.3982434479088575
5.392,-1.7353738225205264,1.2401035595664833,-2.0900206392202887,2.349345610832699,1.5640305880025787,1.403696996376896
5.394,-1.7353738225205264,1.2401035595664833,-2.0900206392202887,2.349345610832699,1.5640305880025787,1.403696996376896
5.396,-1.7353738225205264,1.2401035595664833,-2.0900206392202887,2.349345610832699,1.5640305880025787,1.403696996376896
5.398,-1.7353738225205264,1.2401035595664833,-2.0900206392202887,2.349345610832699,1.5640305880025787,1.403696996376896
5.4,-1.7353738225205264,1.2401035595664833,-2.0900206392202887,2.349345610832699,1.5640305880025787,1.403696996376896
5.402,-1.7353738225205264,1.2401035595664833,-2.0900206392202887,2.349345610832699,1.5640305880025787,1.403696996376896
5.404,-1.7353738225205264,1.2401035595664833,-2.0900206392202887,2.349345610832699,1.5640305880025787,1.403696996376896
5.406,-1.7353738225205264,1.2401035595664833,-2.0900206392202887,2.349345610832699,1.5640305880025787,1.403696996376896
5.408,-1.7353738225205264,1.2401035595664833,-2.0900206392202887,2.349345610832699,1.5640305880025787,1.403696996376896
5.41,-1.7353738225205264,1.2401035595664833,-2.0900206392202887,2.349345610832699,1.5640305880025787,1.403696996376896
5.412,-1.7353738225205264,1.2401035595664833,-2.0900206392202887,2.349345610832699,1.5640305880025787,1.403696996376896
5.414,-1.7353738225205264,1.2401035595664833,-2.0900206392202887,2.349345610832699,1.5640305880025787,1.403696996376896
5.416,-1.7353738225205264,1.2401035595664833,-2.0900206392202887,2.349345610832699,1.5640305880025787,1.403696996376896
5.418,-1.7353738225205264,1.2401035595664833,-2.0900206392202887,2.349345610832699,1.5640305880025787,1.403696996376896
5.42,-1.7353738225205264,1.2401035595664833,-2.0900206392202887,2.349345610832699,1.5640305880025787,1.403696996376896
5.422,-1.7353738225205264,1.2401035595664833,-2.0900206392202887,2.349345610832699,1.5640305880025787,1.403696996376896
5.424,-1.7353738225205264,1.2401035595664833,-2.0900206392202887,2.349345610832699,1.5640305880025787,1.403696996376896
5.426,-1.7353738225205264,1.2401035595664833,-2.0900206392202887,2.349345610832699,1.5640305880025787,1.403696996376896
5.428,-1.7353738225205264,1.2401035595664833,-2.0900206392202887,2.349345610832699,1.5640305880025787,1.403696996376896
5.43,-1.7353738225205264,1.2401035595664833,-2.0900206392202887,2.349345610832699,1.5640305880025787,1.403696996376896
5.432,-1.7353738225205264,1.2401035595664833,-2.0900206392202887,2.349345610832699,1.5640305880025787,1.403696996376896
5.434,-1.7353738225205264,1.2401035595664833,-2.0900206392202887,2.349345610832699,1.5640305880025787,1.403696996376896
5.436,-1.7353738225205264,1.2401035595664833,-2.0900206392202887,2.349345610832699,1.5640305880025787,1.403696996376896
5.438,-1.7353738225205264,1.2401035595664833,-2.0900206392202887,2.349345610832699,1.5640305880025787,1.403696996376896
5.44,-1.7353738225205264,1.2401035595664833,-2.0900206392202887,2.349345610832699,1.5640305880025787,1.403696996376896
5.442,-1.7353738225205264,1.2401035595664833,-2.0900206392202887,2.349345610832699,1.5640305880025787,1.403696996376896
5.444,-1.7353738225205264,1.2401035595664833,-2.0900206392202887,2.349345610832699,1.5640305880025787,1.403696996376896
5.446,-1.7353738225205264,1.2401035595664833,-2.0900206392202887,2.349345610832699,1.5640305880025787,1.403696996376896
5.448,-1.7353738225205264,1.2401035595664833,-2.0900206392202887,2.349345610832699,1.5640305880025787,1.403696996376896
5.45,-1.7353738225205264,1.2401035595664833,-2.0900206392202887,2.349345610832699,1.5640305880025787,1.403696996376896
5.452,-1.7353738225205264,1.2401035595664833,-2.0900206392202887,2.349345610832699,1.5640305880025787,1.403696996376896
5.454,-1.7353738225205264,1.2401035595664833,-2.0900206392202887,2.349345610832699,1.5640305880025787,1.403696996376896
5.456,-1.7353738225205264,1.2401035595664833,-2.0900206392202887,2.349345610832699,1.5640305880025787,1.403696996376896
5.458,-1.7353738225205264,1.2401035595664833,-2.0900206392202887,2.349345610832699,1.5640305880025787,1.403696996376896
5.46,-1.7353738225205264,1.2401035595664833,-2.0900206392202887,2.349345610832699,1.5640305880025787,1.403696996376896
5.462,-1.7353738225205264,1.2401035595664833,-2.0900206392202887,2.349345610832699,1.5640305880025787,1.403696996376896
5.464,-1.7353738225205264,1.2401035595664833,-2.0900206392202887,2.349345610832699,1.5640305880025787,1.403696996376896
5.466,-1.7353738225205264,1.2401035595664833,-2.0900206392202887,2.349345610832699,1.5640305880025787,1.403696996376896
5.468,-1.7353738225205264,1.2401035595664833,-2.0900206392202887,2.349345610832699,1.5640305880025787,1.403696996376896
5.47,-1.7353738225205264,1.2401035595664833,-2.0900206392202887,2.349345610832699,1.5640305880025787,1.403696996376896
5.472,-1.7353738225205264,1.2401035595664833,-2.0900206392202887,2.349345610832699,1.5640305880025787,1.403696996376896
5.474,-1.7353738225205264,1.2401035595664833,-2.0900206392202887,2.349345610832699,1.5640305880025787,1.403696996376896
5.476,-1.7353738225205264,1.2401035595664833,-2.0900206392202887,2.349345610832699,1.5640305880025787,1.403696996376896
5.478,-1.7353738225205264,1.2401035595664833,-2.0900206392202887,2.349345610832699,1.5640305880025787,1.403696996376896
5.48,-1.7353738225205264,1.2401035595664833,-2.0900206392202887,2.349345610832699,1.5640305880025787,1.403696996376896
5.482,-1.7353738225205264,1.2401035595664833,-2.0900206392202887,2.349345610832699,1.5640305880025787,1.403696996376896
5.484,-1.7353738225205264,1.2401035595664833,-2.0900206392202887,2.349345610832699,1.5640305880025787,1.403696996376896
5.486,-1.7353738225205264,1.2401035595664833,-2.0900206392202887,2.349345610832699,1.5640305880025787,1.403696996376896
5.488,-1.7353738225205264,1.2401035595664833,-2.0900206392202887,2.349345610832699,1.5640305880025787,1.403696996376896
5.49,-1.7353738225205264,1.2401035595664833,-2.0900206392202887,2.349345610832699,1.5640305880025787,1.403696996376896
5.492,-1.7353738225205264,1.2401035595664833,-2.0900206392202887,2.349345610832699,1.5640305880025787,1.403696996376896
5.494,-1.7353738225205264,1.2401035595664833,-2.0900206392202887,2.349345610832699,1.5640305880025787,1.403696996376896
5.496,-1.7353738225205264,1.2401035595664833,-2.0900206392202887,2.349345610832699,1.5640305880025787,1.403696996376896
5.498,-1.7353738225205264,1.2401035595664833,-2.0900206392202887,2.349345610832699,1.5640305880025787,1.403696996376896
5.5,-1.7298259577132795,1.2395409493775538,-2.090045190653904,2.3516536485266513,1.5528173337662403,1.4092360262945518
5.502,-1.7298259577132795,1.2395409493775538,-2.090045190653904,2.3516536485266513,1.5528173337662403,1.4092360262945518
5.5040000000000004,-1.7298259577132795,1.2395409493775538,-2.090045190653904,2.3516536485266513,1.5528173337662403,1.4092360262945518
5.506,-1.7298259577132795,1.2395409493775538,-2.090045190653904,2.3516536485266513,1.5528173337662403,1.4092360262945518
5.508,-1.7298259577132795,1.2395409493775538,-2.090045190653904,2.3516536485266513,1.5528173337662403,1.4092360262945518
5.51,-1.7298259577132795,1.2395409493775538,-2.090045190653904,2.3516536485266513,1.5528173337662403,1.4092360262945518
5.5120000000000005,-1.7298259577132795,1.2395409493775538,-2.090045190653904,2.3516536485266513,1.5528173337662403,1.4092360262945518
5.514,-1.7298259577132795,1.2395409493775538,-2.090045190653904,2.3516536485266513,1.5528173337662403,1.4092360262945518
5.516,-1.7298259577132795,1.2395409493775538,-2.090045190653904,2.3516536485266513,1.5528173337662403,1.4092360262945518
5.518,-1.7298259577132795,1.2395409493775538,-2.090045190653904,2.3516536485266513,1.5528173337662403,1.4092360262945518
5.5200000000000005,-1.7298259577132795,1.2395409493775538,-2.090045190653904,2.3516536485266513,1.5528173337662403,1.4092360262945518
5.522,-1.7298259577132795,1.2395409493775538,-2.090045190653904,2.3516536485266513,1.5528173337662403,1.4092360262945518
5.524,-1.7298259577132795,1.2395409493775538,-2.090045190653904,2.3516536485266513,1.5528173337662403,1.4092360262945518
5.526,-1.7298259577132795,1.2395409493775538,-2.090045190653904,2.3516536485266513,1.5528173337662403,1.4092360262945518
5.5280000000000005,-1.7298259577132795,1.2395409493775538,-2.090045190653904,2.3516536485266513,1.5528173337662403,1.4092360262945518
5.53,-1.7298259577132795,1.2395409493775538,-2.090045190653904,2.3516536485266513,1.5528173337662403,1.4092360262945518
5.532,-1.7298259577132795,1.2395409493775538,-2.090045190653904,2.3516536485266513,1.5528173337662403,1.4092360262945518
5.534,-1.7298259577132795,1.2395409493775538,-2.090045190653904,2.3516536485266513,1.5528173337662403,1.4092360262945518
5.5360000000000005,-1.7298259577132795,1.2395409493775538,-2.090045190653904,2.3516536485266513,1.5528173337662403,1.4092360262945518
5.538,-1.7298259577132795,1.2395409493775538,-2.090045190653904,2.3516536485266513,1.5528173337662403,1.4092360262945518
5.54,-1.7298259577132795,1.2395409493775538,-2.090045190653904,2.3516536485266513,1.5528173337662403,1.4092360262945518
5.542,-1.7298259577132795,1.2395409493775538,-2.090045190653904,2.3516536485266513,1.5528173337662403,1.4092360262945518
5.5440000000000005,-1.7298259577132795,1.2395409493775538,-2.090045190653904,2.3516536485266513,1.5528173337662403,1.4092360262945518
5.546,-1.7298259577132795,1.2395409493775538,-2.090045190653904,2.3516536485266513,1.5528173337662403,1.4092360262945518
5.548,-1.7298259577132795,1.2395409493775538,-2.090045190653904,2.3516536485266513,1.5528173337662403,1.4092360262945518
5.55,-1.7298259577132795,1.2395409493775538,-2.090045190653904,2.3516536485266513,1.5528173337662403,1.4092360262945518
5.5520000000000005,-1.7298259577132795,1.2395409493775538,-2.090045190653904,2.3516536485266513,1.5528173337662403,1.4092360262945518
5.554,-1.7298259577132795,1.2395409493775538,-2.090045190653904,2.3516536485266513,1.5528173337662403,1.4092360262945518
5.556,-1.7298259577132795,1.2395409493775538,-2.090045190653904,2.3516536485266513,1.5528173337662403,1.4092360262945518
5.558,-1.7298259577132795,1.2395409493775538,-2.090045190653904,2.3516536485266513,1.5528173337662403,1.4092360262945518
5.5600000000000005,-1.7298259577132795,1.2395409493775538,-2.090045190653904,2.3516536485266513,1.5528173337662403,1.4092360262945518
5.562,-1.7298259577132795,1.2395409493775538,-2.090045190653904,2.3516536485266513,1.5528173337662403,1.4092360262945518
5.564,-1.7298259577132795,1.2395409493775538,-2.090045190653904,2.3516536485266513,1.5528173337662403,1.4092360262945518
5.566,-1.7298259577132795,1.2395409493775538,-2.090045190653904,2.3516536485266513,1.5528173337662403,1.4092360262945518
5.5680000000000005,-1.7298259577132795,1.2395409493775538,-2.090045190653904,2.3516536485266513,1.5528173337662403,1.4092360262945518
5.57,-1.7298259577132795,1.2395409493775538,-2.090045190653904,2.3516536485266513,1.5528173337662403,1.4092360262945518
5.572,-1.7298259577132795,1.2395409493775538,-2.090045190653904,2.3516536485266513,1.5528173337662403,1.4092360262945518
5.574,-1.7298259577132795,1.2395409493775538,-2.090045190653904,2.3516536485266513,1.5528173337662403,1.4092360262945518
5.5760000000000005,-1.7298259577132795,1.2395409493775538,-2.090045190653904,2.3516536485266513,1.5528173337662403,1.4092360262945518
5.578,-1.7298259577132795,1.2395409493775538,-2.090045190653904,2.3516536485266513,1.5528173337662403,1.4092360262945518
5.58,-1.7298259577132795,1.2395409493775538,-2.090045190653904,2.3516536485266513,1.5528173337662403,1.4092360262945518
5.582,-1.7298259577132795,1.2395409493775538,-2.090045190653904,2.3516536485266513,1.5528173337662403,1.4092360262945518
5.5840000000000005,-1.7298259577132795,1.2395409493775538,-2.090045190653904,2.3516536485266513,1.5528173337662403,1.4092360262945518
5.586,-1.7298259577132795,1.2395409493775538,-2.090045190653904,2.3516536485266513,1.5528173337662403,1.4092360262945518
5.588,-1.7298259577132795,1.2395409493775538,-2.090045190653904,2.3516536485266513,1.5528173337662403,1.4092360262945518
5.59,-1.7298259577132795,1.2395409493775538,-2.090045190653904,2.3516536485266513,1.5528173337662403,1.4092360262945518
5.5920000000000005,-1.7298259577132795,1.2395409493775538,-2.090045190653904,2.3516536485266513,1.5528173337662403,1.4092360262945518
5.594,-1.7298259577132795,1.2395409493775538,-2.090045190653904,2.3516536485266513,1.5528173337662403,1.4092360262945518
5.596,-1.7298259577132795,1.2395409493775538,-2.090045190653904,2.3516536485266513,1.5528173337662403,1.4092360262945518
5.598,-1.7298259577132795,1.2395409493775538,-2.090045190653904,2.3516536485266513,1.5528173337662403,1.4092360262945518
5.6000000000000005,-1.7298259577132795,1.2395409493775538,-2.090045190653904,2.3516536485266513,1.5528173337662403,1.4092360262945518
5.602,-1.7298259577132795,1.2395409493775538,-2.090045190653904,2.3516536485266513,1.5528173337662403,1.4092360262945518
5.604,-1.7298259577132795,1.2395409493775538,-2.090045190653904,2.3516536485266513,1.5528173337662403,1.4092360262945518
5.606,-1.7298259577132795,1.2395409493775538,-2.090045190653904,2.3516536485266513,1.5528173337662403,1.4092360262945518
5.6080000000000005,-1.7298259577132795,1.2395409493775538,-2.090045190653904,2.3516536485266513,1.5528173337662403,1.4092360262945518
5.61,-1.7241808268185193,1.2388939715848972,-2.0900282828532335,2.35391934058168,1.5413883390522565,1.4148548197514528
5.612,-1.7241808268185193,1.2388939715848972,-2.0900282828532335,2.35391934058168,1.5413883390522565,1.4148548197514528
5.614,-1.7241808268185193,1.2388939715848972,-2.0900282828532335,2.35391934058168,1.5413883390522565,1.4148548197514528
5.6160000000000005,-1.7241808268185193,1.2388939715848972,-2.0900282828532335,2.35391934058168,1.5413883390522565,1.4148548197514528
5.618,-1.7241808268185193,1.2388939715848972,-2.0900282828532335,2.35391934058168,1.5413883390522565,1.4148548197514528
5.62,-1.7241808268185193,1.2388939715848972,-2.0900282828532335,2.35391934058168,1.5413883390522565,1.4148548197514528
5.622,-1.7241808268185193,1.2388939715848972,-2.0900282828532335,2.35391934058168,1.5413883390522565,1.4148548197514528
5.6240000000000006,-1.7241808268185193,1.2388939715848972,-2.0900282828532335,2.35391934058168,1.5413883390522565,1.4148548197514528
5.626,-1.7241808268185193,1.2388939715848972,-2.0900282828532335,2.35391934058168,1.5413883390522565,1.4148548197514528
5.628,-1.7241808268185193,1.2388939715848972,-2.0900282828532335,2.35391934058168,1.5413883390522565,1.4148548197514528
5.63,-1.7241808268185193,1.2388939715848972,-2.0900282828532335,2.35391934058168,1.5413883390522565,1.4148548197514528
5.632,-1.7241808268185193,1.2388939715848972,-2.0900282828532335,2.35391934058168,1.5413883390522565,1.4148548197514528
5.634,-1.7241808268185193,1.2388939715848972,-2.0900282828532335,2.35391934058168,1.5413883390522565,1.4148548197514528
5.636,-1.7241808268185193,1.2388939715848972,-2.0900282828532335,2.35391934058168,1.5413883390522565,1.4148548197514528
5.638,-1.7241808268185193,1.2388939715848972,-2.0900282828532335,2.35391934058168,1.5413883390522565,1.4148548197514528
5.64,-1.7241808268185193,1.2388939715848972,-2.0900282828532335,2.35391934058168,1.5413883390522565,1.4148548197514528
5.642,-1.7241808268185193,1.2388939715848972,-2.0900282828532335,2.35391934058168,1.5413883390522565,1.4148548197514528
5.644,-1.7241808268185193,1.2388939715848972,-2.0900282828532335,2.35391934058168,1.5413883390522565,1.4148548197514528
5.646,-1.7241808268185193,1.2388939715848972,-2.0900282828532335,2.35391934058168,1.5413883390522565,1.4148548197514528
5.648,-1.7241808268185193,1.2388939715848972,-2.0900282828532335,2.35391934058168,1.5413883390522565,1.4148548197514528
5.65,-1.7241808268185193,1.2388939715848972,-2.0900282828532335,2.35391934058168,1.5413883390522565,1.4148548197514528
5.652,-1.7241808268185193,1.2388939715848972,-2.0900282828532335,2.35391934058168,1.5413883390522565,1.4148548197514528
5.654,-1.7241808268185193,1.2388939715848972,-2.0900282828532335,2.35391934058168,1.5413883390522565,1.4148548197514528
5.656,-1.7241808268185193,1.2388939715848972,-2.0900282828532335,2.35391934058168,1.5413883390522565,1.4148548197514528
5.658,-1.7241808268185193,1.2388939715848972,-2.0900282828532335,2.35391934058168,1.5413883390522565,1.4148548197514528
5.66,-1.7241808268185193,1.2388939715848972,-2.0900282828532335,2.35391934058168,1.5413883390522565,1.4148548197514528
5.662,-1.7241808268185193,1.2388939715848972,-2.0900282828532335,2.35391934058168,1.5413883390522565,1.4148548197514528
5.664,-1.7241808268185193,1.2388939715848972,-2.0900282828532335,2.35391934058168,1.5413883390522565,1.4148548197514528
5.666,-1.7241808268185193,1.2388939715848972,-2.0900282828532335,2.35391934058168,1.5413883390522565,1.4148548197514528
5.668,-1.7241808268185193,1.2388939715848972,-2.0900282828532335,2.35391934058168,1.5413883390522565,1.4148548197514528
5.67,-1.7241808268185193,1.2388939715848972,-2.0900282828532335,2.35391934058168,1.5413883390522565,1.4148548197514528
5.672,-1.7241808268185193,1.2388939715848972,-2.0900282828532335,2.35391934058168,1.5413883390522565,1.4148548197514528
5.674,-1.7241808268185193,1.2388939715848972,-2.0900282828532335,2.35391934058168,1.5413883390522565,1.4148548197514528
5.676,-1.7241808268185193,1.2388939715848972,-2.0900282828532335,2.35391934058168,1.5413883390522565,1.4148548197514528
5.678,-1.7241808268185193,1.2388939715848972,-2.0900282828532335,2.35391934058168,1.5413883390522565,1.4148548197514528
5.68,-1.7241808268185193,1.2388939715848972,-2.0900282828532335,2.35391934058168,1.5413883390522565,1.4148548197514528
5.682,-1.7241808268185193,1.2388939715848972,-2.0900282828532335,2.35391934058168,1.5413883390522565,1.4148548197514528
5.684,-1.7241808268185193,1.2388939715848972,-2.0900282828532335,2.35391934058168,1.5413883390522565,1.4148548197514528
5.686,-1.7241808268185193,1.2388939715848972,-2.0900282828532335,2.35391934058168,1.5413883390522565,1.4148548197514528
5.688,-1.7241808268185193,1.2388939715848972,-2.0900282828532335,2.35391934058168,1.5413883390522565,1.4148548197514528
5.69,-1.7241808268185193,1.2388939715848972,-2.0900282828532335,2.35391934058168,1.5413883390522565,1.4148548197514528
5.692,-1.7241808268185193,1.2388939715848972,-2.0900282828532335,2.35391934058168,1.5413883390522565,1.4148548197514528
5.694,-1.7241808268185193,1.2388939715848972,-2.0900282828532335,2.35391934058168,1.5413883390522565,1.4148548197514528
5.696,-1.7241808268185193,1.2388939715848972,-2.0900282828532335,2.35391934058168,1.5413883390522565,1.4148548197514528
5.698,-1.7241808268185193,1.2388939715848972,-2.0900282828532335,2.35391934058168,1.5413883390522565,1.4148548197514528
5.7,-1.7241808268185193,1.2388939715848972,-2.0900282828532335,2.35391934058168,1.5413883390522565,1.4148548197514528
5.702,-1.7241808268185193,1.2388939715848972,-2.0900282828532335,2.35391934058168,1.5413883390522565,1.4148548197514528
5.704,-1.7241808268185193,1.2388939715848972,-2.0900282828532335,2.35391934058168,1.5413883390522565,1.4148548197514528
5.706,-1.7241808268185193,1.2388939715848972,-2.0900282828532335,2.35391934058168,1.5413883390522565,1.4148548197514528
5.708,-1.7241808268185193,1.2388939715848972,-2.0900282828532335,2.35391934058168,1.5413883390522565,1.4148548197514528
5.71,-1.7241808268185193,1.2388939715848972,-2.0900282828532335,2.35391934058168,1.5413883390522565,1.4148548197514528
5.712,-1.7241808268185193,1.2388939715848972,-2.0900282828532335,2.35391934058168,1.5413883390522565,1.4148548197514528
5.714,-1.7241808268185193,1.2388939715848972,-2.0900282828532335,2.35391934058168,1.5413883390522565,1.4148548197514528
5.716,-1.7241808268185193,1.2388939715848972,-2.0900282828532335,2.35391934058168,1.5413883390522565,1.4148548197514528
5.718,-1.7241808268185193,1.2388939715848972,-2.0900282828532335,2.35391934058168,1.5413883390522565,1.4148548197514528
5.72,-1.7241808268185193,1.2388939715848972,-2.0900282828532335,2.35391934058168,1.5413883390522565,1.4148548197514528
5.722,-1.7184340450757887,1.238170104317412,-2.089993714331571,2.356157446662597,1.5297267522660585,1.4205588892002505
5.724,-1.7184340450757887,1.238170104317412,-2.089993714331571,2.356157446662597,1.5297267522660585,1.4205588892002505
5.726,-1.7184340450757887,1.238170104317412,-2.089993714331571,2.356157446662597,1.5297267522660585,1.4205588892002505
5.728,-1.7184340450757887,1.238170104317412,-2.089993714331571,2.356157446662597,1.5297267522660585,1.4205588892002505
5.73,-1.7184340450757887,1.238170104317412,-2.089993714331571,2.356157446662597,1.5297267522660585,1.4205588892002505
5.732,-1.7184340450757887,1.238170104317412,-2.089993714331571,2.356157446662597,1.5297267522660585,1.4205588892002505
5.734,-1.7184340450757887,1.238170104317412,-2.089993714331571,2.356157446662597,1.5297267522660585,1.4205588892002505
5.736,-1.7184340450757887,1.238170104317412,-2.089993714331571,2.356157446662597,1.5297267522660585,1.4205588892002505
5.738,-1.7184340450757887,1.238170104317412,-2.089993714331571,2.356157446662597,1.5297267522660585,1.4205588892002505
5.74,-1.7184340450757887,1.238170104317412,-2.089993714331571,2.356157446662597,1.5297267522660585,1.4205588892002505
5.742,-1.7184340450757887,1.238170104317412,-2.089993714331571,2.356157446662597,1.5297267522660585,1.4205588892002505
5.744,-1.7184340450757887,1.238170104317412,-2.089993714331571,2.356157446662597,1.5297267522660585,1.4205588892002505
5.746,-1.7184340450757887,1.238170104317412,-2.089993714331571,2.356157446662597,1.5297267522660585,1.4205588892002505
5.748,-1.7184340450757887,1.238170104317412,-2.089993714331571,2.356157446662597,1.5297267522660585,1.4205588892002505
5.75,-1.7184340450757887,1.238170104317412,-2.089993714331571,2.356157446662597,1.5297267522660585,1.4205588892002505
5.752,-1.7184340450757887,1.238170104317412,-2.089993714331571,2.356157446662597,1.5297267522660585,1.4205588892002505
5.7540000000000004,-1.7184340450757887,1.238170104317412,-2.089993714331571,2.356157446662597,1.5297267522660585,1.4205588892002505
5.756,-1.7184340450757887,1.238170104317412,-2.089993714331571,2.356157446662597,1.5297267522660585,1.4205588892002505
5.758,-1.7184340450757887,1.238170104317412,-2.089993714331571,2.356157446662597,1.5297267522660585,1.4205588892002505
5.76,-1.7184340450757887,1.238170104317412,-2.089993714331571,2.356157446662597,1.5297267522660585,1.4205588892002505
5.7620000000000005,-1.7184340450757887,1.238170104317412,-2.089993714331571,2.356157446662597,1.5297267522660585,1.4205588892002505
5.764,-1.7184340450757887,1.238170104317412,-2.089993714331571,2.356157446662597,1.5297267522660585,1.4205588892002505
5.766,-1.7184340450757887,1.238170104317412,-2.089993714331571,2.356157446662597,1.5297267522660585,1.4205588892002505
5.768,-1.7184340450757887,1.238170104317412,-2.089993714331571,2.356157446662597,1.5297267522660585,1.4205588892002505
5.7700000000000005,-1.7184340450757887,1.238170104317412,-2.089993714331571,2.356157446662597,1.5297267522660585,1.4205588892002505
5.772,-1.7184340450757887,1.238170104317412,-2.089993714331571,2.356157446662597,1.5297267522660585,1.4205588892002505
5.774,-1.7184340450757887,1.238170104317412,-2.089993714331571,2.356157446662597,1.5297267522660585,1.4205588892002505
5.776,-1.7184340450757887,1.238170104317412,-2.089993714331571,2.356157446662597,1.5297267522660585,1.4205588892002505
5.7780000000000005,-1.7184340450757887,1.238170104317412,-2.089993714331571,2.356157446662597,1.5297267522660585,1.4205588892002505
5.78,-1.7184340450757887,1.238170104317412,-2.089993714331571,2.356157446662597,1.5297267522660585,1.4205588892002505
5.782,-1.7184340450757887,1.238170104317412,-2.089993714331571,2.356157446662597,1.5297267522660585,1.4205588892002505
5.784,-1.7184340450757887,1.238170104317412,-2.089993714331571,2.356157446662597,1.5297267522660585,1.4205588892002505
5.7860000000000005,-1.7184340450757887,1.238170104317412,-2.089993714331571,2.356157446662597,1.5297267522660585,1.4205588892002505
5.788,-1.7184340450757887,1.238170104317412,-2.089993714331571,2.356157446662597,1.5297267522660585,1.4205588892002505
5.79,-1.7184340450757887,1.238170104317412,-2.089993714331571,2.356157446662597,1.5297267522660585,1.4205588892002505
5.792,-1.7184340450757887,1.238170104317412,-2.089993714331571,2.356157446662597,1.5297267522660585,1.4205588892002505
5.7940000000000005,-1.7184340450757887,1.238170104317412,-2.089993714331571,2.356157446662597,1.5297267522660585,1.4205588892002505
5.796,-1.7184340450757887,1.238170104317412,-2.089993714331571,2.356157446662597,1.5297267522660585,1.4205588892002505
5.798,-1.7184340450757887,1.238170104317412,-2.089993714331571,2.356157446662597,1.5297267522660585,1.4205588892002505
5.8,-1.7184340450757887,1.238170104317412,-2.089993714331571,2.356157446662597,1.5297267522660585,1.4205588892002505
5.8020000000000005,-1.7184340450757887,1.238170104317412,-2.089993714331571,2.356157446662597,1.5297267522660585,1.4205588892002505
5.804,-1.7184340450757887,1.238170104317412,-2.089993714331571,2.356157446662597,1.5297267522660585,1.4205588892002505
5.806,-1.7184340450757887,1.238170104317412,-2.089993714331571,2.356157446662597,1.5297267522660585,1.4205588892002505
5.808,-1.7184340450757887,1.238170104317412,-2.089993714331571,2.356157446662597,1.5297267522660585,1.4205588892002505
5.8100000000000005,-1.7184340450757887,1.238170104317412,-2.089993714331571,2.356157446662597,1.5297267522660585,1.4205588892002505
5.812,-1.7184340450757887,1.238170104317412,-2.089993714331571,2.356157446662597,1.5297267522660585,1.4205588892002505
5.814,-1.7184340450757887,1.238170104317412,-2.089993714331571,2.356157446662597,1.5297267522660585,1.4205588892002505
5.816,-1.7184340450757887,1.238170104317412,-2.089993714331571,2.356157446662597,1.5297267522660585,1.4205588892002505
5.8180000000000005,-1.7184340450757887,1.238170104317412,-2.089993714331571,2.356157446662597,1.5297267522660585,1.4205588892002505
5.82,-1.7184340450757887,1.238170104317412,-2.089993714331571,2.356157446662597,1.5297267522660585,1.4205588892002505
5.822,-1.7184340450757887,1.238170104317412,-2.089993714331571,2.356157446662597,1.5297267522660585,1.4205588892002505
5.824,-1.7184340450757887,1.238170104317412,-2.089993714331571,2.356157446662597,1.5297267522660585,1.4205588892002505
5.8260000000000005,-1.7184340450757887,1.238170104317412,-2.089993714331571,2.356157446662597,1.5297267522660585,1.4205588892002505
5.828,-1.7184340450757887,1.238170104317412,-2.089993714331571,2.356157446662597,1.5297267522660585,1.4205588892002505
5.83,-1.7184340450757887,1.238170104317412,-2.089993714331571,2.356157446662597,1.5297267522660585,1.4205588892002505
5.832,-1.7184340450757887,1.238170104317412,-2.089993714331571,2.356157446662597,1.5297267522660585,1.4205588892002505
5.8340000000000005,-1.7184340450757887,1.238170104317412,-2.089993714331571,2.356157446662597,1.5297267522660585,1.4205588892002505
5.836,-1.7184340450757887,1.238170104317412,-2.089993714331571,2.356157446662597,1.5297267522660585,1.4205588892002505
5.838,-1.712391076835504,1.237322172727376,-2.0899168047788024,2.3583630822809263,1.517464153267511,1.4265469821480043
5.84,-1.712391076835504,1.237322172727376,-2.0899168047788024,2.3583630822809263,1.517464153267511,1.4265469821480043
5.8420000000000005,-1.712391076835504,1.237322172727376,-2.0899168047788024,2.3583630822809263,1.517464153267511,1.4265469821480043
5.844,-1.712391076835504,1.237322172727376,-2.0899168047788024,2.3583630822809263,1.517464153267511,1.4265469821480043
5.846,-1.712391076835504,1.237322172727376,-2.0899168047788024,2.3583630822809263,1.517464153267511,1.4265469821480043
5.848,-1.712391076835504,1.237322172727376,-2.0899168047788024,2.3583630822809263,1.517464153267511,1.4265469821480043
5.8500000000000005,-1.712391076835504,1.237322172727376,-2.0899168047788024,2.3583630822809263,1.517464153267511,1.4265469821480043
5.852,-1.712391076835504,1.237322172727376,-2.0899168047788024,2.3583630822809263,1.517464153267511,1.4265469821480043
5.854,-1.712391076835504,1.237322172727376,-2.0899168047788024,2.3583630822809263,1.517464153267511,1.4265469821480043
5.856,-1.712391076835504,1.237322172727376,-2.0899168047788024,2.3583630822809263,1.517464153267511,1.4265469821480043
5.8580000000000005,-1.712391076835504,1.237322172727376,-2.0899168047788024,2.3583630822809263,1.517464153267511,1.4265469821480043
5.86,-1.712391076835504,1.237322172727376,-2.0899168047788024,2.3583630822809263,1.517464153267511,1.4265469821480043
5.862,-1.712391076835504,1.237322172727376,-2.0899168047788024,2.3583630822809263,1.517464153267511,1.4265469821480043
5.864,-1.712391076835504,1.237322172727376,-2.0899168047788024,2.3583630822809263,1.517464153267511,1.4265469821480043
5.8660000000000005,-1.712391076835504,1.237322172727376,-2.0899168047788024,2.3583630822809263,1.517464153267511,1.4265469821480043
5.868,-1.712391076835504,1.237322172727376,-2.0899168047788024,2.3583630822809263,1.517464153267511,1.4265469821480043
5.87,-1.712391076835504,1.237322172727376,-2.0899168047788024,2.3583630822809263,1.517464153267511,1.4265469821480043
5.872,-1.712391076835504,1.237322172727376,-2.0899168047788024,2.3583630822809263,1.517464153267511,1.4265469821480043
5.8740000000000006,-1.712391076835504,1.237322172727376,-2.0899168047788024,2.3583630822809263,1.517464153267511,1.4265469821480043
5.876,-1.712391076835504,1.237322172727376,-2.0899168047788024,2.3583630822809263,1.517464153267511,1.4265469821480043
5.878,-1.712391076835504,1.237322172727376,-2.0899168047788024,2.3583630822809263,1.517464153267511,1.4265469821480043
5.88,-1.712391076835504,1.237322172727376,-2.0899168047788024,2.3583630822809263,1.517464153267511,1.4265469821480043
5.882000000000001,-1.712391076835504,1.237322172727376,-2.0899168047788024,2.3583630822809263,1.517464153267511,1.4265469821480043
5.884,-1.712391076835504,1.237322172727376,-2.0899168047788024,2.3583630822809263,1.517464153267511,1.4265469821480043
5.886,-1.712391076835504,1.237322172727376,-2.0899168047788024,2.3583630822809263,1.517464153267511,1.4265469821480043
5.888,-1.712391076835504,1.237322172727376,-2.0899168047788024,2.3583630822809263,1.517464153267511,1.4265469821480043
5.89,-1.712391076835504,1.237322172727376,-2.0899168047788024,2.3583630822809263,1.517464153267511,1.4265469821480043
5.892,-1.712391076835504,1.237322172727376,-2.0899168047788024,2.3583630822809263,1.517464153267511,1.4265469821480043
5.894,-1.712391076835504,1.237322172727376,-2.0899168047788024,2.3583630822809263,1.517464153267511,1.4265469821480043
5.896,-1.712391076835504,1.237322172727376,-2.0899168047788024,2.3583630822809263,1.517464153267511,1.4265469821480043
5.898,-1.712391076835504,1.237322172727376,-2.0899168047788024,2.3583630822809263,1.517464153267511,1.4265469821480043
5.9,-1.712391076835504,1.237322172727376,-2.0899168047788024,2.3583630822809263,1.517464153267511,1.4265469821480043
5.902,-1.712391076835504,1.237322172727376,-2.0899168047788024,2.3583630822809263,1.517464153267511,1.4265469821480043
5.904,-1.712391076835504,1.237322172727376,-2.0899168047788024,2.3583630822809263,1.517464153267511,1.4265469821480043
5.906,-1.712391076835504,1.237322172727376,-2.0899168047788024,2.3583630822809263,1.517464153267511,1.4265469821480043
5.908,-1.712391076835504,1.237322172727376,-2.0899168047788024,2.3583630822809263,1.517464153267511,1.4265469821480043
5.91,-1.712391076835504,1.237322172727376,-2.0899168047788024,2.3583630822809263,1.517464153267511,1.4265469821480043
5.912,-1.712391076835504,1.237322172727376,-2.0899168047788024,2.3583630822809263,1.517464153267511,1.4265469821480043
5.914,-1.712391076835504,1.237322172727376,-2.0899168047788024,2.3583630822809263,1.517464153267511,1.4265469821480043
5.916,-1.712391076835504,1.237322172727376,-2.0899168047788024,2.3583630822809263,1.517464153267511,1.4265469821480043
5.918,-1.712391076835504,1.237322172727376,-2.0899168047788024,2.3583630822809263,1.517464153267511,1.4265469821480043
5.92,-1.712391076835504,1.237322172727376,-2.0899168047788024,2.3583630822809263,1.517464153267511,1.4265469821480043
5.922,-1.712391076835504,1.237322172727376,-2.0899168047788024,2.3583630822809263,1.517464153267511,1.4265469821480043
5.924,-1.712391076835504,1.237322172727376,-2.0899168047788024,2.3583630822809263,1.517464153267511,1.4265469821480043
5.926,-1.712391076835504,1.237322172727376,-2.0899168047788024,2.3583630822809263,1.517464153267511,1.4265469821480043
5.928,-1.712391076835504,1.237322172727376,-2.0899168047788024,2.3583630822809263,1.517464153267511,1.4265469821480043
5.93,-1.712391076835504,1.237322172727376,-2.0899168047788024,2.3583630822809263,1.517464153267511,1.4265469821480043
5.932,-1.712391076835504,1.237322172727376,-2.0899168047788024,2.3583630822809263,1.517464153267511,1.4265469821480043
5.934,-1.712391076835504,1.237322172727376,-2.0899168047788024,2.3583630822809263,1.517464153267511,1.4265469821480043
5.936,-1.712391076835504,1.237322172727376,-2.0899168047788024,2.3583630822809263,1.517464153267511,1.4265469821480043
5.938,-1.712391076835504,1.237322172727376,-2.0899168047788024,2.3583630822809263,1.517464153267511,1.4265469821480043
5.94,-1.712391076835504,1.237322172727376,-2.0899168047788024,2.3583630822809263,1.517464153267511,1.4265469821480043
5.942,-1.712391076835504,1.237322172727376,-2.0899168047788024,2.3583630822809263,1.517464153267511,1.4265469821480043
5.944,-1.712391076835504,1.237322172727376,-2.0899168047788024,2.3583630822809263,1.517464153267511,1.4265469821480043
5.946,-1.712391076835504,1.237322172727376,-2.0899168047788024,2.3583630822809263,1.517464153267511,1.4265469821480043
5.948,-1.712391076835504,1.237322172727376,-2.0899168047788024,2.3583630822809263,1.517464153267511,1.4265469821480043
5.95,-1.712391076835504,1.237322172727376,-2.0899168047788024,2.3583630822809263,1.517464153267511,1.4265469821480043
5.952,-1.712391076835504,1.237322172727376,-2.0899168047788024,2.3583630822809263,1.517464153267511,1.4265469821480043
5.954,-1.712391076835504,1.237322172727376,-2.0899168047788024,2.3583630822809263,1.517464153267511,1.4265469821480043
5.956,-1.712391076835504,1.237322172727376,-2.0899168047788024,2.3583630822809263,1.517464153267511,1.4265469821480043
5.958,-1.7062234762093005,1.236372407880206,-2.089809857147748,2.3605392913322656,1.5049128351264542,1.432645341649334
5.96,-1.7062234762093005,1.236372407880206,-2.089809857147748,2.3605392913322656,1.5049128351264542,1.432645341649334
5.962,-1.7062234762093005,1.236372407880206,-2.089809857147748,2.3605392913322656,1.5049128351264542,1.432645341649334
5.964,-1.7062234762093005,1.236372407880206,-2.089809857147748,2.3605392913322656,1.5049128351264542,1.432645341649334
5.966,-1.7062234762093005,1.236372407880206,-2.089809857147748,2.3605392913322656,1.5049128351264542,1.432645341649334
5.968,-1.7062234762093005,1.236372407880206,-2.089809857147748,2.3605392913322656,1.5049128351264542,1.432645341649334
5.97,-1.7062234762093005,1.236372407880206,-2.089809857147748,2.3605392913322656,1.5049128351264542,1.432645341649334
5.972,-1.7062234762093005,1.236372407880206,-2.089809857147748,2.3605392913322656,1.5049128351264542,1.432645341649334
5.974,-1.7062234762093005,1.236372407880206,-2.089809857147748,2.3605392913322656,1.5049128351264542,1.432645341649334
5.976,-1.7062234762093005,1.236372407880206,-2.089809857147748,2.3605392913322656,1.5049128351264542,1.432645341649334
5.978,-1.7062234762093005,1.236372407880206,-2.089809857147748,2.3605392913322656,1.5049128351264542,1.432645341649334
5.98,-1.7062234762093005,1.236372407880206,-2.089809857147748,2.3605392913322656,1.5049128351264542,1.432645341649334
5.982,-1.7062234762093005,1.236372407880206,-2.089809857147748,2.3605392913322656,1.5049128351264542,1.432645341649334
5.984,-1.7062234762093005,1.236372407880206,-2.089809857147748,2.3605392913322656,1.5049128351264542,1.432645341649334
5.986,-1.7062234762093005,1.236372407880206,-2.089809857147748,2.3605392913322656,1.5049128351264542,1.432645341649334
5.988,-1.7062234762093005,1.236372407880206,-2.089809857147748,2.3605392913322656,1.5049128351264542,1.432645341649334
5.99,-1.7062234762093005,1.236372407880206,-2.089809857147748,2.3605392913322656,1.5049128351264542,1.432645341649334
5.992,-1.7062234762093005,1.236372407880206,-2.089809857147748,2.3605392913322656,1.5049128351264542,1.432645341649334
5.994,-1.7062234762093005,1.236372407880206,-2.089809857147748,2.3605392913322656,1.5049128351264542,1.432645341649334
5.996,-1.7062234762093005,1.236372407880206,-2.089809857147748,2.3605392913322656,1.5049128351264542,1.432645341649334
5.998,-1.7062234762093005,1.236372407880206,-2.089809857147748,2.3605392913322656,1.5049128351264542,1.432645341649334
6.0,-1.7062234762093005,1.236372407880206,-2.089809857147748,2.3605392913322656,1.5049128351264542,1.432645341649334
6.002,-1.7062234762093005,1.236372407880206,-2.089809857147748,2.3605392913322656,1.5049128351264542,1.432645341649334
6.0040000000000004,-1.7062234762093005,1.236372407880206,-2.089809857147748,2.3605392913322656,1.5049128351264542,1.432645341649334
6.006,-1.7062234762093005,1.236372407880206,-2.089809857147748,2.3605392913322656,1.5049128351264542,1.432645341649334
6.008,-1.7062234762093005,1.236372407880206,-2.089809857147748,2.3605392913322656,1.5049128351264542,1.432645341649334
6.01,-1.7062234762093005,1.236372407880206,-2.089809857147748,2.3605392913322656,1.5049128351264542,1.432645341649334
6.0120000000000005,-1.7062234762093005,1.236372407880206,-2.089809857147748,2.3605392913322656,1.5049128351264542,1.432645341649334
6.014,-1.7062234762093005,1.236372407880206,-2.089809857147748,2.3605392913322656,1.5049128351264542,1.432645341649334
6.016,-1.7062234762093005,1.236372407880206,-2.089809857147748,2.3605392913322656,1.5049128351264542,1.432645341649334
6.018,-1.7062234762093005,1.236372407880206,-2.089809857147748,2.3605392913322656,1.5049128351264542,1.432645341649334
6.0200000000000005,-1.7062234762093005,1.236372407880206,-2.089809857147748,2.3605392913322656,1.5049128351264542,1.432645341649334
6.022,-1.7062234762093005,1.236372407880206,-2.089809857147748,2.3605392913322656,1.5049128351264542,1.432645341649334
6.024,-1.7062234762093005,1.236372407880206,-2.089809857147748,2.3605392913322656,1.5049128351264542,1.432645341649334
6.026,-1.7062234762093005,1.236372407880206,-2.089809857147748,2.3605392913322656,1.5049128351264542,1.432645341649334
6.0280000000000005,-1.7062234762093005,1.236372407880206,-2.089809857147748,2.3605392913322656,1.5049128351264542,1.432645341649334
6.03,-1.7062234762093005,1.236372407880206,-2.089809857147748,2.3605392913322656,1.5049128351264542,1.432645341649334
6.032,-1.7062234762093005,1.236372407880206,-2.089809857147748,2.3605392913322656,1.5049128351264542,1.432645341649334
6.034,-1.7062234762093005,1.236372407880206,-2.089809857147748,2.3605392913322656,1.5049128351264542,1.432645341649334
6.0360000000000005,-1.7062234762093005,1.236372407880206,-2.089809857147748,2.3605392913322656,1.5049128351264542,1.432645341649334
6.038,-1.7062234762093005,1.236372407880206,-2.089809857147748,2.3605392913322656,1.5049128351264542,1.432645341649334
6.04,-1.7062234762093005,1.236372407880206,-2.089809857147748,2.3605392913322656,1.5049128351264542,1.432645341649334
6.042,-1.7062234762093005,1.236372407880206,-2.089809857147748,2.3605392913322656,1.5049128351264542,1.432645341649334
6.0440000000000005,-1.7062234762093005,1.236372407880206,-2.089809857147748,2.3605392913322656,1.5049128351264542,1.432645341649334
6.046,-1.7062234762093005,1.236372407880206,-2.089809857147748,2.3605392913322656,1.5049128351264542,1.432645341649334
6.048,-1.7062234762093005,1.236372407880206,-2.089809857147748,2.3605392913322656,1.5049128351264542,1.432645341649334
6.05,-1.7062234762093005,1.236372407880206,-2.089809857147748,2.3605392913322656,1.5049128351264542,1.432645341649334
6.0520000000000005,-1.7062234762093005,1.236372407880206,-2.089809857147748,2.3605392913322656,1.5049128351264542,1.432645341649334
6.054,-1.7062234762093005,1.236372407880206,-2.089809857147748,2.3605392913322656,1.5049128351264542,1.432645341649334
6.056,-1.7062234762093005,1.236372407880206,-2.089809857147748,2.3605392913322656,1.5049128351264542,1.432645341649334
6.058,-1.7062234762093005,1.236372407880206,-2.089809857147748,2.3605392913322656,1.5049128351264542,1.432645341649334
6.0600000000000005,-1.7062234762093005,1.236372407880206,-2.089809857147748,2.3605392913322656,1.5049128351264542,1.432645341649334
6.062,-1.7062234762093005,1.236372407880206,-2.089809857147748,2.3605392913322656,1.5049128351264542,1.432645341649334
6.064,-1.7062234762093005,1.236372407880206,-2.089809857147748,2.3605392913322656,1.5049128351264542,1.432645341649334
6.066,-1.7062234762093005,1.236372407880206,-2.089809857147748,2.3605392913322656,1.5049128351264542,1.432645341649334
6.0680000000000005,-1.7062234762093005,1.236372407880206,-2.089809857147748,2.3605392913322656,1.5049128351264542,1.432645341649334
6.07,-1.7062234762093005,1.236372407880206,-2.089809857147748,2.3605392913322656,1.5049128351264542,1.432645341649334
6.072,-1.7062234762093005,1.236372407880206,-2.089809857147748,2.3605392913322656,1.5049128351264542,1.432645341649334
6.074,-1.7062234762093005,1.236372407880206,-2.089809857147748,2.3605392913322656,1.5049128351264542,1.432645341649334
6.0760000000000005,-1.7062234762093005,1.236372407880206,-2.089809857147748,2.3605392913322656,1.5049128351264542,1.432645341649334
6.078,-1.7062234762093005,1.236372407880206,-2.089809857147748,2.3605392913322656,1.5049128351264542,1.432645341649334
6.08,-1.6999955454209947,1.2353295857863147,-2.0896677464603983,2.3626730289737035,1.4921917361052721,1.438791029139172
6.082,-1.6999955454209947,1.2353295857863147,-2.0896677464603983,2.3626730289737035,1.4921917361052721,1.438791029139172
6.0840000000000005,-1.6999955454209947,1.2353295857863147,-2.0896677464603983,2.3626730289737035,1.4921917361052721,1.438791029139172
6.086,-1.6999955454209947,1.2353295857863147,-2.0896677464603983,2.3626730289737035,1.4921917361052721,1.438791029139172
6.088,-1.6999955454209947,1.2353295857863147,-2.0896677464603983,2.3626730289737035,1.4921917361052721,1.438791029139172
6.09,-1.6999955454209947,1.2353295857863147,-2.0896677464603983,2.3626730289737035,1.4921917361052721,1.438791029139172
6.0920000000000005,-1.6999955454209947,1.2353295857863147,-2.0896677464603983,2.3626730289737035,1.4921917361052721,1.438791029139172
6.094,-1.6999955454209947,1.2353295857863147,-2.0896677464603983,2.3626730289737035,1.4921917361052721,1.438791029139172
6.096,-1.6999955454209947,1.2353295857863147,-2.0896677464603983,2.3626730289737035,1.4921917361052721,1.438791029139172
6.098,-1.6999955454209947,1.2353295857863147,-2.0896677464603983,2.3626730289737035,1.4921917361052721,1.438791029139172
6.1000000000000005,-1.6999955454209947,1.2353295857863147,-2.0896677464603983,2.3626730289737035,1.4921917361052721,1.438791029139172
6.102,-1.6999955454209947,1.2353295857863147,-2.0896677464603983,2.3626730289737035,1.4921917361052721,1.438791029139172
6.104,-1.6999955454209947,1.2353295857863147,-2.0896677464603983,2.3626730289737035,1.4921917361052721,1.438791029139172
6.106,-1.6999955454209947,1.2353295857863147,-2.0896677464603983,2.3626730289737035,1.4921917361052721,1.438791029139172
6.1080000000000005,-1.6999955454209947,1.2353295857863147,-2.0896677464603983,2.3626730289737035,1.4921917361052721,1.438791029139172
6.11,-1.6999955454209947,1.2353295857863147,-2.0896677464603983,2.3626730289737035,1.4921917361052721,1.438791029139172
6.112,-1.6999955454209947,1.2353295857863147,-2.0896677464603983,2.3626730289737035,1.4921917361052721,1.438791029139172
6.114,-1.6999955454209947,1.2353295857863147,-2.0896677464603983,2.3626730289737035,1.4921917361052721,1.438791029139172
6.1160000000000005,-1.6999955454209947,1.2353295857863147,-2.0896677464603983,2.3626730289737035,1.4921917361052721,1.438791029139172
6.118,-1.6999955454209947,1.2353295857863147,-2.0896677464603983,2.3626730289737035,1.4921917361052721,1.438791029139172
6.12,-1.6999955454209947,1.2353295857863147,-2.0896677464603983,2.3626730289737035,1.4921917361052721,1.438791029139172
6.122,-1.6999955454209947,1.2353295857863147,-2.0896677464603983,2.3626730289737035,1.4921917361052721,1.438791029139172
6.1240000000000006,-1.6999955454209947,1.2353295857863147,-2.0896677464603983,2.3626730289737035,1.4921917361052721,1.438791029139172
6.126,-1.6999955454209947,1.2353295857863147,-2.0896677464603983,2.3626730289737035,1.4921917361052721,1.438791029139172
6.128,-1.6999955454209947,1.2353295857863147,-2.0896677464603983,2.3626730289737035,1.4921917361052721,1.438791029139172
6.13,-1.6999955454209947,1.2353295857863147,-2.0896677464603983,2.3626730289737035,1.4921917361052721,1.438791029139172
6.132000000000001,-1.6999955454209947,1.2353295857863147,-2.0896677464603983,2.3626730289737035,1.4921917361052721,1.438791029139172
6.134,-1.6999955454209947,1.2353295857863147,-2.0896677464603983,2.3626730289737035,1.4921917361052721,1.438791029139172
6.136,-1.6999955454209947,1.2353295857863147,-2.0896677464603983,2.3626730289737035,1.4921917361052721,1.438791029139172
6.138,-1.6999955454209947,1.2353295857863147,-2.0896677464603983,2.3626730289737035,1.4921917361052721,1.438791029139172
6.140000000000001,-1.6999955454209947,1.2353295857863147,-2.0896677464603983,2.3626730289737035,1.4921917361052721,1.438791029139172
6.142,-1.6999955454209947,1.2353295857863147,-2.0896677464603983,2.3626730289737035,1.4921917361052721,1.438791029139172
6.144,-1.6999955454209947,1.2353295857863147,-2.0896677464603983,2.3626730289737035,1.4921917361052721,1.438791029139172
6.146,-1.6999955454209947,1.2353295857863147,-2.0896677464603983,2.3626730289737035,1.4921917361052721,1.438791029139172
6.148,-1.6999955454209947,1.2353295857863147,-2.0896677464603983,2.3626730289737035,1.4921917361052721,1.438791029139172
6.15,-1.6999955454209947,1.2353295857863147,-2.0896677464603983,2.3626730289737035,1.4921917361052721,1.438791029139172
6.152,-1.6999955454209947,1.2353295857863147,-2.0896677464603983,2.3626730289737035,1.4921917361052721,1.438791029139172
6.154,-1.6999955454209947,1.2353295857863147,-2.0896677464603983,2.3626730289737035,1.4921917361052721,1.438791029139172
6.156,-1.6999955454209947,1.2353295857863147,-2.0896677464603983,2.3626730289737035,1.4921917361052721,1.438791029139172
6.158,-1.6999955454209947,1.2353295857863147,-2.0896677464603983,2.3626730289737035,1.4921917361052721,1.438791029139172
6.16,-1.6999955454209947,1.2353295857863147,-2.0896677464603983,2.3626730289737035,1.4921917361052721,1.438791029139172
6.162,-1.6999955454209947,1.2353295857863147,-2.0896677464603983,2.3626730289737035,1.4921917361052721,1.438791029139172
6.164,-1.6999955454209947,1.2353295857863147,-2.0896677464603983,2.3626730289737035,1.4921917361052721,1.438791029139172
6.166,-1.6999955454209947,1.2353295857863147,-2.0896677464603983,2.3626730289737035,1.4921917361052721,1.438791029139172
6.168,-1.6999955454209947,1.2353295857863147,-2.0896677464603983,2.3626730289737035,1.4921917361052721,1.438791029139172
6.17,-1.6999955454209947,1.2353295857863147,-2.0896677464603983,2.3626730289737035,1.4921917361052721,1.438791029139172
6.172,-1.6999955454209947,1.2353295857863147,-2.0896677464603983,2.3626730289737035,1.4921917361052721,1.438791029139172
6.174,-1.6999955454209947,1.2353295857863147,-2.0896677464603983,2.3626730289737035,1.4921917361052721,1.438791029139172
6.176,-1.6999955454209947,1.2353295857863147,-2.0896677464603983,2.3626730289737035,1.4921917361052721,1.438791029139172
6.178,-1.6999955454209947,1.2353295857863147,-2.0896677464603983,2.3626730289737035,1.4921917361052721,1.438791029139172
6.18,-1.6999955454209947,1.2353295857863147,-2.0896677464603983,2.3626730289737035,1.4921917361052721,1.438791029139172
6.182,-1.6999955454209947,1.2353295857863147,-2.0896677464603983,2.3626730289737035,1.4921917361052721,1.438791029139172
6.184,-1.6999955454209947,1.2353295857863147,-2.0896677464603983,2.3626730289737035,1.4921917361052721,1.438791029139172
6.186,-1.6999955454209947,1.2353295857863147,-2.0896677464603983,2.3626730289737035,1.4921917361052721,1.438791029139172
6.188,-1.6999955454209947,1.2353295857863147,-2.0896677464603983,2.3626730289737035,1.4921917361052721,1.438791029139172
6.19,-1.6999955454209947,1.2353295857863147,-2.0896677464603983,2.3626730289737035,1.4921917361052721,1.438791029139172
6.192,-1.6999955454209947,1.2353295857863147,-2.0896677464603983,2.3626730289737035,1.4921917361052721,1.438791029139172
6.194,-1.6999955454209947,1.2353295857863147,-2.0896677464603983,2.3626730289737035,1.4921917361052721,1.438791029139172
6.196,-1.6999955454209947,1.2353295857863147,-2.0896677464603983,2.3626730289737035,1.4921917361052721,1.438791029139172
6.198,-1.6999955454209947,1.2353295857863147,-2.0896677464603983,2.3626730289737035,1.4921917361052721,1.438791029139172
6.2,-1.6999955454209947,1.2353295857863147,-2.0896677464603983,2.3626730289737035,1.4921917361052721,1.438791029139172
6.202,-1.6999955454209947,1.2353295857863147,-2.0896677464603983,2.3626730289737035,1.4921917361052721,1.438791029139172
6.204,-1.6999955454209947,1.2353295857863147,-2.0896677464603983,2.3626730289737035,1.4921917361052721,1.438791029139172
6.206,-1.6934528701427327,1.2341429522948417,-2.089484316084776,2.364766134799064,1.4788150305882444,1.4452456970066219
6.208,-1.6934528701427327,1.2341429522948417,-2.089484316084776,2.364766134799064,1.4788150305882444,1.4452456970066219
6.21,-1.6934528701427327,1.2341429522948417,-2.089484316084776,2.364766134799064,1.4788150305882444,1.4452456970066219
6.212,-1.6934528701427327,1.2341429522948417,-2.089484316084776,2.364766134799064,1.4788150305882444,1.4452456970066219
6.214,-1.6934528701427327,1.2341429522948417,-2.089484316084776,2.364766134799064,1.4788150305882444,1.4452456970066219
6.216,-1.6934528701427327,1.2341429522948417,-2.089484316084776,2.364766134799064,1.4788150305882444,1.4452456970066219
6.218,-1.6934528701427327,1.2341429522948417,-2.089484316084776,2.364766134799064,1.4788150305882444,1.4452456970066219
6.22,-1.6934528701427327,1.2341429522948417,-2.089484316084776,2.364766134799064,1.4788150305882444,1.4452456970066219
6.222,-1.6934528701427327,1.2341429522948417,-2.089484316084776,2.364766134799064,1.4788150305882444,1.4452456970066219
6.224,-1.6934528701427327,1.2341429522948417,-2.089484316084776,2.364766134799064,1.4788150305882444,1.4452456970066219
6.226,-1.6934528701427327,1.2341429522948417,-2.089484316084776,2.364766134799064,1.4788150305882444,1.4452456970066219
6.228,-1.6934528701427327,1.2341429522948417,-2.089484316084776,2.364766134799064,1.4788150305882444,1.4452456970066219
6.23,-1.6934528701427327,1.2341429522948417,-2.089484316084776,2.364766134799064,1.4788150305882444,1.4452456970066219
6.232,-1.6934528701427327,1.2341429522948417,-2.089484316084776,2.364766134799064,1.4788150305882444,1.4452456970066219
6.234,-1.6934528701427327,1.2341429522948417,-2.089484316084776,2.364766134799064,1.4788150305882444,1.4452456970066219
6.236,-1.6934528701427327,1.2341429522948417,-2.089484316084776,2.364766134799064,1.4788150305882444,1.4452456970066219
6.238,-1.6934528701427327,1.2341429522948417,-2.089484316084776,2.364766134799064,1.4788150305882444,1.4452456970066219
6.24,-1.6934528701427327,1.2341429522948417,-2.089484316084776,2.364766134799064,1.4788150305882444,1.4452456970066219
6.242,-1.6934528701427327,1.2341429522948417,-2.089484316084776,2.364766134799064,1.4788150305882444,1.4452456970066219
6.244,-1.6934528701427327,1.2341429522948417,-2.089484316084776,2.364766134799064,1.4788150305882444,1.4452456970066219
6.246,-1.6934528701427327,1.2341429522948417,-2.089484316084776,2.364766134799064,1.4788150305882444,1.4452456970066219
6.248,-1.6934528701427327,1.2341429522948417,-2.089484316084776,2.364766134799064,1.4788150305882444,1.4452456970066219
6.25,-1.6934528701427327,1.2341429522948417,-2.089484316084776,2.364766134799064,1.4788150305882444,1.4452456970066219
6.252,-1.6934528701427327,1.2341429522948417,-2.089484316084776,2.364766134799064,1.4788150305882444,1.4452456970066219
6.2540000000000004,-1.6934528701427327,1.2341429522948417,-2.089484316084776,2.364766134799064,1.4788150305882444,1.4452456970066219
6.256,-1.6934528701427327,1.2341429522948417,-2.089484316084776,2.364766134799064,1.4788150305882444,1.4452456970066219
6.258,-1.6934528701427327,1.2341429522948417,-2.089484316084776,2.364766134799064,1.4788150305882444,1.4452456970066219
6.26,-1.6934528701427327,1.2341429522948417,-2.089484316084776,2.364766134799064,1.4788150305882444,1.4452456970066219
6.2620000000000005,-1.6934528701427327,1.2341429522948417,-2.089484316084776,2.364766134799064,1.4788150305882444,1.4452456970066219
6.264,-1.6934528701427327,1.2341429522948417,-2.089484316084776,2.364766134799064,1.4788150305882444,1.4452456970066219
6.266,-1.6934528701427327,1.2341429522948417,-2.089484316084776,2.364766134799064,1.4788150305882444,1.4452456970066219
6.268,-1.6934528701427327,1.2341429522948417,-2.089484316084776,2.364766134799064,1.4788150305882444,1.4452456970066219
6.2700000000000005,-1.6934528701427327,1.2341429522948417,-2.089484316084776,2.364766134799064,1.4788150305882444,1.4452456970066219
6.272,-1.6934528701427327,1.2341429522948417,-2.089484316084776,2.364766134799064,1.4788150305882444,1.4452456970066219
6.274,-1.6934528701427327,1.2341429522948417,-2.089484316084776,2.364766134799064,1.4788150305882444,1.4452456970066219
6.276,-1.6934528701427327,1.2341429522948417,-2.089484316084776,2.364766134799064,1.4788150305882444,1.4452456970066219
6.2780000000000005,-1.6934528701427327,1.2341429522948417,-2.089484316084776,2.364766134799064,1.4788150305882444,1.4452456970066219
6.28,-1.6934528701427327,1.2341429522948417,-2.089484316084776,2.364766134799064,1.4788150305882444,1.4452456970066219
6.282,-1.6934528701427327,1.2341429522948417,-2.089484316084776,2.364766134799064,1.4788150305882444,1.4452456970066219
6.284,-1.6934528701427327,1.2341429522948417,-2.089484316084776,2.364766134799064,1.4788150305882444,1.4452456970066219
6.2860000000000005,-1.6934528701427327,1.2341429522948417,-2.089484316084776,2.364766134799064,1.4788150305882444,1.4452456970066219
6.288,-1.6934528701427327,1.2341429522948417,-2.089484316084776,2.364766134799064,1.4788150305882444,1.4452456970066219
6.29,-1.6934528701427327,1.2341429522948417,-2.089484316084776,2.364766134799064,1.4788150305882444,1.4452456970066219
6.292,-1.6934528701427327,1.2341429522948417,-2.089484316084776,2.364766134799064,1.4788150305882444,1.4452456970066219
6.2940000000000005,-1.6934528701427327,1.2341429522948417,-2.089484316084776,2.364766134799064,1.4788150305882444,1.4452456970066219
6.296,-1.6934528701427327,1.2341429522948417,-2.089484316084776,2.364766134799064,1.4788150305882444,1.4452456970066219
6.298,-1.6934528701427327,1.2341429522948417,-2.089484316084776,2.364766134799064,1.4788150305882444,1.4452456970066219
6.3,-1.6934528701427327,1.2341429522948417,-2.089484316084776,2.364766134799064,1.4788150305882444,1.4452456970066219
6.3020000000000005,-1.6934528701427327,1.2341429522948417,-2.089484316084776,2.364766134799064,1.4788150305882444,1.4452456970066219
6.304,-1.6934528701427327,1.2341429522948417,-2.089484316084776,2.364766134799064,1.4788150305882444,1.4452456970066219
6.306,-1.6934528701427327,1.2341429522948417,-2.089484316084776,2.364766134799064,1.4788150305882444,1.4452456970066219
6.308,-1.6934528701427327,1.2341429522948417,-2.089484316084776,2.364766134799064,1.4788150305882444,1.4452456970066219
6.3100000000000005,-1.6934528701427327,1.2341429522948417,-2.089484316084776,2.364766134799064,1.4788150305882444,1.4452456970066219
6.312,-1.6934528701427327,1.2341429522948417,-2.089484316084776,2.364766134799064,1.4788150305882444,1.4452456970066219
6.314,-1.6934528701427327,1.2341429522948417,-2.089484316084776,2.364766134799064,1.4788150305882444,1.4452456970066219
6.316,-1.6934528701427327,1.2341429522948417,-2.089484316084776,2.364766134799064,1.4788150305882444,1.4452456970066219
6.3180000000000005,-1.6934528701427327,1.2341429522948417,-2.089484316084776,2.364766134799064,1.4788150305882444,1.4452456970066219
6.32,-1.6934528701427327,1.2341429522948417,-2.089484316084776,2.364766134799064,1.4788150305882444,1.4452456970066219
6.322,-1.6934528701427327,1.2341429522948417,-2.089484316084776,2.364766134799064,1.4788150305882444,1.4452456970066219
6.324,-1.6934528701427327,1.2341429522948417,-2.089484316084776,2.364766134799064,1.4788150305882444,1.4452456970066219
6.3260000000000005,-1.6934528701427327,1.2341429522948417,-2.089484316084776,2.364766134799064,1.4788150305882444,1.4452456970066219
6.328,-1.6934528701427327,1.2341429522948417,-2.089484316084776,2.364766134799064,1.4788150305882444,1.4452456970066219
6.33,-1.6934528701427327,1.2341429522948417,-2.089484316084776,2.364766134799064,1.4788150305882444,1.4452456970066219
6.332,-1.6934528701427327,1.2341429522948417,-2.089484316084776,2.364766134799064,1.4788150305882444,1.4452456970066219
6.3340000000000005,-1.6934528701427327,1.2341429522948417,-2.089484316084776,2.364766134799064,1.4788150305882444,1.4452456970066219
6.336,-1.6868205579557862,1.2328411065934175,-2.0892565011013913,2.3668111294134984,1.4651966221885908,1.4517815664394536
6.338,-1.6868205579557862,1.2328411065934175,-2.0892565011013913,2.3668111294134984,1.4651966221885908,1.4517815664394536
6.34,-1.6868205579557862,1.2328411065934175,-2.0892565011013913,2.3668111294134984,1.4651966221885908,1.4517815664394536
6.3420000000000005,-1.6868205579557862,1.2328411065934175,-2.0892565011013913,2.3668111294134984,1.4651966221885908,1.4517815664394536
6.344,-1.6868205579557862,1.2328411065934175,-2.0892565011013913,2.3668111294134984,1.4651966221885908,1.4517815664394536
6.346,-1.6868205579557862,1.2328411065934175,-2.0892565011013913,2.3668111294134984,1.4651966221885908,1.4517815664394536
6.348,-1.6868205579557862,1.2328411065934175,-2.0892565011013913,2.3668111294134984,1.4651966221885908,1.4517815664394536
6.3500000000000005,-1.6868205579557862,1.2328411065934175,-2.0892565011013913,2.3668111294134984,1.4651966221885908,1.4517815664394536
6.352,-1.6868205579557862,1.2328411065934175,-2.0892565011013913,2.3668111294134984,1.4651966221885908,1.4517815664394536
6.354,-1.6868205579557862,1.2328411065934175,-2.0892565011013913,2.3668111294134984,1.4651966221885908,1.4517815664394536
6.356,-1.6868205579557862,1.2328411065934175,-2.0892565011013913,2.3668111294134984,1.4651966221885908,1.4517815664394536
6.3580000000000005,-1.6868205579557862,1.2328411065934175,-2.0892565011013913,2.3668111294134984,1.4651966221885908,1.4517815664394536
6.36,-1.6868205579557862,1.2328411065934175,-2.0892565011013913,2.3668111294134984,1.4651966221885908,1.4517815664394536
6.362,-1.6868205579557862,1.2328411065934175,-2.0892565011013913,2.3668111294134984,1.4651966221885908,1.4517815664394536
6.364,-1.6868205579557862,1.2328411065934175,-2.0892565011013913,2.3668111294134984,1.4651966221885908,1.4517815664394536
6.3660000000000005,-1.6868205579557862,1.2328411065934175,-2.0892565011013913,2.3668111294134984,1.4651966221885908,1.4517815664394536
6.368,-1.6868205579557862,1.2328411065934175,-2.0892565011013913,2.3668111294134984,1.4651966221885908,1.4517815664394536
6.37,-1.6868205579557862,1.2328411065934175,-2.0892565011013913,2.3668111294134984,1.4651966221885908,1.4517815664394536
6.372,-1.6868205579557862,1.2328411065934175,-2.0892565011013913,2.3668111294134984,1.4651966221885908,1.4517815664394536
6.3740000000000006,-1.6868205579557862,1.2328411065934175,-2.0892565011013913,2.3668111294134984,1.4651966221885908,1.4517815664394536
6.376,-1.6868205579557862,1.2328411065934175,-2.0892565011013913,2.3668111294134984,1.4651966221885908,1.4517815664394536
6.378,-1.6868205579557862,1.2328411065934175,-2.0892565011013913,2.3668111294134984,1.4651966221885908,1.4517815664394536
6.38,-1.6868205579557862,1.2328411065934175,-2.0892565011013913,2.3668111294134984,1.4651966221885908,1.4517815664394536
6.382000000000001,-1.6868205579557862,1.2328411065934175,-2.0892565011013913,2.3668111294134984,1.4651966221885908,1.4517815664394536
6.384,-1.6868205579557862,1.2328411065934175,-2.0892565011013913,2.3668111294134984,1.4651966221885908,1.4517815664394536
6.386,-1.6868205579557862,1.2328411065934175,-2.0892565011013913,2.3668111294134984,1.4651966221885908,1.4517815664394536
6.388,-1.6868205579557862,1.2328411065934175,-2.0892565011013913,2.3668111294134984,1.4651966221885908,1.4517815664394536
6.390000000000001,-1.6868205579557862,1.2328411065934175,-2.0892565011013913,2.3668111294134984,1.4651966221885908,1.4517815664394536
6.392,-1.6868205579557862,1.2328411065934175,-2.0892565011013913,2.3668111294134984,1.4651966221885908,1.4517815664394536
6.394,-1.6868205579557862,1.2328411065934175,-2.0892565011013913,2.3668111294134984,1.4651966221885908,1.4517815664394536
6.396,-1.6868205579557862,1.2328411065934175,-2.0892565011013913,2.3668111294134984,1.4651966221885908,1.4517815664394536
6.398000000000001,-1.6868205579557862,1.2328411065934175,-2.0892565011013913,2.3668111294134984,1.4651966221885908,1.4517815664394536
6.4,-1.6868205579557862,1.2328411065934175,-2.0892565011013913,2.3668111294134984,1.4651966221885908,1.4517815664394536
6.402,-1.6868205579557862,1.2328411065934175,-2.0892565011013913,2.3668111294134984,1.4651966221885908,1.4517815664394536
6.404,-1.6868205579557862,1.2328411065934175,-2.0892565011013913,2.3668111294134984,1.4651966221885908,1.4517815664394536
6.406,-1.6868205579557862,1.2328411065934175,-2.0892565011013913,2.3668111294134984,1.4651966221885908,1.4517815664394536
6.408,-1.6868205579557862,1.2328411065934175,-2.0892565011013913,2.3668111294134984,1.4651966221885908,1.4517815664394536
6.41,-1.6868205579557862,1.2328411065934175,-2.0892565011013913,2.3668111294134984,1.4651966221885908,1.4517815664394536
6.412,-1.6868205579557862,1.2328411065934175,-2.0892565011013913,2.3668111294134984,1.4651966221885908,1.4517815664394536
6.414,-1.6868205579557862,1.2328411065934175,-2.0892565011013913,2.3668111294134984,1.4651966221885908,1.4517815664394536
6.416,-1.6868205579557862,1.2328411065934175,-2.0892565011013913,2.3668111294134984,1.4651966221885908,1.4517815664394536
6.418,-1.6868205579557862,1.2328411065934175,-2.0892565011013913,2.3668111294134984,1.4651966221885908,1.4517815664394536
6.42,-1.6868205579557862,1.2328411065934175,-2.0892565011013913,2.3668111294134984,1.4651966221885908,1.4517815664394536
6.422,-1.6868205579557862,1.2328411065934175,-2.0892565011013913,2.3668111294134984,1.4651966221885908,1.4517815664394536
6.424,-1.6868205579557862,1.2328411065934175,-2.0892565011013913,2.3668111294134984,1.4651966221885908,1.4517815664394536
6.426,-1.6868205579557862,1.2328411065934175,-2.0892565011013913,2.3668111294134984,1.4651966221885908,1.4517815664394536
6.428,-1.6868205579557862,1.2328411065934175,-2.0892565011013913,2.3668111294134984,1.4651966221885908,1.4517815664394536
6.43,-1.6868205579557862,1.2328411065934175,-2.0892565011013913,2.3668111294134984,1.4651966221885908,1.4517815664394536
6.432,-1.6868205579557862,1.2328411065934175,-2.0892565011013913,2.3668111294134984,1.4651966221885908,1.4517815664394536
6.434,-1.6868205579557862,1.2328411065934175,-2.0892565011013913,2.3668111294134984,1.4651966221885908,1.4517815664394536
6.436,-1.6868205579557862,1.2328411065934175,-2.0892565011013913,2.3668111294134984,1.4651966221885908,1.4517815664394536
6.438,-1.6868205579557862,1.2328411065934175,-2.0892565011013913,2.3668111294134984,1.4651966221885908,1.4517815664394536
6.44,-1.6868205579557862,1.2328411065934175,-2.0892565011013913,2.3668111294134984,1.4651966221885908,1.4517815664394536
6.442,-1.6868205579557862,1.2328411065934175,-2.0892565011013913,2.3668111294134984,1.4651966221885908,1.4517815664394536
6.444,-1.6868205579557862,1.2328411065934175,-2.0892565011013913,2.3668111294134984,1.4651966221885908,1.4517815664394536
6.446,-1.6868205579557862,1.2328411065934175,-2.0892565011013913,2.3668111294134984,1.4651966221885908,1.4517815664394536
6.448,-1.6868205579557862,1.2328411065934175,-2.0892565011013913,2.3668111294134984,1.4651966221885908,1.4517815664394536
6.45,-1.6868205579557862,1.2328411065934175,-2.0892565011013913,2.3668111294134984,1.4651966221885908,1.4517815664394536
6.452,-1.6868205579557862,1.2328411065934175,-2.0892565011013913,2.3668111294134984,1.4651966221885908,1.4517815664394536
6.454,-1.6868205579557862,1.2328411065934175,-2.0892565011013913,2.3668111294134984,1.4651966221885908,1.4517815664394536
6.456,-1.6868205579557862,1.2328411065934175,-2.0892565011013913,2.3668111294134984,1.4651966221885908,1.4517815664394536
6.458,-1.6868205579557862,1.2328411065934175,-2.0892565011013913,2.3668111294134984,1.4651966221885908,1.4517815664394536
6.46,-1.6868205579557862,1.2328411065934175,-2.0892565011013913,2.3668111294134984,1.4651966221885908,1.4517815664394536
6.462,-1.6868205579557862,1.2328411065934175,-2.0892565011013913,2.3668111294134984,1.4651966221885908,1.4517815664394536
6.464,-1.6868205579557862,1.2328411065934175,-2.0892565011013913,2.3668111294134984,1.4651966221885908,1.4517815664394536
6.466,-1.6868205579557862,1.2328411065934175,-2.0892565011013913,2.3668111294134984,1.4651966221885908,1.4517815664394536
6.468,-1.6868205579557862,1.2328411065934175,-2.0892565011013913,2.3668111294134984,1.4651966221885908,1.4517815664394536
6.47,-1.679916877266386,1.2313867052255623,-2.088984329420242,2.3688061462177257,1.450984928067722,1.4585880013855241
6.472,-1.679916877266386,1.2313867052255623,-2.088984329420242,2.3688061462177257,1.450984928067722,1.4585880013855241
6.474,-1.679916877266386,1.2313867052255623,-2.088984329420242,2.3688061462177257,1.450984928067722,1.4585880013855241
6.476,-1.679916877266386,1.2313867052255623,-2.088984329420242,2.3688061462177257,1.450984928067722,1.4585880013855241
6.478,-1.679916877266386,1.2313867052255623,-2.088984329420242,2.3688061462177257,1.450984928067722,1.4585880013855241
6.48,-1.679916877266386,1.2313867052255623,-2.088984329420242,2.3688061462177257,1.450984928067722,1.4585880013855241
6.482,-1.679916877266386,1.2313867052255623,-2.088984329420242,2.3688061462177257,1.450984928067722,1.4585880013855241
6.484,-1.679916877266386,1.2313867052255623,-2.088984329420242,2.3688061462177257,1.450984928067722,1.4585880013855241
6.486,-1.679916877266386,1.2313867052255623,-2.088984329420242,2.3688061462177257,1.450984928067722,1.4585880013855241
6.488,-1.679916877266386,1.2313867052255623,-2.088984329420242,2.3688061462177257,1.450984928067722,1.4585880013855241
6.49,-1.679916877266386,1.2313867052255623,-2.088984329420242,2.3688061462177257,1.450984928067722,1.4585880013855241
6.492,-1.679916877266386,1.2313867052255623,-2.088984329420242,2.3688061462177257,1.450984928067722,1.4585880013855241
6.494,-1.679916877266386,1.2313867052255623,-2.088984329420242,2.3688061462177257,1.450984928067722,1.4585880013855241
6.496,-1.679916877266386,1.2313867052255623,-2.088984329420242,2.3688061462177257,1.450984928067722,1.4585880013855241
6.498,-1.679916877266386,1.2313867052255623,-2.088984329420242,2.3688061462177257,1.450984928067722,1.4585880013855241
6.5,-1.679916877266386,1.2313867052255623,-2.088984329420242,2.3688061462177257,1.450984928067722,1.4585880013855241
6.502,-1.679916877266386,1.2313867052255623,-2.088984329420242,2.3688061462177257,1.450984928067722,1.4585880013855241
6.5040000000000004,-1.679916877266386,1.2313867052255623,-2.088984329420242,2.3688061462177257,1.450984928067722,1.4585880013855241
6.506,-1.679916877266386,1.2313867052255623,-2.088984329420242,2.3688061462177257,1.450984928067722,1.4585880013855241
6.508,-1.679916877266386,1.2313867052255623,-2.088984329420242,2.3688061462177257,1.450984928067722,1.4585880013855241
6.51,-1.679916877266386,1.2313867052255623,-2.088984329420242,2.3688061462177257,1.450984928067722,1.4585880013855241
6.5120000000000005,-1.679916877266386,1.2313867052255623,-2.088984329420242,2.3688061462177257,1.450984928067722,1.4585880013855241
6.514,-1.679916877266386,1.2313867052255623,-2.088984329420242,2.3688061462177257,1.450984928067722,1.4585880013855241
6.516,-1.679916877266386,1.2313867052255623,-2.088984329420242,2.3688061462177257,1.450984928067722,1.4585880013855241
6.518,-1.679916877266386,1.2313867052255623,-2.088984329420242,2.3688061462177257,1.450984928067722,1.4585880013855241
6.5200000000000005,-1.679916877266386,1.2313867052255623,-2.088984329420242,2.3688061462177257,1.450984928067722,1.4585880013855241
6.522,-1.679916877266386,1.2313867052255623,-2.088984329420242,2.3688061462177257,1.450984928067722,1.4585880013855241
6.524,-1.679916877266386,1.2313867052255623,-2.088984329420242,2.3688061462177257,1.450984928067722,1.4585880013855241
6.526,-1.679916877266386,1.2313867052255623,-2.088984329420242,2.3688061462177257,1.450984928067722,1.4585880013855241
6.5280000000000005,-1.679916877266386,1.2313867052255623,-2.088984329420242,2.3688061462177257,1.450984928067722,1.4585880013855241
6.53,-1.679916877266386,1.2313867052255623,-2.088984329420242,2.3688061462177257,1.450984928067722,1.4585880013855241
6.532,-1.679916877266386,1.2313867052255623,-2.088984329420242,2.3688061462177257,1.450984928067722,1.4585880013855241
6.534,-1.679916877266386,1.2313867052255623,-2.088984329420242,2.3688061462177257,1.450984928067722,1.4585880013855241
6.5360000000000005,-1.679916877266386,1.2313867052255623,-2.088984329420242,2.3688061462177257,1.450984928067722,1.4585880013855241
6.538,-1.679916877266386,1.2313867052255623,-2.088984329420242,2.3688061462177257,1.450984928067722,1.4585880013855241
6.54,-1.679916877266386,1.2313867052255623,-2.088984329420242,2.3688061462177257,1.450984928067722,1.4585880013855241
6.542,-1.679916877266386,1.2313867052255623,-2.088984329420242,2.3688061462177257,1.450984928067722,1.4585880013855241
6.5440000000000005,-1.679916877266386,1.2313867052255623,-2.088984329420242,2.3688061462177257,1.450984928067722,1.4585880013855241
6.546,-1.679916877266386,1.2313867052255623,-2.088984329420242,2.3688061462177257,1.450984928067722,1.4585880013855241
6.548,-1.679916877266386,1.2313867052255623,-2.088984329420242,2.3688061462177257,1.450984928067722,1.4585880013855241
6.55,-1.679916877266386,1.2313867052255623,-2.088984329420242,2.3688061462177257,1.450984928067722,1.4585880013855241
6.5520000000000005,-1.679916877266386,1.2313867052255623,-2.088984329420242,2.3688061462177257,1.450984928067722,1.4585880013855241
6.554,-1.679916877266386,1.2313867052255623,-2.088984329420242,2.3688061462177257,1.450984928067722,1.4585880013855241
6.556,-1.679916877266386,1.2313867052255623,-2.088984329420242,2.3688061462177257,1.450984928067722,1.4585880013855241
6.558,-1.679916877266386,1.2313867052255623,-2.088984329420242,2.3688061462177257,1.450984928067722,1.4585880013855241
6.5600000000000005,-1.679916877266386,1.2313867052255623,-2.088984329420242,2.3688061462177257,1.450984928067722,1.4585880013855241
6.562,-1.679916877266386,1.2313867052255623,-2.088984329420242,2.3688061462177257,1.450984928067722,1.4585880013855241
6.564,-1.679916877266386,1.2313867052255623,-2.088984329420242,2.3688061462177257,1.450984928067722,1.4585880013855241
6.566,-1.679916877266386,1.2313867052255623,-2.088984329420242,2.3688061462177257,1.450984928067722,1.4585880013855241
6.5680000000000005,-1.679916877266386,1.2313867052255623,-2.088984329420242,2.3688061462177257,1.450984928067722,1.4585880013855241
6.57,-1.679916877266386,1.2313867052255623,-2.088984329420242,2.3688061462177257,1.450984928067722,1.4585880013855241
6.572,-1.679916877266386,1.2313867052255623,-2.088984329420242,2.3688061462177257,1.450984928067722,1.4585880013855241
6.574,-1.679916877266386,1.2313867052255623,-2.088984329420242,2.3688061462177257,1.450984928067722,1.4585880013855241
6.5760000000000005,-1.679916877266386,1.2313867052255623,-2.088984329420242,2.3688061462177257,1.450984928067722,1.4585880013855241
6.578,-1.679916877266386,1.2313867052255623,-2.088984329420242,2.3688061462177257,1.450984928067722,1.4585880013855241
6.58,-1.679916877266386,1.2313867052255623,-2.088984329420242,2.3688061462177257,1.450984928067722,1.4585880013855241
6.582,-1.679916877266386,1.2313867052255623,-2.088984329420242,2.3688061462177257,1.450984928067722,1.4585880013855241
6.5840000000000005,-1.679916877266386,1.2313867052255623,-2.088984329420242,2.3688061462177257,1.450984928067722,1.4585880013855241
6.586,-1.679916877266386,1.2313867052255623,-2.088984329420242,2.3688061462177257,1.450984928067722,1.4585880013855241
6.588,-1.679916877266386,1.2313867052255623,-2.088984329420242,2.3688061462177257,1.450984928067722,1.4585880013855241
6.59,-1.679916877266386,1.2313867052255623,-2.088984329420242,2.3688061462177257,1.450984928067722,1.4585880013855241
6.5920000000000005,-1.679916877266386,1.2313867052255623,-2.088984329420242,2.3688061462177257,1.450984928067722,1.4585880013855241
6.594,-1.679916877266386,1.2313867052255623,-2.088984329420242,2.3688061462177257,1.450984928067722,1.4585880013855241
6.596,-1.679916877266386,1.2313867052255623,-2.088984329420242,2.3688061462177257,1.450984928067722,1.4585880013855241
6.598,-1.679916877266386,1.2313867052255623,-2.088984329420242,2.3688061462177257,1.450984928067722,1.4585880013855241
6.6000000000000005,-1.679916877266386,1.2313867052255623,-2.088984329420242,2.3688061462177257,1.450984928067722,1.4585880013855241
6.602,-1.679916877266386,1.2313867052255623,-2.088984329420242,2.3688061462177257,1.450984928067722,1.4585880013855241
6.604,-1.679916877266386,1.2313867052255623,-2.088984329420242,2.3688061462177257,1.450984928067722,1.4585880013855241
6.606,-1.679916877266386,1.2313867052255623,-2.088984329420242,2.3688061462177257,1.450984928067722,1.4585880013855241
6.6080000000000005,-1.679916877266386,1.2313867052255623,-2.088984329420242,2.3688061462177257,1.450984928067722,1.4585880013855241
6.61,-1.6727036124144052,1.2297510650607475,-2.088650057891531,2.370740037310182,1.436093660051055,1.4657077484591379
6.612,-1.6727036124144052,1.2297510650607475,-2.088650057891531,2.370740037310182,1.436093660051055,1.4657077484591379
6.614,-1.6727036124144052,1.2297510650607475,-2.088650057891531,2.370740037310182,1.436093660051055,1.4657077484591379
6.6160000000000005,-1.6727036124144052,1.2297510650607475,-2.088650057891531,2.370740037310182,1.436093660051055,1.4657077484591379
6.618,-1.6727036124144052,1.2297510650607475,-2.088650057891531,2.370740037310182,1.436093660051055,1.4657077484591379
6.62,-1.6727036124144052,1.2297510650607475,-2.088650057891531,2.370740037310182,1.436093660051055,1.4657077484591379
6.622,-1.6727036124144052,1.2297510650607475,-2.088650057891531,2.370740037310182,1.436093660051055,1.4657077484591379
6.6240000000000006,-1.6727036124144052,1.2297510650607475,-2.088650057891531,2.370740037310182,1.436093660051055,1.4657077484591379
6.626,-1.6727036124144052,1.2297510650607475,-2.088650057891531,2.370740037310182,1.436093660051055,1.4657077484591379
6.628,-1.6727036124144052,1.2297510650607475,-2.088650057891531,2.370740037310182,1.436093660051055,1.4657077484591379
6.63,-1.6727036124144052,1.2297510650607475,-2.088650057891531,2.370740037310182,1.436093660051055,1.4657077484591379
6.632000000000001,-1.6727036124144052,1.2297510650607475,-2.088650057891531,2.370740037310182,1.436093660051055,1.4657077484591379
6.634,-1.6727036124144052,1.2297510650607475,-2.088650057891531,2.370740037310182,1.436093660051055,1.4657077484591379
6.636,-1.6727036124144052,1.2297510650607475,-2.088650057891531,2.370740037310182,1.436093660051055,1.4657077484591379
6.638,-1.6727036124144052,1.2297510650607475,-2.088650057891531,2.370740037310182,1.436093660051055,1.4657077484591379
6.640000000000001,-1.6727036124144052,1.2297510650607475,-2.088650057891531,2.370740037310182,1.436093660051055,1.4657077484591379
6.642,-1.6727036124144052,1.2297510650607475,-2.088650057891531,2.370740037310182,1.436093660051055,1.4657077484591379
6.644,-1.6727036124144052,1.2297510650607475,-2.088650057891531,2.370740037310182,1.436093660051055,1.4657077484591379
6.646,-1.6727036124144052,1.2297510650607475,-2.088650057891531,2.370740037310182,1.436093660051055,1.4657077484591379
6.648000000000001,-1.6727036124144052,1.2297510650607475,-2.088650057891531,2.370740037310182,1.436093660051055,1.4657077484591379
6.65,-1.6727036124144052,1.2297510650607475,-2.088650057891531,2.370740037310182,1.436093660051055,1.4657077484591379
6.652,-1.6727036124144052,1.2297510650607475,-2.088650057891531,2.370740037310182,1.436093660051055,1.4657077484591379
6.654,-1.6727036124144052,1.2297510650607475,-2.088650057891531,2.370740037310182,1.436093660051055,1.4657077484591379
6.656000000000001,-1.6727036124144052,1.2297510650607475,-2.088650057891531,2.370740037310182,1.436093660051055,1.4657077484591379
6.658,-1.6727036124144052,1.2297510650607475,-2.088650057891531,2.370740037310182,1.436093660051055,1.4657077484591379
6.66,-1.6727036124144052,1.2297510650607475,-2.088650057891531,2.370740037310182,1.436093660051055,1.4657077484591379
6.662,-1.6727036124144052,1.2297510650607475,-2.088650057891531,2.370740037310182,1.436093660051055,1.4657077484591379
6.664,-1.6727036124144052,1.2297510650607475,-2.088650057891531,2.370740037310182,1.436093660051055,1.4657077484591379
6.666,-1.6727036124144052,1.2297510650607475,-2.088650057891531,2.370740037310182,1.436093660051055,1.4657077484591379
6.668,-1.6727036124144052,1.2297510650607475,-2.088650057891531,2.370740037310182,1.436093660051055,1.4657077484591379
6.67,-1.6727036124144052,1.2297510650607475,-2.088650057891531,2.370740037310182,1.436093660051055,1.4657077484591379
6.672,-1.6727036124144052,1.2297510650607475,-2.088650057891531,2.370740037310182,1.436093660051055,1.4657077484591379
6.674,-1.6727036124144052,1.2297510650607475,-2.088650057891531,2.370740037310182,1.436093660051055,1.4657077484591379
6.676,-1.6727036124144052,1.2297510650607475,-2.088650057891531,2.370740037310182,1.436093660051055,1.4657077484591379
6.678,-1.6727036124144052,1.2297510650607475,-2.088650057891531,2.370740037310182,1.436093660051055,1.4657077484591379
6.68,-1.6727036124144052,1.2297510650607475,-2.088650057891531,2.370740037310182,1.436093660051055,1.4657077484591379
6.682,-1.6727036124144052,1.2297510650607475,-2.088650057891531,2.370740037310182,1.436093660051055,1.4657077484591379
6.684,-1.6727036124144052,1.2297510650607475,-2.088650057891531,2.370740037310182,1.436093660051055,1.4657077484591379
6.686,-1.6727036124144052,1.2297510650607475,-2.088650057891531,2.370740037310182,1.436093660051055,1.4657077484591379
6.688,-1.6727036124144052,1.2297510650607475,-2.088650057891531,2.370740037310182,1.436093660051055,1.4657077484591379
6.69,-1.6727036124144052,1.2297510650607475,-2.088650057891531,2.370740037310182,1.436093660051055,1.4657077484591379
6.692,-1.6727036124144052,1.2297510650607475,-2.088650057891531,2.370740037310182,1.436093660051055,1.4657077484591379
6.694,-1.6727036124144052,1.2297510650607475,-2.088650057891531,2.370740037310182,1.436093660051055,1.4657077484591379
6.696,-1.6727036124144052,1.2297510650607475,-2.088650057891531,2.370740037310182,1.436093660051055,1.4657077484591379
6.698,-1.6727036124144052,1.2297510650607475,-2.088650057891531,2.370740037310182,1.436093660051055,1.4657077484591379
6.7,-1.6727036124144052,1.2297510650607475,-2.088650057891531,2.370740037310182,1.436093660051055,1.4657077484591379
6.702,-1.6727036124144052,1.2297510650607475,-2.088650057891531,2.370740037310182,1.436093660051055,1.4657077484591379
6.704,-1.6727036124144052,1.2297510650607475,-2.088650057891531,2.370740037310182,1.436093660051055,1.4657077484591379
6.706,-1.6727036124144052,1.2297510650607475,-2.088650057891531,2.370740037310182,1.436093660051055,1.4657077484591379
6.708,-1.6727036124144052,1.2297510650607475,-2.088650057891531,2.370740037310182,1.436093660051055,1.4657077484591379
6.71,-1.6727036124144052,1.2297510650607475,-2.088650057891531,2.370740037310182,1.436093660051055,1.4657077484591379
6.712,-1.6727036124144052,1.2297510650607475,-2.088650057891531,2.370740037310182,1.436093660051055,1.4657077484591379
6.714,-1.6727036124144052,1.2297510650607475,-2.088650057891531,2.370740037310182,1.436093660051055,1.4657077484591379
6.716,-1.6727036124144052,1.2297510650607475,-2.088650057891531,2.370740037310182,1.436093660051055,1.4657077484591379
6.718,-1.6727036124144052,1.2297510650607475,-2.088650057891531,2.370740037310182,1.436093660051055,1.4657077484591379
6.72,-1.6727036124144052,1.2297510650607475,-2.088650057891531,2.370740037310182,1.436093660051055,1.4657077484591379
6.722,-1.6727036124144052,1.2297510650607475,-2.088650057891531,2.370740037310182,1.436093660051055,1.4657077484591379
6.724,-1.6727036124144052,1.2297510650607475,-2.088650057891531,2.370740037310182,1.436093660051055,1.4657077484591379
6.726,-1.6727036124144052,1.2297510650607475,-2.088650057891531,2.370740037310182,1.436093660051055,1.4657077484591379
6.728,-1.6727036124144052,1.2297510650607475,-2.088650057891531,2.370740037310182,1.436093660051055,1.4657077484591379
6.73,-1.6727036124144052,1.2297510650607475,-2.088650057891531,2.370740037310182,1.436093660051055,1.4657077484591379
6.732,-1.6727036124144052,1.2297510650607475,-2.088650057891531,2.370740037310182,1.436093660051055,1.4657077484591379
6.734,-1.6727036124144052,1.2297510650607475,-2.088650057891531,2.370740037310182,1.436093660051055,1.4657077484591379
6.736,-1.6727036124144052,1.2297510650607475,-2.088650057891531,2.370740037310182,1.436093660051055,1.4657077484591379
6.738,-1.6727036124144052,1.2297510650607475,-2.088650057891531,2.370740037310182,1.436093660051055,1.4657077484591379
6.74,-1.6727036124144052,1.2297510650607475,-2.088650057891531,2.370740037310182,1.436093660051055,1.4657077484591379
6.742,-1.6727036124144052,1.2297510650607475,-2.088650057891531,2.370740037310182,1.436093660051055,1.4657077484591379
6.744,-1.6727036124144052,1.2297510650607475,-2.088650057891531,2.370740037310182,1.436093660051055,1.4657077484591379
6.746,-1.6727036124144052,1.2297510650607475,-2.088650057891531,2.370740037310182,1.436093660051055,1.4657077484591379
6.748,-1.6727036124144052,1.2297510650607475,-2.088650057891531,2.370740037310182,1.436093660051055,1.4657077484591379
6.75,-1.6727036124144052,1.2297510650607475,-2.088650057891531,2.370740037310182,1.436093660051055,1.4657077484591379
6.752,-1.6727036124144052,1.2297510650607475,-2.088650057891531,2.370740037310182,1.436093660051055,1.4657077484591379
6.7540000000000004,-1.6654325852994112,1.2279841258841924,-2.0882691475253887,2.3726177358487544,1.4209849528737704,1.4728858078639886
6.756,-1.6654325852994112,1.2279841258841924,-2.0882691475253887,2.3726177358487544,1.4209849528737704,1.4728858078639886
6.758,-1.6654325852994112,1.2279841258841924,-2.0882691475253887,2.3726177358487544,1.4209849528737704,1.4728858078639886
6.76,-1.6654325852994112,1.2279841258841924,-2.0882691475253887,2.3726177358487544,1.4209849528737704,1.4728858078639886
6.7620000000000005,-1.6654325852994112,1.2279841258841924,-2.0882691475253887,2.3726177358487544,1.4209849528737704,1.4728858078639886
6.764,-1.6654325852994112,1.2279841258841924,-2.0882691475253887,2.3726177358487544,1.4209849528737704,1.4728858078639886
6.766,-1.6654325852994112,1.2279841258841924,-2.0882691475253887,2.3726177358487544,1.4209849528737704,1.4728858078639886
6.768,-1.6654325852994112,1.2279841258841924,-2.0882691475253887,2.3726177358487544,1.4209849528737704,1.4728858078639886
6.7700000000000005,-1.6654325852994112,1.2279841258841924,-2.0882691475253887,2.3726177358487544,1.4209849528737704,1.4728858078639886
6.772,-1.6654325852994112,1.2279841258841924,-2.0882691475253887,2.3726177358487544,1.4209849528737704,1.4728858078639886
6.774,-1.6654325852994112,1.2279841258841924,-2.0882691475253887,2.3726177358487544,1.4209849528737704,1.4728858078639886
6.776,-1.6654325852994112,1.2279841258841924,-2.0882691475253887,2.3726177358487544,1.4209849528737704,1.4728858078639886
6.7780000000000005,-1.6654325852994112,1.2279841258841924,-2.0882691475253887,2.3726177358487544,1.4209849528737704,1.4728858078639886
6.78,-1.6654325852994112,1.2279841258841924,-2.0882691475253887,2.3726177358487544,1.4209849528737704,1.4728858078639886
6.782,-1.6654325852994112,1.2279841258841924,-2.0882691475253887,2.3726177358487544,1.4209849528737704,1.4728858078639886
6.784,-1.6654325852994112,1.2279841258841924,-2.0882691475253887,2.3726177358487544,1.4209849528737704,1.4728858078639886
6.7860000000000005,-1.6654325852994112,1.2279841258841924,-2.0882691475253887,2.3726177358487544,1.4209849528737704,1.4728858078639886
6.788,-1.6654325852994112,1.2279841258841924,-2.0882691475253887,2.3726177358487544,1.4209849528737704,1.4728858078639886
6.79,-1.6654325852994112,1.2279841258841924,-2.0882691475253887,2.3726177358487544,1.4209849528737704,1.4728858078639886
6.792,-1.6654325852994112,1.2279841258841924,-2.0882691475253887,2.3726177358487544,1.4209849528737704,1.4728858078639886
6.7940000000000005,-1.6654325852994112,1.2279841258841924,-2.0882691475253887,2.3726177358487544,1.4209849528737704,1.4728858078639886
6.796,-1.6654325852994112,1.2279841258841924,-2.0882691475253887,2.3726177358487544,1.4209849528737704,1.4728858078639886
6.798,-1.6654325852994112,1.2279841258841924,-2.0882691475253887,2.3726177358487544,1.4209849528737704,1.4728858078639886
6.8,-1.6654325852994112,1.2279841258841924,-2.0882691475253887,2.3726177358487544,1.4209849528737704,1.4728858078639886
6.8020000000000005,-1.6654325852994112,1.2279841258841924,-2.0882691475253887,2.3726177358487544,1.4209849528737704,1.4728858078639886
6.804,-1.6654325852994112,1.2279841258841924,-2.0882691475253887,2.3726177358487544,1.4209849528737704,1.4728858078639886
6.806,-1.6654325852994112,1.2279841258841924,-2.0882691475253887,2.3726177358487544,1.4209849528737704,1.4728858078639886
6.808,-1.6654325852994112,1.2279841258841924,-2.0882691475253887,2.3726177358487544,1.4209849528737704,1.4728858078639886
6.8100000000000005,-1.6654325852994112,1.2279841258841924,-2.0882691475253887,2.3726177358487544,1.4209849528737704,1.4728858078639886
6.812,-1.6654325852994112,1.2279841258841924,-2.0882691475253887,2.3726177358487544,1.4209849528737704,1.4728858078639886
6.814,-1.6654325852994112,1.2279841258841924,-2.0882691475253887,2.3726177358487544,1.4209849528737704,1.4728858078639886
6.816,-1.6654325852994112,1.2279841258841924,-2.0882691475253887,2.3726177358487544,1.4209849528737704,1.4728858078639886
6.8180000000000005,-1.6654325852994112,1.2279841258841924,-2.0882691475253887,2.3726177358487544,1.4209849528737704,1.4728858078639886
6.82,-1.6654325852994112,1.2279841258841924,-2.0882691475253887,2.3726177358487544,1.4209849528737704,1.4728858078639886
6.822,-1.6654325852994112,1.2279841258841924,-2.0882691475253887,2.3726177358487544,1.4209849528737704,1.4728858078639886
6.824,-1.6654325852994112,1.2279841258841924,-2.0882691475253887,2.3726177358487544,1.4209849528737704,1.4728858078639886
6.8260000000000005,-1.6654325852994112,1.2279841258841924,-2.0882691475253887,2.3726177358487544,1.4209849528737704,1.4728858078639886
6.828,-1.6654325852994112,1.2279841258841924,-2.0882691475253887,2.3726177358487544,1.4209849528737704,1.4728858078639886
6.83,-1.6654325852994112,1.2279841258841924,-2.0882691475253887,2.3726177358487544,1.4209849528737704,1.4728858078639886
6.832,-1.6654325852994112,1.2279841258841924,-2.0882691475253887,2.3726177358487544,1.4209849528737704,1.4728858078639886
6.8340000000000005,-1.6654325852994112,1.2279841258841924,-2.0882691475253887,2.3726177358487544,1.4209849528737704,1.4728858078639886
6.836,-1.6654325852994112,1.2279841258841924,-2.0882691475253887,2.3726177358487544,1.4209849528737704,1.4728858078639886
6.838,-1.6654325852994112,1.2279841258841924,-2.0882691475253887,2.3726177358487544,1.4209849528737704,1.4728858078639886
6.84,-1.6654325852994112,1.2279841258841924,-2.0882691475253887,2.3726177358487544,1.4209849528737704,1.4728858078639886
6.8420000000000005,-1.6654325852994112,1.2279841258841924,-2.0882691475253887,2.3726177358487544,1.4209849528737704,1.4728858078639886
6.844,-1.6654325852994112,1.2279841258841924,-2.0882691475253887,2.3726177358487544,1.4209849528737704,1.4728858078639886
6.846,-1.6654325852994112,1.2279841258841924,-2.0882691475253887,2.3726177358487544,1.4209849528737704,1.4728858078639886
6.848,-1.6654325852994112,1.2279841258841924,-2.0882691475253887,2.3726177358487544,1.4209849528737704,1.4728858078639886
6.8500000000000005,-1.6654325852994112,1.2279841258841924,-2.0882691475253887,2.3726177358487544,1.4209849528737704,1.4728858078639886
6.852,-1.6654325852994112,1.2279841258841924,-2.0882691475253887,2.3726177358487544,1.4209849528737704,1.4728858078639886
6.854,-1.6654325852994112,1.2279841258841924,-2.0882691475253887,2.3726177358487544,1.4209849528737704,1.4728858078639886
6.856,-1.6654325852994112,1.2279841258841924,-2.0882691475253887,2.3726177358487544,1.4209849528737704,1.4728858078639886
6.8580000000000005,-1.6654325852994112,1.2279841258841924,-2.0882691475253887,2.3726177358487544,1.4209849528737704,1.4728858078639886
6.86,-1.6654325852994112,1.2279841258841924,-2.0882691475253887,2.3726177358487544,1.4209849528737704,1.4728858078639886
6.862,-1.6654325852994112,1.2279841258841924,-2.0882691475253887,2.3726177358487544,1.4209849528737704,1.4728858078639886
6.864,-1.6654325852994112,1.2279841258841924,-2.0882691475253887,2.3726177358487544,1.4209849528737704,1.4728858078639886
6.8660000000000005,-1.6654325852994112,1.2279841258841924,-2.0882691475253887,2.3726177358487544,1.4209849528737704,1.4728858078639886
6.868,-1.6654325852994112,1.2279841258841924,-2.0882691475253887,2.3726177358487544,1.4209849528737704,1.4728858078639886
6.87,-1.6654325852994112,1.2279841258841924,-2.0882691475253887,2.3726177358487544,1.4209849528737704,1.4728858078639886
6.872,-1.6654325852994112,1.2279841258841924,-2.0882691475253887,2.3726177358487544,1.4209849528737704,1.4728858078639886
6.8740000000000006,-1.6654325852994112,1.2279841258841924,-2.0882691475253887,2.3726177358487544,1.4209849528737704,1.4728858078639886
6.876,-1.6654325852994112,1.2279841258841924,-2.0882691475253887,2.3726177358487544,1.4209849528737704,1.4728858078639886
6.878,-1.6654325852994112,1.2279841258841924,-2.0882691475253887,2.3726177358487544,1.4209849528737704,1.4728858078639886
6.88,-1.6654325852994112,1.2279841258841924,-2.0882691475253887,2.3726177358487544,1.4209849528737704,1.4728858078639886
6.882000000000001,-1.6654325852994112,1.2279841258841924,-2.0882691475253887,2.3726177358487544,1.4209849528737704,1.4728858078639886
6.884,-1.6654325852994112,1.2279841258841924,-2.0882691475253887,2.3726177358487544,1.4209849528737704,1.4728858078639886
6.886,-1.6654325852994112,1.2279841258841924,-2.0882691475253887,2.3726177358487544,1.4209849528737704,1.4728858078639886
6.888,-1.6654325852994112,1.2279841258841924,-2.0882691475253887,2.3726177358487544,1.4209849528737704,1.4728858078639886
6.890000000000001,-1.6654325852994112,1.2279841258841924,-2.0882691475253887,2.3726177358487544,1.4209849528737704,1.4728858078639886
6.892,-1.6654325852994112,1.2279841258841924,-2.0882691475253887,2.3726177358487544,1.4209849528737704,1.4728858078639886
6.894,-1.6654325852994112,1.2279841258841924,-2.0882691475253887,2.3726177358487544,1.4209849528737704,1.4728858078639886
6.896,-1.6654325852994112,1.2279841258841924,-2.0882691475253887,2.3726177358487544,1.4209849528737704,1.4728858078639886
6.898000000000001,-1.6654325852994112,1.2279841258841924,-2.0882691475253887,2.3726177358487544,1.4209849528737704,1.4728858078639886
6.9,-1.6654325852994112,1.2279841258841924,-2.0882691475253887,2.3726177358487544,1.4209849528737704,1.4728858078639886
6.902,-1.6654325852994112,1.2279841258841924,-2.0882691475253887,2.3726177358487544,1.4209849528737704,1.4728858078639886
6.904,-1.6577003478101702,1.2259839233231946,-2.0878169430600964,2.3744122461399684,1.404880062721082,1.4805452847325942
6.906000000000001,-1.6577003478101702,1.2259839233231946,-2.0878169430600964,2.3744122461399684,1.404880062721082,1.4805452847325942
6.908,-1.6577003478101702,1.2259839233231946,-2.0878169430600964,2.3744122461399684,1.404880062721082,1.4805452847325942
6.91,-1.6577003478101702,1.2259839233231946,-2.0878169430600964,2.3744122461399684,1.404880062721082,1.4805452847325942
6.912,-1.6577003478101702,1.2259839233231946,-2.0878169430600964,2.3744122461399684,1.404880062721082,1.4805452847325942
6.914,-1.6577003478101702,1.2259839233231946,-2.0878169430600964,2.3744122461399684,1.404880062721082,1.4805452847325942
6.916,-1.6577003478101702,1.2259839233231946,-2.0878169430600964,2.3744122461399684,1.404880062721082,1.4805452847325942
6.918,-1.6577003478101702,1.2259839233231946,-2.0878169430600964,2.3744122461399684,1.404880062721082,1.4805452847325942
6.92,-1.6577003478101702,1.2259839233231946,-2.0878169430600964,2.3744122461399684,1.404880062721082,1.4805452847325942
6.922,-1.6577003478101702,1.2259839233231946,-2.0878169430600964,2.3744122461399684,1.404880062721082,1.4805452847325942
6.924,-1.6577003478101702,1.2259839233231946,-2.0878169430600964,2.3744122461399684,1.404880062721082,1.4805452847325942
6.926,-1.6577003478101702,1.2259839233231946,-2.0878169430600964,2.3744122461399684,1.404880062721082,1.4805452847325942
6.928,-1.6577003478101702,1.2259839233231946,-2.0878169430600964,2.3744122461399684,1.404880062721082,1.4805452847325942
6.93,-1.6577003478101702,1.2259839233231946,-2.0878169430600964,2.3744122461399684,1.404880062721082,1.4805452847325942
6.932,-1.6577003478101702,1.2259839233231946,-2.0878169430600964,2.3744122461399684,1.404880062721082,1.4805452847325942
6.934,-1.6577003478101702,1.2259839233231946,-2.0878169430600964,2.3744122461399684,1.404880062721082,1.4805452847325942
6.936,-1.6577003478101702,1.2259839233231946,-2.0878169430600964,2.3744122461399684,1.404880062721082,1.4805452847325942
6.938,-1.6577003478101702,1.2259839233231946,-2.0878169430600964,2.3744122461399684,1.404880062721082,1.4805452847325942
6.94,-1.6577003478101702,1.2259839233231946,-2.0878169430600964,2.3744122461399684,1.404880062721082,1.4805452847325942
6.942,-1.6577003478101702,1.2259839233231946,-2.0878169430600964,2.3744122461399684,1.404880062721082,1.4805452847325942
6.944,-1.6577003478101702,1.2259839233231946,-2.0878169430600964,2.3744122461399684,1.404880062721082,1.4805452847325942
6.946,-1.6577003478101702,1.2259839233231946,-2.0878169430600964,2.3744122461399684,1.404880062721082,1.4805452847325942
6.948,-1.6577003478101702,1.2259839233231946,-2.0878169430600964,2.3744122461399684,1.404880062721082,1.4805452847325942
6.95,-1.6577003478101702,1.2259839233231946,-2.0878169430600964,2.3744122461399684,1.404880062721082,1.4805452847325942
6.952,-1.6577003478101702,1.2259839233231946,-2.0878169430600964,2.3744122461399684,1.404880062721082,1.4805452847325942
6.954,-1.6577003478101702,1.2259839233231946,-2.0878169430600964,2.3744122461399684,1.404880062721082,1.4805452847325942
6.956,-1.6577003478101702,1.2259839233231946,-2.0878169430600964,2.3744122461399684,1.404880062721082,1.4805452847325942
6.958,-1.6577003478101702,1.2259839233231946,-2.0878169430600964,2.3744122461399684,1.404880062721082,1.4805452847325942
6.96,-1.6577003478101702,1.2259839233231946,-2.0878169430600964,2.3744122461399684,1.404880062721082,1.4805452847325942
6.962,-1.6577003478101702,1.2259839233231946,-2.0878169430600964,2.3744122461399684,1.404880062721082,1.4805452847325942
6.964,-1.6577003478101702,1.2259839233231946,-2.0878169430600964,2.3744122461399684,1.404880062721082,1.4805452847325942
6.966,-1.6577003478101702,1.2259839233231946,-2.0878169430600964,2.3744122461399684,1.404880062721082,1.4805452847325942
6.968,-1.6577003478101702,1.2259839233231946,-2.0878169430600964,2.3744122461399684,1.404880062721082,1.4805452847325942
6.97,-1.6577003478101702,1.2259839233231946,-2.0878169430600964,2.3744122461399684,1.404880062721082,1.4805452847325942
6.972,-1.6577003478101702,1.2259839233231946,-2.0878169430600964,2.3744122461399684,1.404880062721082,1.4805452847325942
6.974,-1.6577003478101702,1.2259839233231946,-2.0878169430600964,2.3744122461399684,1.404880062721082,1.4805452847325942
6.976,-1.6577003478101702,1.2259839233231946,-2.0878169430600964,2.3744122461399684,1.404880062721082,1.4805452847325942
6.978,-1.6577003478101702,1.2259839233231946,-2.0878169430600964,2.3744122461399684,1.404880062721082,1.4805452847325942
6.98,-1.6577003478101702,1.2259839233231946,-2.0878169430600964,2.3744122461399684,1.404880062721082,1.4805452847325942
6.982,-1.6577003478101702,1.2259839233231946,-2.0878169430600964,2.3744122461399684,1.404880062721082,1.4805452847325942
6.984,-1.6577003478101702,1.2259839233231946,-2.0878169430600964,2.3744122461399684,1.404880062721082,1.4805452847325942
6.986,-1.6577003478101702,1.2259839233231946,-2.0878169430600964,2.3744122461399684,1.404880062721082,1.4805452847325942
6.988,-1.6577003478101702,1.2259839233231946,-2.0878169430600964,2.3744122461399684,1.404880062721082,1.4805452847325942
6.99,-1.6577003478101702,1.2259839233231946,-2.0878169430600964,2.3744122461399684,1.404880062721082,1.4805452847325942
6.992,-1.6577003478101702,1.2259839233231946,-2.0878169430600964,2.3744122461399684,1.404880062721082,1.4805452847325942
6.994,-1.6577003478101702,1.2259839233231946,-2.0878169430600964,2.3744122461399684,1.404880062721082,1.4805452847325942
6.996,-1.6577003478101702,1.2259839233231946,-2.0878169430600964,2.3744122461399684,1.404880062721082,1.4805452847325942
6.998,-1.6577003478101702,1.2259839233231946,-2.0878169430600964,2.3744122461399684,1.404880062721082,1.4805452847325942
7.0,-1.6577003478101702,1.2259839233231946,-2.0878169430600964,2.3744122461399684,1.404880062721082,1.4805452847325942
7.002,-1.6577003478101702,1.2259839233231946,-2.0878169430600964,2.3744122461399684,1.404880062721082,1.4805452847325942
7.0040000000000004,-1.6577003478101702,1.2259839233231946,-2.0878169430600964,2.3744122461399684,1.404880062721082,1.4805452847325942
7.006,-1.6577003478101702,1.2259839233231946,-2.0878169430600964,2.3744122461399684,1.404880062721082,1.4805452847325942
7.008,-1.6577003478101702,1.2259839233231946,-2.0878169430600964,2.3744122461399684,1.404880062721082,1.4805452847325942
7.01,-1.6577003478101702,1.2259839233231946,-2.0878169430600964,2.3744122461399684,1.404880062721082,1.4805452847325942
7.0120000000000005,-1.6577003478101702,1.2259839233231946,-2.0878169430600964,2.3744122461399684,1.404880062721082,1.4805452847325942
7.014,-1.6577003478101702,1.2259839233231946,-2.0878169430600964,2.3744122461399684,1.404880062721082,1.4805452847325942
7.016,-1.6577003478101702,1.2259839233231946,-2.0878169430600964,2.3744122461399684,1.404880062721082,1.4805452847325942
7.018,-1.6577003478101702,1.2259839233231946,-2.0878169430600964,2.3744122461399684,1.404880062721082,1.4805452847325942
7.0200000000000005,-1.6577003478101702,1.2259839233231946,-2.0878169430600964,2.3744122461399684,1.404880062721082,1.4805452847325942
7.022,-1.6577003478101702,1.2259839233231946,-2.0878169430600964,2.3744122461399684,1.404880062721082,1.4805452847325942
7.024,-1.6577003478101702,1.2259839233231946,-2.0878169430600964,2.3744122461399684,1.404880062721082,1.4805452847325942
7.026,-1.6577003478101702,1.2259839233231946,-2.0878169430600964,2.3744122461399684,1.404880062721082,1.4805452847325942
7.0280000000000005,-1.6577003478101702,1.2259839233231946,-2.0878169430600964,2.3744122461399684,1.404880062721082,1.4805452847325942
7.03,-1.6577003478101702,1.2259839233231946,-2.0878169430600964,2.3744122461399684,1.404880062721082,1.4805452847325942
7.032,-1.6577003478101702,1.2259839233231946,-2.0878169430600964,2.3744122461399684,1.404880062721082,1.4805452847325942
7.034,-1.6577003478101702,1.2259839233231946,-2.0878169430600964,2.3744122461399684,1.404880062721082,1.4805452847325942
7.0360000000000005,-1.6577003478101702,1.2259839233231946,-2.0878169430600964,2.3744122461399684,1.404880062721082,1.4805452847325942
7.038,-1.6577003478101702,1.2259839233231946,-2.0878169430600964,2.3744122461399684,1.404880062721082,1.4805452847325942
7.04,-1.6577003478101702,1.2259839233231946,-2.0878169430600964,2.3744122461399684,1.404880062721082,1.4805452847325942
7.042,-1.6577003478101702,1.2259839233231946,-2.0878169430600964,2.3744122461399684,1.404880062721082,1.4805452847325942
7.0440000000000005,-1.6577003478101702,1.2259839233231946,-2.0878169430600964,2.3744122461399684,1.404880062721082,1.4805452847325942
7.046,-1.6577003478101702,1.2259839233231946,-2.0878169430600964,2.3744122461399684,1.404880062721082,1.4805452847325942
7.048,-1.6577003478101702,1.2259839233231946,-2.0878169430600964,2.3744122461399684,1.404880062721082,1.4805452847325942
7.05,-1.6577003478101702,1.2259839233231946,-2.0878169430600964,2.3744122461399684,1.404880062721082,1.4805452847325942
7.0520000000000005,-1.6577003478101702,1.2259839233231946,-2.0878169430600964,2.3744122461399684,1.404880062721082,1.4805452847325942
7.054,-1.6577003478101702,1.2259839233231946,-2.0878169430600964,2.3744122461399684,1.404880062721082,1.4805452847325942
7.056,-1.6577003478101702,1.2259839233231946,-2.0878169430600964,2.3744122461399684,1.404880062721082,1.4805452847325942
7.058,-1.6577003478101702,1.2259839233231946,-2.0878169430600964,2.3744122461399684,1.404880062721082,1.4805452847325942
7.0600000000000005,-1.6577003478101702,1.2259839233231946,-2.0878169430600964,2.3744122461399684,1.404880062721082,1.4805452847325942
7.062,-1.649668168359505,1.2237580874087486,-2.0872827971532533,2.3761204802179847,1.3880573110860204,1.488525433095417
7.064,-1.649668168359505,1.2237580874087486,-2.0872827971532533,2.3761204802179847,1.3880573110860204,1.488525433095417
7.066,-1.649668168359505,1.2237580874087486,-2.0872827971532533,2.3761204802179847,1.3880573110860204,1.488525433095417
7.0680000000000005,-1.649668168359505,1.2237580874087486,-2.0872827971532533,2.3761204802179847,1.3880573110860204,1.488525433095417
7.07,-1.649668168359505,1.2237580874087486,-2.0872827971532533,2.3761204802179847,1.3880573110860204,1.488525433095417
7.072,-1.649668168359505,1.2237580874087486,-2.0872827971532533,2.3761204802179847,1.3880573110860204,1.488525433095417
7.074,-1.649668168359505,1.2237580874087486,-2.0872827971532533,2.3761204802179847,1.3880573110860204,1.488525433095417
7.0760000000000005,-1.649668168359505,1.2237580874087486,-2.0872827971532533,2.3761204802179847,1.3880573110860204,1.488525433095417
7.078,-1.649668168359505,1.2237580874087486,-2.0872827971532533,2.3761204802179847,1.3880573110860204,1.488525433095417
7.08,-1.649668168359505,1.2237580874087486,-2.0872827971532533,2.3761204802179847,1.3880573110860204,1.488525433095417
7.082,-1.649668168359505,1.2237580874087486,-2.0872827971532533,2.3761204802179847,1.3880573110860204,1.488525433095417
7.0840000000000005,-1.649668168359505,1.2237580874087486,-2.0872827971532533,2.3761204802179847,1.3880573110860204,1.488525433095417
7.086,-1.649668168359505,1.2237580874087486,-2.0872827971532533,2.3761204802179847,1.3880573110860204,1.488525433095417
7.088,-1.649668168359505,1.2237580874087486,-2.0872827971532533,2.3761204802179847,1.3880573110860204,1.488525433095417
7.09,-1.649668168359505,1.2237580874087486,-2.0872827971532533,2.3761204802179847,1.3880573110860204,1.488525433095417
7.0920000000000005,-1.649668168359505,1.2237580874087486,-2.0872827971532533,2.3761204802179847,1.3880573110860204,1.488525433095417
7.094,-1.649668168359505,1.2237580874087486,-2.0872827971532533,2.3761204802179847,1.3880573110860204,1.488525433095417
7.096,-1.649668168359505,1.2237580874087486,-2.0872827971532533,2.3761204802179847,1.3880573110860204,1.488525433095417
7.098,-1.649668168359505,1.2237580874087486,-2.0872827971532533,2.3761204802179847,1.3880573110860204,1.488525433095417
7.1000000000000005,-1.649668168359505,1.2237580874087486,-2.0872827971532533,2.3761204802179847,1.3880573110860204,1.488525433095417
7.102,-1.649668168359505,1.2237580874087486,-2.0872827971532533,2.3761204802179847,1.3880573110860204,1.488525433095417
7.104,-1.649668168359505,1.2237580874087486,-2.0872827971532533,2.3761204802179847,1.3880573110860204,1.488525433095417
7.106,-1.649668168359505,1.2237580874087486,-2.0872827971532533,2.3761204802179847,1.3880573110860204,1.488525433095417
7.1080000000000005,-1.649668168359505,1.2237580874087486,-2.0872827971532533,2.3761204802179847,1.3880573110860204,1.488525433095417
7.11,-1.649668168359505,1.2237580874087486,-2.0872827971532533,2.3761204802179847,1.3880573110860204,1.488525433095417
7.112,-1.649668168359505,1.2237580874087486,-2.0872827971532533,2.3761204802179847,1.3880573110860204,1.488525433095417
7.114,-1.649668168359505,1.2237580874087486,-2.0872827971532533,2.3761204802179847,1.3880573110860204,1.488525433095417
7.1160000000000005,-1.649668168359505,1.2237580874087486,-2.0872827971532533,2.3761204802179847,1.3880573110860204,1.488525433095417
7.118,-1.649668168359505,1.2237580874087486,-2.0872827971532533,2.3761204802179847,1.3880573110860204,1.488525433095417
7.12,-1.649668168359505,1.2237580874087486,-2.0872827971532533,2.3761204802179847,1.3880573110860204,1.488525433095417
7.122,-1.649668168359505,1.2237580874087486,-2.0872827971532533,2.3761204802179847,1.3880573110860204,1.488525433095417
7.1240000000000006,-1.649668168359505,1.2237580874087486,-2.0872827971532533,2.3761204802179847,1.3880573110860204,1.488525433095417
7.126,-1.649668168359505,1.2237580874087486,-2.0872827971532533,2.3761204802179847,1.3880573110860204,1.488525433095417
7.128,-1.649668168359505,1.2237580874087486,-2.0872827971532533,2.3761204802179847,1.3880573110860204,1.488525433095417
7.13,-1.649668168359505,1.2237580874087486,-2.0872827971532533,2.3761204802179847,1.3880573110860204,1.488525433095417
7.132000000000001,-1.649668168359505,1.2237580874087486,-2.0872827971532533,2.3761204802179847,1.3880573110860204,1.488525433095417
7.134,-1.649668168359505,1.2237580874087486,-2.0872827971532533,2.3761204802179847,1.3880573110860204,1.488525433095417
7.136,-1.649668168359505,1.2237580874087486,-2.0872827971532533,2.3761204802179847,1.3880573110860204,1.488525433095417
7.138,-1.649668168359505,1.2237580874087486,-2.0872827971532533,2.3761204802179847,1.3880573110860204,1.488525433095417
7.140000000000001,-1.649668168359505,1.2237580874087486,-2.0872827971532533,2.3761204802179847,1.3880573110860204,1.488525433095417
7.142,-1.649668168359505,1.2237580874087486,-2.0872827971532533,2.3761204802179847,1.3880573110860204,1.488525433095417
7.144,-1.649668168359505,1.2237580874087486,-2.0872827971532533,2.3761204802179847,1.3880573110860204,1.488525433095417
7.146,-1.649668168359505,1.2237580874087486,-2.0872827971532533,2.3761204802179847,1.3880573110860204,1.488525433095417
7.148000000000001,-1.649668168359505,1.2237580874087486,-2.0872827971532533,2.3761204802179847,1.3880573110860204,1.488525433095417
7.15,-1.649668168359505,1.2237580874087486,-2.0872827971532533,2.3761204802179847,1.3880573110860204,1.488525433095417
7.152,-1.649668168359505,1.2237580874087486,-2.0872827971532533,2.3761204802179847,1.3880573110860204,1.488525433095417
7.154,-1.649668168359505,1.2237580874087486,-2.0872827971532533,2.3761204802179847,1.3880573110860204,1.488525433095417
7.156000000000001,-1.649668168359505,1.2237580874087486,-2.0872827971532533,2.3761204802179847,1.3880573110860204,1.488525433095417
7.158,-1.649668168359505,1.2237580874087486,-2.0872827971532533,2.3761204802179847,1.3880573110860204,1.488525433095417
7.16,-1.649668168359505,1.2237580874087486,-2.0872827971532533,2.3761204802179847,1.3880573110860204,1.488525433095417
7.162,-1.649668168359505,1.2237580874087486,-2.0872827971532533,2.3761204802179847,1.3880573110860204,1.488525433095417
7.164000000000001,-1.649668168359505,1.2237580874087486,-2.0872827971532533,2.3761204802179847,1.3880573110860204,1.488525433095417
7.166,-1.649668168359505,1.2237580874087486,-2.0872827971532533,2.3761204802179847,1.3880573110860204,1.488525433095417
7.168,-1.649668168359505,1.2237580874087486,-2.0872827971532533,2.3761204802179847,1.3880573110860204,1.488525433095417
7.17,-1.649668168359505,1.2237580874087486,-2.0872827971532533,2.3761204802179847,1.3880573110860204,1.488525433095417
7.172,-1.649668168359505,1.2237580874087486,-2.0872827971532533,2.3761204802179847,1.3880573110860204,1.488525433095417
7.174,-1.649668168359505,1.2237580874087486,-2.0872827971532533,2.3761204802179847,1.3880573110860204,1.488525433095417
7.176,-1.649668168359505,1.2237580874087486,-2.0872827971532533,2.3761204802179847,1.3880573110860204,1.488525433095417
7.178,-1.649668168359505,1.2237580874087486,-2.0872827971532533,2.3761204802179847,1.3880573110860204,1.488525433095417
7.18,-1.649668168359505,1.2237580874087486,-2.0872827971532533,2.3761204802179847,1.3880573110860204,1.488525433095417
7.182,-1.649668168359505,1.2237580874087486,-2.0872827971532533,2.3761204802179847,1.3880573110860204,1.488525433095417
7.184,-1.649668168359505,1.2237580874087486,-2.0872827971532533,2.3761204802179847,1.3880573110860204,1.488525433095417
7.186,-1.649668168359505,1.2237580874087486,-2.0872827971532533,2.3761204802179847,1.3880573110860204,1.488525433095417
7.188,-1.649668168359505,1.2237580874087486,-2.0872827971532533,2.3761204802179847,1.3880573110860204,1.488525433095417
7.19,-1.649668168359505,1.2237580874087486,-2.0872827971532533,2.3761204802179847,1.3880573110860204,1.488525433095417
7.192,-1.649668168359505,1.2237580874087486,-2.0872827971532533,2.3761204802179847,1.3880573110860204,1.488525433095417
7.194,-1.649668168359505,1.2237580874087486,-2.0872827971532533,2.3761204802179847,1.3880573110860204,1.488525433095417
7.196,-1.649668168359505,1.2237580874087486,-2.0872827971532533,2.3761204802179847,1.3880573110860204,1.488525433095417
7.198,-1.649668168359505,1.2237580874087486,-2.0872827971532533,2.3761204802179847,1.3880573110860204,1.488525433095417
7.2,-1.649668168359505,1.2237580874087486,-2.0872827971532533,2.3761204802179847,1.3880573110860204,1.488525433095417
7.202,-1.649668168359505,1.2237580874087486,-2.0872827971532533,2.3761204802179847,1.3880573110860204,1.488525433095417
7.204,-1.649668168359505,1.2237580874087486,-2.0872827971532533,2.3761204802179847,1.3880573110860204,1.488525433095417
7.206,-1.649668168359505,1.2237580874087486,-2.0872827971532533,2.3761204802179847,1.3880573110860204,1.488525433095417
7.208,-1.649668168359505,1.2237580874087486,-2.0872827971532533,2.3761204802179847,1.3880573110860204,1.488525433095417
7.21,-1.649668168359505,1.2237580874087486,-2.0872827971532533,2.3761204802179847,1.3880573110860204,1.488525433095417
7.212,-1.649668168359505,1.2237580874087486,-2.0872827971532533,2.3761204802179847,1.3880573110860204,1.488525433095417
7.214,-1.649668168359505,1.2237580874087486,-2.0872827971532533,2.3761204802179847,1.3880573110860204,1.488525433095417
7.216,-1.649668168359505,1.2237580874087486,-2.0872827971532533,2.3761204802179847,1.3880573110860204,1.488525433095417
7.218,-1.649668168359505,1.2237580874087486,-2.0872827971532533,2.3761204802179847,1.3880573110860204,1.488525433095417
7.22,-1.649668168359505,1.2237580874087486,-2.0872827971532533,2.3761204802179847,1.3880573110860204,1.488525433095417
7.222,-1.649668168359505,1.2237580874087486,-2.0872827971532533,2.3761204802179847,1.3880573110860204,1.488525433095417
7.224,-1.649668168359505,1.2237580874087486,-2.0872827971532533,2.3761204802179847,1.3880573110860204,1.488525433095417
7.226,-1.649668168359505,1.2237580874087486,-2.0872827971532533,2.3761204802179847,1.3880573110860204,1.488525433095417
7.228,-1.6412304838151328,1.2212662417629552,-2.086666281107806,2.377732676862298,1.3702834976258584,1.4969450453522117
7.23,-1.6412304838151328,1.2212662417629552,-2.086666281107806,2.377732676862298,1.3702834976258584,1.4969450453522117
7.232,-1.6412304838151328,1.2212662417629552,-2.086666281107806,2.377732676862298,1.3702834976258584,1.4969450453522117
7.234,-1.6412304838151328,1.2212662417629552,-2.086666281107806,2.377732676862298,1.3702834976258584,1.4969450453522117
7.236,-1.6412304838151328,1.2212662417629552,-2.086666281107806,2.377732676862298,1.3702834976258584,1.4969450453522117
7.238,-1.6412304838151328,1.2212662417629552,-2.086666281107806,2.377732676862298,1.3702834976258584,1.4969450453522117
7.24,-1.6412304838151328,1.2212662417629552,-2.086666281107806,2.377732676862298,1.3702834976258584,1.4969450453522117
7.242,-1.6412304838151328,1.2212662417629552,-2.086666281107806,2.377732676862298,1.3702834976258584,1.4969450453522117
7.244,-1.6412304838151328,1.2212662417629552,-2.086666281107806,2.377732676862298,1.3702834976258584,1.4969450453522117
7.246,-1.6412304838151328,1.2212662417629552,-2.086666281107806,2.377732676862298,1.3702834976258584,1.4969450453522117
7.248,-1.6412304838151328,1.2212662417629552,-2.086666281107806,2.377732676862298,1.3702834976258584,1.4969450453522117
7.25,-1.6412304838151328,1.2212662417629552,-2.086666281107806,2.377732676862298,1.3702834976258584,1.4969450453522117
7.252,-1.6412304838151328,1.2212662417629552,-2.086666281107806,2.377732676862298,1.3702834976258584,1.4969450453522117
7.2540000000000004,-1.6412304838151328,1.2212662417629552,-2.086666281107806,2.377732676862298,1.3702834976258584,1.4969450453522117
7.256,-1.6412304838151328,1.2212662417629552,-2.086666281107806,2.377732676862298,1.3702834976258584,1.4969450453522117
7.258,-1.6412304838151328,1.2212662417629552,-2.086666281107806,2.377732676862298,1.3702834976258584,1.4969450453522117
7.26,-1.6412304838151328,1.2212662417629552,-2.086666281107806,2.377732676862298,1.3702834976258584,1.4969450453522117
7.2620000000000005,-1.6412304838151328,1.2212662417629552,-2.086666281107806,2.377732676862298,1.3702834976258584,1.4969450453522117
7.264,-1.6412304838151328,1.2212662417629552,-2.086666281107806,2.377732676862298,1.3702834976258584,1.4969450453522117
7.266,-1.6412304838151328,1.2212662417629552,-2.086666281107806,2.377732676862298,1.3702834976258584,1.4969450453522117
7.268,-1.6412304838151328,1.2212662417629552,-2.086666281107806,2.377732676862298,1.3702834976258584,1.4969450453522117
7.2700000000000005,-1.6412304838151328,1.2212662417629552,-2.086666281107806,2.377732676862298,1.3702834976258584,1.4969450453522117
7.272,-1.6412304838151328,1.2212662417629552,-2.086666281107806,2.377732676862298,1.3702834976258584,1.4969450453522117
7.274,-1.6412304838151328,1.2212662417629552,-2.086666281107806,2.377732676862298,1.3702834976258584,1.4969450453522117
7.276,-1.6412304838151328,1.2212662417629552,-2.086666281107806,2.377732676862298,1.3702834976258584,1.4969450453522117
7.2780000000000005,-1.6412304838151328,1.2212662417629552,-2.086666281107806,2.377732676862298,1.3702834976258584,1.4969450453522117
7.28,-1.6412304838151328,1.2212662417629552,-2.086666281107806,2.377732676862298,1.3702834976258584,1.4969450453522117
7.282,-1.6412304838151328,1.2212662417629552,-2.086666281107806,2.377732676862298,1.3702834976258584,1.4969450453522117
7.284,-1.6412304838151328,1.2212662417629552,-2.086666281107806,2.377732676862298,1.3702834976258584,1.4969450453522117
7.2860000000000005,-1.6412304838151328,1.2212662417629552,-2.086666281107806,2.377732676862298,1.3702834976258584,1.4969450453522117
7.288,-1.6412304838151328,1.2212662417629552,-2.086666281107806,2.377732676862298,1.3702834976258584,1.4969450453522117
7.29,-1.6412304838151328,1.2212662417629552,-2.086666281107806,2.377732676862298,1.3702834976258584,1.4969450453522117
7.292,-1.6412304838151328,1.2212662417629552,-2.086666281107806,2.377732676862298,1.3702834976258584,1.4969450453522117
7.2940000000000005,-1.6412304838151328,1.2212662417629552,-2.086666281107806,2.377732676862298,1.3702834976258584,1.4969450453522117
7.296,-1.6412304838151328,1.2212662417629552,-2.086666281107806,2.377732676862298,1.3702834976258584,1.4969450453522117
7.298,-1.6412304838151328,1.2212662417629552,-2.086666281107806,2.377732676862298,1.3702834976258584,1.4969450453522117
7.3,-1.6412304838151328,1.2212662417629552,-2.086666281107806,2.377732676862298,1.3702834976258584,1.4969450453522117
7.3020000000000005,-1.6412304838151328,1.2212662417629552,-2.086666281107806,2.377732676862298,1.3702834976258584,1.4969450453522117
7.304,-1.6412304838151328,1.2212662417629552,-2.086666281107806,2.377732676862298,1.3702834976258584,1.4969450453522117
7.306,-1.6412304838151328,1.2212662417629552,-2.086666281107806,2.377732676862298,1.3702834976258584,1.4969450453522117
7.308,-1.6412304838151328,1.2212662417629552,-2.086666281107806,2.377732676862298,1.3702834976258584,1.4969450453522117
7.3100000000000005,-1.6412304838151328,1.2212662417629552,-2.086666281107806,2.377732676862298,1.3702834976258584,1.4969450453522117
7.312,-1.6412304838151328,1.2212662417629552,-2.086666281107806,2.377732676862298,1.3702834976258584,1.4969450453522117
7.314,-1.6412304838151328,1.2212662417629552,-2.086666281107806,2.377732676862298,1.3702834976258584,1.4969450453522117
7.316,-1.6412304838151328,1.2212662417629552,-2.086666281107806,2.377732676862298,1.3702834976258584,1.4969450453522117
7.3180000000000005,-1.6412304838151328,1.2212662417629552,-2.086666281107806,2.377732676862298,1.3702834976258584,1.4969450453522117
7.32,-1.6412304838151328,1.2212662417629552,-2.086666281107806,2.377732676862298,1.3702834976258584,1.4969450453522117
7.322,-1.6412304838151328,1.2212662417629552,-2.086666281107806,2.377732676862298,1.3702834976258584,1.4969450453522117
7.324,-1.6412304838151328,1.2212662417629552,-2.086666281107806,2.377732676862298,1.3702834976258584,1.4969450453522117
7.3260000000000005,-1.6412304838151328,1.2212662417629552,-2.086666281107806,2.377732676862298,1.3702834976258584,1.4969450453522117
7.328,-1.6412304838151328,1.2212662417629552,-2.086666281107806,2.377732676862298,1.3702834976258584,1.4969450453522117
7.33,-1.6412304838151328,1.2212662417629552,-2.086666281107806,2.377732676862298,1.3702834976258584,1.4969450453522117
7.332,-1.6412304838151328,1.2212662417629552,-2.086666281107806,2.377732676862298,1.3702834976258584,1.4969450453522117
7.3340000000000005,-1.6412304838151328,1.2212662417629552,-2.086666281107806,2.377732676862298,1.3702834976258584,1.4969450453522117
7.336,-1.6412304838151328,1.2212662417629552,-2.086666281107806,2.377732676862298,1.3702834976258584,1.4969450453522117
7.338,-1.6412304838151328,1.2212662417629552,-2.086666281107806,2.377732676862298,1.3702834976258584,1.4969450453522117
7.34,-1.6412304838151328,1.2212662417629552,-2.086666281107806,2.377732676862298,1.3702834976258584,1.4969450453522117
7.3420000000000005,-1.6412304838151328,1.2212662417629552,-2.086666281107806,2.377732676862298,1.3702834976258584,1.4969450453522117
7.344,-1.6412304838151328,1.2212662417629552,-2.086666281107806,2.377732676862298,1.3702834976258584,1.4969450453522117
7.346,-1.6412304838151328,1.2212662417629552,-2.086666281107806,2.377732676862298,1.3702834976258584,1.4969450453522117
7.348,-1.6412304838151328,1.2212662417629552,-2.086666281107806,2.377732676862298,1.3702834976258584,1.4969450453522117
7.3500000000000005,-1.6412304838151328,1.2212662417629552,-2.086666281107806,2.377732676862298,1.3702834976258584,1.4969450453522117
7.352,-1.6412304838151328,1.2212662417629552,-2.086666281107806,2.377732676862298,1.3702834976258584,1.4969450453522117
7.354,-1.6412304838151328,1.2212662417629552,-2.086666281107806,2.377732676862298,1.3702834976258584,1.4969450453522117
7.356,-1.6412304838151328,1.2212662417629552,-2.086666281107806,2.377732676862298,1.3702834976258584,1.4969450453522117
7.3580000000000005,-1.6412304838151328,1.2212662417629552,-2.086666281107806,2.377732676862298,1.3702834976258584,1.4969450453522117
7.36,-1.6412304838151328,1.2212662417629552,-2.086666281107806,2.377732676862298,1.3702834976258584,1.4969450453522117
7.362,-1.6412304838151328,1.2212662417629552,-2.086666281107806,2.377732676862298,1.3702834976258584,1.4969450453522117
7.364,-1.6412304838151328,1.2212662417629552,-2.086666281107806,2.377732676862298,1.3702834976258584,1.4969450453522117
7.3660000000000005,-1.6412304838151328,1.2212662417629552,-2.086666281107806,2.377732676862298,1.3702834976258584,1.4969450453522117
7.368,-1.6412304838151328,1.2212662417629552,-2.086666281107806,2.377732676862298,1.3702834976258584,1.4969450453522117
7.37,-1.6412304838151328,1.2212662417629552,-2.086666281107806,2.377732676862298,1.3702834976258584,1.4969450453522117
7.372,-1.6412304838151328,1.2212662417629552,-2.086666281107806,2.377732676862298,1.3702834976258584,1.4969450453522117
7.3740000000000006,-1.6412304838151328,1.2212662417629552,-2.086666281107806,2.377732676862298,1.3702834976258584,1.4969450453522117
7.376,-1.6412304838151328,1.2212662417629552,-2.086666281107806,2.377732676862298,1.3702834976258584,1.4969450453522117
7.378,-1.6412304838151328,1.2212662417629552,-2.086666281107806,2.377732676862298,1.3702834976258584,1.4969450453522117
7.38,-1.6412304838151328,1.2212662417629552,-2.086666281107806,2.377732676862298,1.3702834976258584,1.4969450453522117
7.382000000000001,-1.6412304838151328,1.2212662417629552,-2.086666281107806,2.377732676862298,1.3702834976258584,1.4969450453522117
7.384,-1.6412304838151328,1.2212662417629552,-2.086666281107806,2.377732676862298,1.3702834976258584,1.4969450453522117
7.386,-1.6412304838151328,1.2212662417629552,-2.086666281107806,2.377732676862298,1.3702834976258584,1.4969450453522117
7.388,-1.6412304838151328,1.2212662417629552,-2.086666281107806,2.377732676862298,1.3702834976258584,1.4969450453522117
7.390000000000001,-1.6412304838151328,1.2212662417629552,-2.086666281107806,2.377732676862298,1.3702834976258584,1.4969450453522117
7.392,-1.6412304838151328,1.2212662417629552,-2.086666281107806,2.377732676862298,1.3702834976258584,1.4969450453522117
7.394,-1.6412304838151328,1.2212662417629552,-2.086666281107806,2.377732676862298,1.3702834976258584,1.4969450453522117
7.396,-1.6412304838151328,1.2212662417629552,-2.086666281107806,2.377732676862298,1.3702834976258584,1.4969450453522117
7.398000000000001,-1.6412304838151328,1.2212662417629552,-2.086666281107806,2.377732676862298,1.3702834976258584,1.4969450453522117
7.4,-1.6412304838151328,1.2212662417629552,-2.086666281107806,2.377732676862298,1.3702834976258584,1.4969450453522117
7.402,-1.632508707158804,1.21851354541561,-2.0859529628600018,2.379234043711946,1.3517638045578613,1.5056886708437904
7.404,-1.632508707158804,1.21851354541561,-2.0859529628600018,2.379234043711946,1.3517638045578613,1.5056886708437904
7.406000000000001,-1.632508707158804,1.21851354541561,-2.0859529628600018,2.379234043711946,1.3517638045578613,1.5056886708437904
7.408,-1.632508707158804,1.21851354541561,-2.0859529628600018,2.379234043711946,1.3517638045578613,1.5056886708437904
7.41,-1.632508707158804,1.21851354541561,-2.0859529628600018,2.379234043711946,1.3517638045578613,1.5056886708437904
7.412,-1.632508707158804,1.21851354541561,-2.0859529628600018,2.379234043711946,1.3517638045578613,1.5056886708437904
7.414000000000001,-1.632508707158804,1.21851354541561,-2.0859529628600018,2.379234043711946,1.3517638045578613,1.5056886708437904
7.416,-1.632508707158804,1.21851354541561,-2.0859529628600018,2.379234043711946,1.3517638045578613,1.5056886708437904
7.418,-1.632508707158804,1.21851354541561,-2.0859529628600018,2.379234043711946,1.3517638045578613,1.5056886708437904
7.42,-1.632508707158804,1.21851354541561,-2.0859529628600018,2.379234043711946,1.3517638045578613,1.5056886708437904
7.422000000000001,-1.632508707158804,1.21851354541561,-2.0859529628600018,2.379234043711946,1.3517638045578613,1.5056886708437904
7.424,-1.632508707158804,1.21851354541561,-2.0859529628600018,2.379234043711946,1.3517638045578613,1.5056886708437904
7.426,-1.632508707158804,1.21851354541561,-2.0859529628600018,2.379234043711946,1.3517638045578613,1.5056886708437904
7.428,-1.632508707158804,1.21851354541561,-2.0859529628600018,2.379234043711946,1.3517638045578613,1.5056886708437904
7.43,-1.632508707158804,1.21851354541561,-2.0859529628600018,2.379234043711946,1.3517638045578613,1.5056886708437904
7.432,-1.632508707158804,1.21851354541561,-2.0859529628600018,2.379234043711946,1.3517638045578613,1.5056886708437904
7.434,-1.632508707158804,1.21851354541561,-2.0859529628600018,2.379234043711946,1.3517638045578613,1.5056886708437904
7.436,-1.632508707158804,1.21851354541561,-2.0859529628600018,2.379234043711946,1.3517638045578613,1.5056886708437904
7.438,-1.632508707158804,1.21851354541561,-2.0859529628600018,2.379234043711946,1.3517638045578613,1.5056886708437904
7.44,-1.632508707158804,1.21851354541561,-2.0859529628600018,2.379234043711946,1.3517638045578613,1.5056886708437904
7.442,-1.632508707158804,1.21851354541561,-2.0859529628600018,2.379234043711946,1.3517638045578613,1.5056886708437904
7.444,-1.632508707158804,1.21851354541561,-2.0859529628600018,2.379234043711946,1.3517638045578613,1.5056886708437904
7.446,-1.632508707158804,1.21851354541561,-2.0859529628600018,2.379234043711946,1.3517638045578613,1.5056886708437904
7.448,-1.632508707158804,1.21851354541561,-2.0859529628600018,2.379234043711946,1.3517638045578613,1.5056886708437904
7.45,-1.632508707158804,1.21851354541561,-2.0859529628600018,2.379234043711946,1.3517638045578613,1.5056886708437904
7.452,-1.632508707158804,1.21851354541561,-2.0859529628600018,2.379234043711946,1.3517638045578613,1.5056886708437904
7.454,-1.632508707158804,1.21851354541561,-2.0859529628600018,2.379234043711946,1.3517638045578613,1.5056886708437904
7.456,-1.632508707158804,1.21851354541561,-2.0859529628600018,2.379234043711946,1.3517638045578613,1.5056886708437904
7.458,-1.632508707158804,1.21851354541561,-2.0859529628600018,2.379234043711946,1.3517638045578613,1.5056886708437904
7.46,-1.632508707158804,1.21851354541561,-2.0859529628600018,2.379234043711946,1.3517638045578613,1.5056886708437904
7.462,-1.632508707158804,1.21851354541561,-2.0859529628600018,2.379234043711946,1.3517638045578613,1.5056886708437904
7.464,-1.632508707158804,1.21851354541561,-2.0859529628600018,2.379234043711946,1.3517638045578613,1.5056886708437904
7.466,-1.632508707158804,1.21851354541561,-2.0859529628600018,2.379234043711946,1.3517638045578613,1.5056886708437904
7.468,-1.632508707158804,1.21851354541561,-2.0859529628600018,2.379234043711946,1.3517638045578613,1.5056886708437904
7.47,-1.632508707158804,1.21851354541561,-2.0859529628600018,2.379234043711946,1.3517638045578613,1.5056886708437904
7.472,-1.632508707158804,1.21851354541561,-2.0859529628600018,2.379234043711946,1.3517638045578613,1.5056886708437904
7.474,-1.632508707158804,1.21851354541561,-2.0859529628600018,2.379234043711946,1.3517638045578613,1.5056886708437904
7.476,-1.632508707158804,1.21851354541561,-2.0859529628600018,2.379234043711946,1.3517638045578613,1.5056886708437904
7.478,-1.632508707158804,1.21851354541561,-2.0859529628600018,2.379234043711946,1.3517638045578613,1.5056886708437904
7.48,-1.632508707158804,1.21851354541561,-2.0859529628600018,2.379234043711946,1.3517638045578613,1.5056886708437904
7.482,-1.632508707158804,1.21851354541561,-2.0859529628600018,2.379234043711946,1.3517638045578613,1.5056886708437904
7.484,-1.632508707158804,1.21851354541561,-2.0859529628600018,2.379234043711946,1.3517638045578613,1.5056886708437904
7.486,-1.632508707158804,1.21851354541561,-2.0859529628600018,2.379234043711946,1.3517638045578613,1.5056886708437904
7.488,-1.632508707158804,1.21851354541561,-2.0859529628600018,2.379234043711946,1.3517638045578613,1.5056886708437904
7.49,-1.632508707158804,1.21851354541561,-2.0859529628600018,2.379234043711946,1.3517638045578613,1.5056886708437904
7.492,-1.632508707158804,1.21851354541561,-2.0859529628600018,2.379234043711946,1.3517638045578613,1.5056886708437904
7.494,-1.632508707158804,1.21851354541561,-2.0859529628600018,2.379234043711946,1.3517638045578613,1.5056886708437904
7.496,-1.632508707158804,1.21851354541561,-2.0859529628600018,2.379234043711946,1.3517638045578613,1.5056886708437904
7.498,-1.632508707158804,1.21851354541561,-2.0859529628600018,2.379234043711946,1.3517638045578613,1.5056886708437904
7.5,-1.632508707158804,1.21851354541561,-2.0859529628600018,2.379234043711946,1.3517638045578613,1.5056886708437904
7.502,-1.632508707158804,1.21851354541561,-2.0859529628600018,2.379234043711946,1.3517638045578613,1.5056886708437904
7.5040000000000004,-1.632508707158804,1.21851354541561,-2.0859529628600018,2.379234043711946,1.3517638045578613,1.5056886708437904
7.506,-1.632508707158804,1.21851354541561,-2.0859529628600018,2.379234043711946,1.3517638045578613,1.5056886708437904
7.508,-1.632508707158804,1.21851354541561,-2.0859529628600018,2.379234043711946,1.3517638045578613,1.5056886708437904
7.51,-1.632508707158804,1.21851354541561,-2.0859529628600018,2.379234043711946,1.3517638045578613,1.5056886708437904
7.5120000000000005,-1.632508707158804,1.21851354541561,-2.0859529628600018,2.379234043711946,1.3517638045578613,1.5056886708437904
7.514,-1.632508707158804,1.21851354541561,-2.0859529628600018,2.379234043711946,1.3517638045578613,1.5056886708437904
7.516,-1.632508707158804,1.21851354541561,-2.0859529628600018,2.379234043711946,1.3517638045578613,1.5056886708437904
7.518,-1.632508707158804,1.21851354541561,-2.0859529628600018,2.379234043711946,1.3517638045578613,1.5056886708437904
7.5200000000000005,-1.632508707158804,1.21851354541561,-2.0859529628600018,2.379234043711946,1.3517638045578613,1.5056886708437904
7.522,-1.632508707158804,1.21851354541561,-2.0859529628600018,2.379234043711946,1.3517638045578613,1.5056886708437904
7.524,-1.632508707158804,1.21851354541561,-2.0859529628600018,2.379234043711946,1.3517638045578613,1.5056886708437904
7.526,-1.632508707158804,1.21851354541561,-2.0859529628600018,2.379234043711946,1.3517638045578613,1.5056886708437904
7.5280000000000005,-1.632508707158804,1.21851354541561,-2.0859529628600018,2.379234043711946,1.3517638045578613,1.5056886708437904
7.53,-1.632508707158804,1.21851354541561,-2.0859529628600018,2.379234043711946,1.3517638045578613,1.5056886708437904
7.532,-1.632508707158804,1.21851354541561,-2.0859529628600018,2.379234043711946,1.3517638045578613,1.5056886708437904
7.534,-1.632508707158804,1.21851354541561,-2.0859529628600018,2.379234043711946,1.3517638045578613,1.5056886708437904
7.5360000000000005,-1.632508707158804,1.21851354541561,-2.0859529628600018,2.379234043711946,1.3517638045578613,1.5056886708437904
7.538,-1.632508707158804,1.21851354541561,-2.0859529628600018,2.379234043711946,1.3517638045578613,1.5056886708437904
7.54,-1.632508707158804,1.21851354541561,-2.0859529628600018,2.379234043711946,1.3517638045578613,1.5056886708437904
7.542,-1.632508707158804,1.21851354541561,-2.0859529628600018,2.379234043711946,1.3517638045578613,1.5056886708437904
7.5440000000000005,-1.632508707158804,1.21851354541561,-2.0859529628600018,2.379234043711946,1.3517638045578613,1.5056886708437904
7.546,-1.632508707158804,1.21851354541561,-2.0859529628600018,2.379234043711946,1.3517638045578613,1.5056886708437904
7.548,-1.632508707158804,1.21851354541561,-2.0859529628600018,2.379234043711946,1.3517638045578613,1.5056886708437904
7.55,-1.632508707158804,1.21851354541561,-2.0859529628600018,2.379234043711946,1.3517638045578613,1.5056886708437904
7.5520000000000005,-1.632508707158804,1.21851354541561,-2.0859529628600018,2.379234043711946,1.3517638045578613,1.5056886708437904
7.554,-1.632508707158804,1.21851354541561,-2.0859529628600018,2.379234043711946,1.3517638045578613,1.5056886708437904
7.556,-1.632508707158804,1.21851354541561,-2.0859529628600018,2.379234043711946,1.3517638045578613,1.5056886708437904
7.558,-1.632508707158804,1.21851354541561,-2.0859529628600018,2.379234043711946,1.3517638045578613,1.5056886708437904
7.5600000000000005,-1.632508707158804,1.21851354541561,-2.0859529628600018,2.379234043711946,1.3517638045578613,1.5056886708437904
7.562,-1.632508707158804,1.21851354541561,-2.0859529628600018,2.379234043711946,1.3517638045578613,1.5056886708437904
7.564,-1.632508707158804,1.21851354541561,-2.0859529628600018,2.379234043711946,1.3517638045578613,1.5056886708437904
7.566,-1.632508707158804,1.21851354541561,-2.0859529628600018,2.379234043711946,1.3517638045578613,1.5056886708437904
7.5680000000000005,-1.632508707158804,1.21851354541561,-2.0859529628600018,2.379234043711946,1.3517638045578613,1.5056886708437904
7.57,-1.632508707158804,1.21851354541561,-2.0859529628600018,2.379234043711946,1.3517638045578613,1.5056886708437904
7.572,-1.632508707158804,1.21851354541561,-2.0859529628600018,2.379234043711946,1.3517638045578613,1.5056886708437904
7.574,-1.632508707158804,1.21851354541561,-2.0859529628600018,2.379234043711946,1.3517638045578613,1.5056886708437904
7.5760000000000005,-1.632508707158804,1.21851354541561,-2.0859529628600018,2.379234043711946,1.3517638045578613,1.5056886708437904
7.578,-1.632508707158804,1.21851354541561,-2.0859529628600018,2.379234043711946,1.3517638045578613,1.5056886708437904
7.58,-1.632508707158804,1.21851354541561,-2.0859529628600018,2.379234043711946,1.3517638045578613,1.5056886708437904
7.582,-1.632508707158804,1.21851354541561,-2.0859529628600018,2.379234043711946,1.3517638045578613,1.5056886708437904
7.5840000000000005,-1.6234343880700226,1.2154683263793884,-2.085142290803818,2.380607445392964,1.3323306646849067,1.5148423706605294
7.586,-1.6234343880700226,1.2154683263793884,-2.085142290803818,2.380607445392964,1.3323306646849067,1.5148423706605294
7.588,-1.6234343880700226,1.2154683263793884,-2.085142290803818,2.380607445392964,1.3323306646849067,1.5148423706605294
7.59,-1.6234343880700226,1.2154683263793884,-2.085142290803818,2.380607445392964,1.3323306646849067,1.5148423706605294
7.5920000000000005,-1.6234343880700226,1.2154683263793884,-2.085142290803818,2.380607445392964,1.3323306646849067,1.5148423706605294
7.594,-1.6234343880700226,1.2154683263793884,-2.085142290803818,2.380607445392964,1.3323306646849067,1.5148423706605294
7.596,-1.6234343880700226,1.2154683263793884,-2.085142290803818,2.380607445392964,1.3323306646849067,1.5148423706605294
7.598,-1.6234343880700226,1.2154683263793884,-2.085142290803818,2.380607445392964,1.3323306646849067,1.5148423706605294
7.6000000000000005,-1.6234343880700226,1.2154683263793884,-2.085142290803818,2.380607445392964,1.3323306646849067,1.5148423706605294
7.602,-1.6234343880700226,1.2154683263793884,-2.085142290803818,2.380607445392964,1.3323306646849067,1.5148423706605294
7.604,-1.6234343880700226,1.2154683263793884,-2.085142290803818,2.380607445392964,1.3323306646849067,1.5148423706605294
7.606,-1.6234343880700226,1.2154683263793884,-2.085142290803818,2.380607445392964,1.3323306646849067,1.5148423706605294
7.6080000000000005,-1.6234343880700226,1.2154683263793884,-2.085142290803818,2.380607445392964,1.3323306646849067,1.5148423706605294
7.61,-1.6234343880700226,1.2154683263793884,-2.085142290803818,2.380607445392964,1.3323306646849067,1.5148423706605294
7.612,-1.6234343880700226,1.2154683263793884,-2.085142290803818,2.380607445392964,1.3323306646849067,1.5148423706605294
7.614,-1.6234343880700226,1.2154683263793884,-2.085142290803818,2.380607445392964,1.3323306646849067,1.5148423706605294
7.6160000000000005,-1.6234343880700226,1.2154683263793884,-2.085142290803818,2.380607445392964,1.3323306646849067,1.5148423706605294
7.618,-1.6234343880700226,1.2154683263793884,-2.085142290803818,2.380607445392964,1.3323306646849067,1.5148423706605294
7.62,-1.6234343880700226,1.2154683263793884,-2.085142290803818,2.380607445392964,1.3323306646849067,1.5148423706605294
7.622,-1.6234343880700226,1.2154683263793884,-2.085142290803818,2.380607445392964,1.3323306646849067,1.5148423706605294
7.6240000000000006,-1.6234343880700226,1.2154683263793884,-2.085142290803818,2.380607445392964,1.3323306646849067,1.5148423706605294
7.626,-1.6234343880700226,1.2154683263793884,-2.085142290803818,2.380607445392964,1.3323306646849067,1.5148423706605294
7.628,-1.6234343880700226,1.2154683263793884,-2.085142290803818,2.380607445392964,1.3323306646849067,1.5148423706605294
7.63,-1.6234343880700226,1.2154683263793884,-2.085142290803818,2.380607445392964,1.3323306646849067,1.5148423706605294
7.632000000000001,-1.6234343880700226,1.2154683263793884,-2.085142290803818,2.380607445392964,1.3323306646849067,1.5148423706605294
7.634,-1.6234343880700226,1.2154683263793884,-2.085142290803818,2.380607445392964,1.3323306646849067,1.5148423706605294
7.636,-1.6234343880700226,1.2154683263793884,-2.085142290803818,2.380607445392964,1.3323306646849067,1.5148423706605294
7.638,-1.6234343880700226,1.2154683263793884,-2.085142290803818,2.380607445392964,1.3323306646849067,1.5148423706605294
7.640000000000001,-1.6234343880700226,1.2154683263793884,-2.085142290803818,2.380607445392964,1.3323306646849067,1.5148423706605294
7.642,-1.6234343880700226,1.2154683263793884,-2.085142290803818,2.380607445392964,1.3323306646849067,1.5148423706605294
7.644,-1.6234343880700226,1.2154683263793884,-2.085142290803818,2.380607445392964,1.3323306646849067,1.5148423706605294
7.646,-1.6234343880700226,1.2154683263793884,-2.085142290803818,2.380607445392964,1.3323306646849067,1.5148423706605294
7.648000000000001,-1.6234343880700226,1.2154683263793884,-2.085142290803818,2.380607445392964,1.3323306646849067,1.5148423706605294
7.65,-1.6234343880700226,1.2154683263793884,-2.085142290803818,2.380607445392964,1.3323306646849067,1.5148423706605294
7.652,-1.6234343880700226,1.2154683263793884,-2.085142290803818,2.380607445392964,1.3323306646849067,1.5148423706605294
7.654,-1.6234343880700226,1.2154683263793884,-2.085142290803818,2.380607445392964,1.3323306646849067,1.5148423706605294
7.656000000000001,-1.6234343880700226,1.2154683263793884,-2.085142290803818,2.380607445392964,1.3323306646849067,1.5148423706605294
7.658,-1.6234343880700226,1.2154683263793884,-2.085142290803818,2.380607445392964,1.3323306646849067,1.5148423706605294
7.66,-1.6234343880700226,1.2154683263793884,-2.085142290803818,2.380607445392964,1.3323306646849067,1.5148423706605294
7.662,-1.6234343880700226,1.2154683263793884,-2.085142290803818,2.380607445392964,1.3323306646849067,1.5148423706605294
7.664000000000001,-1.6234343880700226,1.2154683263793884,-2.085142290803818,2.380607445392964,1.3323306646849067,1.5148423706605294
7.666,-1.6234343880700226,1.2154683263793884,-2.085142290803818,2.380607445392964,1.3323306646849067,1.5148423706605294
7.668,-1.6234343880700226,1.2154683263793884,-2.085142290803818,2.380607445392964,1.3323306646849067,1.5148423706605294
7.67,-1.6234343880700226,1.2154683263793884,-2.085142290803818,2.380607445392964,1.3323306646849067,1.5148423706605294
7.672000000000001,-1.6234343880700226,1.2154683263793884,-2.085142290803818,2.380607445392964,1.3323306646849067,1.5148423706605294
7.674,-1.6234343880700226,1.2154683263793884,-2.085142290803818,2.380607445392964,1.3323306646849067,1.5148423706605294
7.676,-1.6234343880700226,1.2154683263793884,-2.085142290803818,2.380607445392964,1.3323306646849067,1.5148423706605294
7.678,-1.6234343880700226,1.2154683263793884,-2.085142290803818,2.380607445392964,1.3323306646849067,1.5148423706605294
7.68,-1.6234343880700226,1.2154683263793884,-2.085142290803818,2.380607445392964,1.3323306646849067,1.5148423706605294
7.682,-1.6234343880700226,1.2154683263793884,-2.085142290803818,2.380607445392964,1.3323306646849067,1.5148423706605294
7.684,-1.6234343880700226,1.2154683263793884,-2.085142290803818,2.380607445392964,1.3323306646849067,1.5148423706605294
7.686,-1.6234343880700226,1.2154683263793884,-2.085142290803818,2.380607445392964,1.3323306646849067,1.5148423706605294
7.688,-1.6234343880700226,1.2154683263793884,-2.085142290803818,2.380607445392964,1.3323306646849067,1.5148423706605294
7.69,-1.6234343880700226,1.2154683263793884,-2.085142290803818,2.380607445392964,1.3323306646849067,1.5148423706605294
7.692,-1.6234343880700226,1.2154683263793884,-2.085142290803818,2.380607445392964,1.3323306646849067,1.5148423706605294
7.694,-1.6234343880700226,1.2154683263793884,-2.085142290803818,2.380607445392964,1.3323306646849067,1.5148423706605294
7.696,-1.6234343880700226,1.2154683263793884,-2.085142290803818,2.380607445392964,1.3323306646849067,1.5148423706605294
7.698,-1.6234343880700226,1.2154683263793884,-2.085142290803818,2.380607445392964,1.3323306646849067,1.5148423706605294
7.7,-1.6234343880700226,1.2154683263793884,-2.085142290803818,2.380607445392964,1.3323306646849067,1.5148423706605294
7.702,-1.6234343880700226,1.2154683263793884,-2.085142290803818,2.380607445392964,1.3323306646849067,1.5148423706605294
7.704,-1.6234343880700226,1.2154683263793884,-2.085142290803818,2.380607445392964,1.3323306646849067,1.5148423706605294
7.706,-1.6234343880700226,1.2154683263793884,-2.085142290803818,2.380607445392964,1.3323306646849067,1.5148423706605294
7.708,-1.6234343880700226,1.2154683263793884,-2.085142290803818,2.380607445392964,1.3323306646849067,1.5148423706605294
7.71,-1.6234343880700226,1.2154683263793884,-2.085142290803818,2.380607445392964,1.3323306646849067,1.5148423706605294
7.712,-1.6234343880700226,1.2154683263793884,-2.085142290803818,2.380607445392964,1.3323306646849067,1.5148423706605294
7.714,-1.6234343880700226,1.2154683263793884,-2.085142290803818,2.380607445392964,1.3323306646849067,1.5148423706605294
7.716,-1.6234343880700226,1.2154683263793884,-2.085142290803818,2.380607445392964,1.3323306646849067,1.5148423706605294
7.718,-1.6234343880700226,1.2154683263793884,-2.085142290803818,2.380607445392964,1.3323306646849067,1.5148423706605294
7.72,-1.6234343880700226,1.2154683263793884,-2.085142290803818,2.380607445392964,1.3323306646849067,1.5148423706605294
7.722,-1.6234343880700226,1.2154683263793884,-2.085142290803818,2.380607445392964,1.3323306646849067,1.5148423706605294
7.724,-1.6234343880700226,1.2154683263793884,-2.085142290803818,2.380607445392964,1.3323306646849067,1.5148423706605294
7.726,-1.6234343880700226,1.2154683263793884,-2.085142290803818,2.380607445392964,1.3323306646849067,1.5148423706605294
7.728,-1.6234343880700226,1.2154683263793884,-2.085142290803818,2.380607445392964,1.3323306646849067,1.5148423706605294
7.73,-1.6234343880700226,1.2154683263793884,-2.085142290803818,2.380607445392964,1.3323306646849067,1.5148423706605294
7.732,-1.6234343880700226,1.2154683263793884,-2.085142290803818,2.380607445392964,1.3323306646849067,1.5148423706605294
7.734,-1.6234343880700226,1.2154683263793884,-2.085142290803818,2.380607445392964,1.3323306646849067,1.5148423706605294
7.736,-1.6234343880700226,1.2154683263793884,-2.085142290803818,2.380607445392964,1.3323306646849067,1.5148423706605294
7.738,-1.6234343880700226,1.2154683263793884,-2.085142290803818,2.380607445392964,1.3323306646849067,1.5148423706605294
7.74,-1.6234343880700226,1.2154683263793884,-2.085142290803818,2.380607445392964,1.3323306646849067,1.5148423706605294
7.742,-1.6234343880700226,1.2154683263793884,-2.085142290803818,2.380607445392964,1.3323306646849067,1.5148423706605294
7.744,-1.6234343880700226,1.2154683263793884,-2.085142290803818,2.380607445392964,1.3323306646849067,1.5148423706605294
7.746,-1.6234343880700226,1.2154683263793884,-2.085142290803818,2.380607445392964,1.3323306646849067,1.5148423706605294
7.748,-1.6234343880700226,1.2154683263793884,-2.085142290803818,2.380607445392964,1.3323306646849067,1.5148423706605294
7.75,-1.6234343880700226,1.2154683263793884,-2.085142290803818,2.380607445392964,1.3323306646849067,1.5148423706605294
7.752,-1.6234343880700226,1.2154683263793884,-2.085142290803818,2.380607445392964,1.3323306646849067,1.5148423706605294
7.7540000000000004,-1.6234343880700226,1.2154683263793884,-2.085142290803818,2.380607445392964,1.3323306646849067,1.5148423706605294
7.756,-1.6234343880700226,1.2154683263793884,-2.085142290803818,2.380607445392964,1.3323306646849067,1.5148423706605294
7.758,-1.6234343880700226,1.2154683263793884,-2.085142290803818,2.380607445392964,1.3323306646849067,1.5148423706605294
7.76,-1.6234343880700226,1.2154683263793884,-2.085142290803818,2.380607445392964,1.3323306646849067,1.5148423706605294
7.7620000000000005,-1.6234343880700226,1.2154683263793884,-2.085142290803818,2.380607445392964,1.3323306646849067,1.5148423706605294
7.764,-1.6234343880700226,1.2154683263793884,-2.085142290803818,2.380607445392964,1.3323306646849067,1.5148423706605294
7.766,-1.6234343880700226,1.2154683263793884,-2.085142290803818,2.380607445392964,1.3323306646849067,1.5148423706605294
7.768,-1.6234343880700226,1.2154683263793884,-2.085142290803818,2.380607445392964,1.3323306646849067,1.5148423706605294
7.7700000000000005,-1.6234343880700226,1.2154683263793884,-2.085142290803818,2.380607445392964,1.3323306646849067,1.5148423706605294
7.772,-1.6234343880700226,1.2154683263793884,-2.085142290803818,2.380607445392964,1.3323306646849067,1.5148423706605294
7.774,-1.6234343880700226,1.2154683263793884,-2.085142290803818,2.380607445392964,1.3323306646849067,1.5148423706605294
7.776,-1.6234343880700226,1.2154683263793884,-2.085142290803818,2.380607445392964,1.3323306646849067,1.5148423706605294
7.7780000000000005,-1.6137183712512584,1.2120027547053596,-2.084183990693044,2.3817922926769812,1.3113606059765557,1.5247331037189042
7.78,-1.6137183712512584,1.2120027547053596,-2.084183990693044,2.3817922926769812,1.3113606059765557,1.5247331037189042
7.782,-1.6137183712512584,1.2120027547053596,-2.084183990693044,2.3817922926769812,1.3113606059765557,1.5247331037189042
7.784,-1.6137183712512584,1.2120027547053596,-2.084183990693044,2.3817922926769812,1.3113606059765557,1.5247331037189042
7.7860000000000005,-1.6137183712512584,1.2120027547053596,-2.084183990693044,2.3817922926769812,1.3113606059765557,1.5247331037189042
7.788,-1.6137183712512584,1.2120027547053596,-2.084183990693044,2.3817922926769812,1.3113606059765557,1.5247331037189042
7.79,-1.6137183712512584,1.2120027547053596,-2.084183990693044,2.3817922926769812,1.3113606059765557,1.5247331037189042
7.792,-1.6137183712512584,1.2120027547053596,-2.084183990693044,2.3817922926769812,1.3113606059765557,1.5247331037189042
7.7940000000000005,-1.6137183712512584,1.2120027547053596,-2.084183990693044,2.3817922926769812,1.3113606059765557,1.5247331037189042
7.796,-1.6137183712512584,1.2120027547053596,-2.084183990693044,2.3817922926769812,1.3113606059765557,1.5247331037189042
7.798,-1.6137183712512584,1.2120027547053596,-2.084183990693044,2.3817922926769812,1.3113606059765557,1.5247331037189042
7.8,-1.6137183712512584,1.2120027547053596,-2.084183990693044,2.3817922926769812,1.3113606059765557,1.5247331037189042
7.8020000000000005,-1.6137183712512584,1.2120027547053596,-2.084183990693044,2.3817922926769812,1.3113606059765557,1.5247331037189042
7.804,-1.6137183712512584,1.2120027547053596,-2.084183990693044,2.3817922926769812,1.3113606059765557,1.5247331037189042
7.806,-1.6137183712512584,1.2120027547053596,-2.084183990693044,2.3817922926769812,1.3113606059765557,1.5247331037189042
7.808,-1.6137183712512584,1.2120027547053596,-2.084183990693044,2.3817922926769812,1.3113606059765557,1.5247331037189042
7.8100000000000005,-1.6137183712512584,1.2120027547053596,-2.084183990693044,2.3817922926769812,1.3113606059765557,1.5247331037189042
7.812,-1.6137183712512584,1.2120027547053596,-2.084183990693044,2.3817922926769812,1.3113606059765557,1.5247331037189042
7.814,-1.6137183712512584,1.2120027547053596,-2.084183990693044,2.3817922926769812,1.3113606059765557,1.5247331037189042
7.816,-1.6137183712512584,1.2120027547053596,-2.084183990693044,2.3817922926769812,1.3113606059765557,1.5247331037189042
7.8180000000000005,-1.6137183712512584,1.2120027547053596,-2.084183990693044,2.3817922926769812,1.3113606059765557,1.5247331037189042
7.82,-1.6137183712512584,1.2120027547053596,-2.084183990693044,2.3817922926769812,1.3113606059765557,1.5247331037189042
7.822,-1.6137183712512584,1.2120027547053596,-2.084183990693044,2.3817922926769812,1.3113606059765557,1.5247331037189042
7.824,-1.6137183712512584,1.2120027547053596,-2.084183990693044,2.3817922926769812,1.3113606059765557,1.5247331037189042
7.8260000000000005,-1.6137183712512584,1.2120027547053596,-2.084183990693044,2.3817922926769812,1.3113606059765557,1.5247331037189042
7.828,-1.6137183712512584,1.2120027547053596,-2.084183990693044,2.3817922926769812,1.3113606059765557,1.5247331037189042
7.83,-1.6137183712512584,1.2120027547053596,-2.084183990693044,2.3817922926769812,1.3113606059765557,1.5247331037189042
7.832,-1.6137183712512584,1.2120027547053596,-2.084183990693044,2.3817922926769812,1.3113606059765557,1.5247331037189042
7.8340000000000005,-1.6137183712512584,1.2120027547053596,-2.084183990693044,2.3817922926769812,1.3113606059765557,1.5247331037189042
7.836,-1.6137183712512584,1.2120027547053596,-2.084183990693044,2.3817922926769812,1.3113606059765557,1.5247331037189042
7.838,-1.6137183712512584,1.2120027547053596,-2.084183990693044,2.3817922926769812,1.3113606059765557,1.5247331037189042
7.84,-1.6137183712512584,1.2120027547053596,-2.084183990693044,2.3817922926769812,1.3113606059765557,1.5247331037189042
7.8420000000000005,-1.6137183712512584,1.2120027547053596,-2.084183990693044,2.3817922926769812,1.3113606059765557,1.5247331037189042
7.844,-1.6137183712512584,1.2120027547053596,-2.084183990693044,2.3817922926769812,1.3113606059765557,1.5247331037189042
7.846,-1.6137183712512584,1.2120027547053596,-2.084183990693044,2.3817922926769812,1.3113606059765557,1.5247331037189042
7.848,-1.6137183712512584,1.2120027547053596,-2.084183990693044,2.3817922926769812,1.3113606059765557,1.5247331037189042
7.8500000000000005,-1.6137183712512584,1.2120027547053596,-2.084183990693044,2.3817922926769812,1.3113606059765557,1.5247331037189042
7.852,-1.6137183712512584,1.2120027547053596,-2.084183990693044,2.3817922926769812,1.3113606059765557,1.5247331037189042
7.854,-1.6137183712512584,1.2120027547053596,-2.084183990693044,2.3817922926769812,1.3113606059765557,1.5247331037189042
7.856,-1.6137183712512584,1.2120027547053596,-2.084183990693044,2.3817922926769812,1.3113606059765557,1.5247331037189042
7.8580000000000005,-1.6137183712512584,1.2120027547053596,-2.084183990693044,2.3817922926769812,1.3113606059765557,1.5247331037189042
7.86,-1.6137183712512584,1.2120027547053596,-2.084183990693044,2.3817922926769812,1.3113606059765557,1.5247331037189042
7.862,-1.6137183712512584,1.2120027547053596,-2.084183990693044,2.3817922926769812,1.3113606059765557,1.5247331037189042
7.864,-1.6137183712512584,1.2120027547053596,-2.084183990693044,2.3817922926769812,1.3113606059765557,1.5247331037189042
7.8660000000000005,-1.6137183712512584,1.2120027547053596,-2.084183990693044,2.3817922926769812,1.3113606059765557,1.5247331037189042
7.868,-1.6137183712512584,1.2120027547053596,-2.084183990693044,2.3817922926769812,1.3113606059765557,1.5247331037189042
7.87,-1.6137183712512584,1.2120027547053596,-2.084183990693044,2.3817922926769812,1.3113606059765557,1.5247331037189042
7.872,-1.6137183712512584,1.2120027547053596,-2.084183990693044,2.3817922926769812,1.3113606059765557,1.5247331037189042
7.8740000000000006,-1.6137183712512584,1.2120027547053596,-2.084183990693044,2.3817922926769812,1.3113606059765557,1.5247331037189042
7.876,-1.6137183712512584,1.2120027547053596,-2.084183990693044,2.3817922926769812,1.3113606059765557,1.5247331037189042
7.878,-1.6137183712512584,1.2120027547053596,-2.084183990693044,2.3817922926769812,1.3113606059765557,1.5247331037189042
7.88,-1.6137183712512584,1.2120027547053596,-2.084183990693044,2.3817922926769812,1.3113606059765557,1.5247331037189042
7.882000000000001,-1.6137183712512584,1.2120027547053596,-2.084183990693044,2.3817922926769812,1.3113606059765557,1.5247331037189042
7.884,-1.6137183712512584,1.2120027547053596,-2.084183990693044,2.3817922926769812,1.3113606059765557,1.5247331037189042
7.886,-1.6137183712512584,1.2120027547053596,-2.084183990693044,2.3817922926769812,1.3113606059765557,1.5247331037189042
7.888,-1.6137183712512584,1.2120027547053596,-2.084183990693044,2.3817922926769812,1.3113606059765557,1.5247331037189042
7.890000000000001,-1.6137183712512584,1.2120027547053596,-2.084183990693044,2.3817922926769812,1.3113606059765557,1.5247331037189042
7.892,-1.6137183712512584,1.2120027547053596,-2.084183990693044,2.3817922926769812,1.3113606059765557,1.5247331037189042
7.894,-1.6137183712512584,1.2120027547053596,-2.084183990693044,2.3817922926769812,1.3113606059765557,1.5247331037189042
7.896,-1.6137183712512584,1.2120027547053596,-2.084183990693044,2.3817922926769812,1.3113606059765557,1.5247331037189042
7.898000000000001,-1.6137183712512584,1.2120027547053596,-2.084183990693044,2.3817922926769812,1.3113606059765557,1.5247331037189042
7.9,-1.6137183712512584,1.2120027547053596,-2.084183990693044,2.3817922926769812,1.3113606059765557,1.5247331037189042
7.902,-1.6137183712512584,1.2120027547053596,-2.084183990693044,2.3817922926769812,1.3113606059765557,1.5247331037189042
7.904,-1.6137183712512584,1.2120027547053596,-2.084183990693044,2.3817922926769812,1.3113606059765557,1.5247331037189042
7.906000000000001,-1.6137183712512584,1.2120027547053596,-2.084183990693044,2.3817922926769812,1.3113606059765557,1.5247331037189042
7.908,-1.6137183712512584,1.2120027547053596,-2.084183990693044,2.3817922926769812,1.3113606059765557,1.5247331037189042
7.91,-1.6137183712512584,1.2120027547053596,-2.084183990693044,2.3817922926769812,1.3113606059765557,1.5247331037189042
7.912,-1.6137183712512584,1.2120027547053596,-2.084183990693044,2.3817922926769812,1.3113606059765557,1.5247331037189042
7.914000000000001,-1.6137183712512584,1.2120027547053596,-2.084183990693044,2.3817922926769812,1.3113606059765557,1.5247331037189042
7.916,-1.6137183712512584,1.2120027547053596,-2.084183990693044,2.3817922926769812,1.3113606059765557,1.5247331037189042
7.918,-1.6137183712512584,1.2120027547053596,-2.084183990693044,2.3817922926769812,1.3113606059765557,1.5247331037189042
7.92,-1.6137183712512584,1.2120027547053596,-2.084183990693044,2.3817922926769812,1.3113606059765557,1.5247331037189042
7.922000000000001,-1.6137183712512584,1.2120027547053596,-2.084183990693044,2.3817922926769812,1.3113606059765557,1.5247331037189042
7.924,-1.6137183712512584,1.2120027547053596,-2.084183990693044,2.3817922926769812,1.3113606059765557,1.5247331037189042
7.926,-1.6137183712512584,1.2120027547053596,-2.084183990693044,2.3817922926769812,1.3113606059765557,1.5247331037189042
7.928,-1.6137183712512584,1.2120027547053596,-2.084183990693044,2.3817922926769812,1.3113606059765557,1.5247331037189042
7.930000000000001,-1.6137183712512584,1.2120027547053596,-2.084183990693044,2.3817922926769812,1.3113606059765557,1.5247331037189042
7.932,-1.6137183712512584,1.2120027547053596,-2.084183990693044,2.3817922926769812,1.3113606059765557,1.5247331037189042
7.934,-1.6137183712512584,1.2120027547053596,-2.084183990693044,2.3817922926769812,1.3113606059765557,1.5247331037189042
7.936,-1.6137183712512584,1.2120027547053596,-2.084183990693044,2.3817922926769812,1.3113606059765557,1.5247331037189042
7.938,-1.6137183712512584,1.2120027547053596,-2.084183990693044,2.3817922926769812,1.3113606059765557,1.5247331037189042
7.94,-1.6137183712512584,1.2120027547053596,-2.084183990693044,2.3817922926769812,1.3113606059765557,1.5247331037189042
7.942,-1.6137183712512584,1.2120027547053596,-2.084183990693044,2.3817922926769812,1.3113606059765557,1.5247331037189042
7.944,-1.6137183712512584,1.2120027547053596,-2.084183990693044,2.3817922926769812,1.3113606059765557,1.5247331037189042
7.946,-1.6137183712512584,1.2120027547053596,-2.084183990693044,2.3817922926769812,1.3113606059765557,1.5247331037189042
7.948,-1.6137183712512584,1.2120027547053596,-2.084183990693044,2.3817922926769812,1.3113606059765557,1.5247331037189042
7.95,-1.6137183712512584,1.2120027547053596,-2.084183990693044,2.3817922926769812,1.3113606059765557,1.5247331037189042
7.952,-1.6137183712512584,1.2120027547053596,-2.084183990693044,2.3817922926769812,1.3113606059765557,1.5247331037189042
7.954,-1.6137183712512584,1.2120027547053596,-2.084183990693044,2.3817922926769812,1.3113606059765557,1.5247331037189042
7.956,-1.6137183712512584,1.2120027547053596,-2.084183990693044,2.3817922926769812,1.3113606059765557,1.5247331037189042
7.958,-1.6137183712512584,1.2120027547053596,-2.084183990693044,2.3817922926769812,1.3113606059765557,1.5247331037189042
7.96,-1.6137183712512584,1.2120027547053596,-2.084183990693044,2.3817922926769812,1.3113606059765557,1.5247331037189042
7.962,-1.6137183712512584,1.2120027547053596,-2.084183990693044,2.3817922926769812,1.3113606059765557,1.5247331037189042
7.964,-1.6137183712512584,1.2120027547053596,-2.084183990693044,2.3817922926769812,1.3113606059765557,1.5247331037189042
7.966,-1.6137183712512584,1.2120027547053596,-2.084183990693044,2.3817922926769812,1.3113606059765557,1.5247331037189042
7.968,-1.6137183712512584,1.2120027547053596,-2.084183990693044,2.3817922926769812,1.3113606059765557,1.5247331037189042
7.97,-1.6137183712512584,1.2120027547053596,-2.084183990693044,2.3817922926769812,1.3113606059765557,1.5247331037189042
7.972,-1.6137183712512584,1.2120027547053596,-2.084183990693044,2.3817922926769812,1.3113606059765557,1.5247331037189042
7.974,-1.6137183712512584,1.2120027547053596,-2.084183990693044,2.3817922926769812,1.3113606059765557,1.5247331037189042
7.976,-1.6137183712512584,1.2120027547053596,-2.084183990693044,2.3817922926769812,1.3113606059765557,1.5247331037189042
7.978,-1.6137183712512584,1.2120027547053596,-2.084183990693044,2.3817922926769812,1.3113606059765557,1.5247331037189042
7.98,-1.6137183712512584,1.2120027547053596,-2.084183990693044,2.3817922926769812,1.3113606059765557,1.5247331037189042
7.982,-1.6137183712512584,1.2120027547053596,-2.084183990693044,2.3817922926769812,1.3113606059765557,1.5247331037189042
7.984,-1.6137183712512584,1.2120027547053596,-2.084183990693044,2.3817922926769812,1.3113606059765557,1.5247331037189042
7.986,-1.6034813276357507,1.2081028834173115,-2.0830696926380803,2.382780825653793,1.2890110296636414,1.5352574667538204
7.988,-1.6034813276357507,1.2081028834173115,-2.0830696926380803,2.382780825653793,1.2890110296636414,1.5352574667538204
7.99,-1.6034813276357507,1.2081028834173115,-2.0830696926380803,2.382780825653793,1.2890110296636414,1.5352574667538204
7.992,-1.6034813276357507,1.2081028834173115,-2.0830696926380803,2.382780825653793,1.2890110296636414,1.5352574667538204
7.994,-1.6034813276357507,1.2081028834173115,-2.0830696926380803,2.382780825653793,1.2890110296636414,1.5352574667538204
7.996,-1.6034813276357507,1.2081028834173115,-2.0830696926380803,2.382780825653793,1.2890110296636414,1.5352574667538204
7.998,-1.6034813276357507,1.2081028834173115,-2.0830696926380803,2.382780825653793,1.2890110296636414,1.5352574667538204
8.0,-1.6034813276357507,1.2081028834173115,-2.0830696926380803,2.382780825653793,1.2890110296636414,1.5352574667538204
8.002,-1.6034813276357507,1.2081028834173115,-2.0830696926380803,2.382780825653793,1.2890110296636414,1.5352574667538204
8.004,-1.6034813276357507,1.2081028834173115,-2.0830696926380803,2.382780825653793,1.2890110296636414,1.5352574667538204
8.006,-1.6034813276357507,1.2081028834173115,-2.0830696926380803,2.382780825653793,1.2890110296636414,1.5352574667538204
8.008000000000001,-1.6034813276357507,1.2081028834173115,-2.0830696926380803,2.382780825653793,1.2890110296636414,1.5352574667538204
8.01,-1.6034813276357507,1.2081028834173115,-2.0830696926380803,2.382780825653793,1.2890110296636414,1.5352574667538204
8.012,-1.6034813276357507,1.2081028834173115,-2.0830696926380803,2.382780825653793,1.2890110296636414,1.5352574667538204
8.014,-1.6034813276357507,1.2081028834173115,-2.0830696926380803,2.382780825653793,1.2890110296636414,1.5352574667538204
8.016,-1.6034813276357507,1.2081028834173115,-2.0830696926380803,2.382780825653793,1.2890110296636414,1.5352574667538204
8.018,-1.6034813276357507,1.2081028834173115,-2.0830696926380803,2.382780825653793,1.2890110296636414,1.5352574667538204
8.02,-1.6034813276357507,1.2081028834173115,-2.0830696926380803,2.382780825653793,1.2890110296636414,1.5352574667538204
8.022,-1.6034813276357507,1.2081028834173115,-2.0830696926380803,2.382780825653793,1.2890110296636414,1.5352574667538204
8.024000000000001,-1.6034813276357507,1.2081028834173115,-2.0830696926380803,2.382780825653793,1.2890110296636414,1.5352574667538204
8.026,-1.6034813276357507,1.2081028834173115,-2.0830696926380803,2.382780825653793,1.2890110296636414,1.5352574667538204
8.028,-1.6034813276357507,1.2081028834173115,-2.0830696926380803,2.382780825653793,1.2890110296636414,1.5352574667538204
8.03,-1.6034813276357507,1.2081028834173115,-2.0830696926380803,2.382780825653793,1.2890110296636414,1.5352574667538204
8.032,-1.6034813276357507,1.2081028834173115,-2.0830696926380803,2.382780825653793,1.2890110296636414,1.5352574667538204
8.034,-1.6034813276357507,1.2081028834173115,-2.0830696926380803,2.382780825653793,1.2890110296636414,1.5352574667538204
8.036,-1.6034813276357507,1.2081028834173115,-2.0830696926380803,2.382780825653793,1.2890110296636414,1.5352574667538204
8.038,-1.6034813276357507,1.2081028834173115,-2.0830696926380803,2.382780825653793,1.2890110296636414,1.5352574667538204
8.040000000000001,-1.6034813276357507,1.2081028834173115,-2.0830696926380803,2.382780825653793,1.2890110296636414,1.5352574667538204
8.042,-1.6034813276357507,1.2081028834173115,-2.0830696926380803,2.382780825653793,1.2890110296636414,1.5352574667538204
8.044,-1.6034813276357507,1.2081028834173115,-2.0830696926380803,2.382780825653793,1.2890110296636414,1.5352574667538204
8.046,-1.6034813276357507,1.2081028834173115,-2.0830696926380803,2.382780825653793,1.2890110296636414,1.5352574667538204
8.048,-1.6034813276357507,1.2081028834173115,-2.0830696926380803,2.382780825653793,1.2890110296636414,1.5352574667538204
8.05,-1.6034813276357507,1.2081028834173115,-2.0830696926380803,2.382780825653793,1.2890110296636414,1.5352574667538204
8.052,-1.6034813276357507,1.2081028834173115,-2.0830696926380803,2.382780825653793,1.2890110296636414,1.5352574667538204
8.054,-1.6034813276357507,1.2081028834173115,-2.0830696926380803,2.382780825653793,1.2890110296636414,1.5352574667538204
8.056000000000001,-1.6034813276357507,1.2081028834173115,-2.0830696926380803,2.382780825653793,1.2890110296636414,1.5352574667538204
8.058,-1.6034813276357507,1.2081028834173115,-2.0830696926380803,2.382780825653793,1.2890110296636414,1.5352574667538204
8.06,-1.6034813276357507,1.2081028834173115,-2.0830696926380803,2.382780825653793,1.2890110296636414,1.5352574667538204
8.062,-1.6034813276357507,1.2081028834173115,-2.0830696926380803,2.382780825653793,1.2890110296636414,1.5352574667538204
8.064,-1.6034813276357507,1.2081028834173115,-2.0830696926380803,2.382780825653793,1.2890110296636414,1.5352574667538204
8.066,-1.6034813276357507,1.2081028834173115,-2.0830696926380803,2.382780825653793,1.2890110296636414,1.5352574667538204
8.068,-1.6034813276357507,1.2081028834173115,-2.0830696926380803,2.382780825653793,1.2890110296636414,1.5352574667538204
8.07,-1.6034813276357507,1.2081028834173115,-2.0830696926380803,2.382780825653793,1.2890110296636414,1.5352574667538204
8.072000000000001,-1.6034813276357507,1.2081028834173115,-2.0830696926380803,2.382780825653793,1.2890110296636414,1.5352574667538204
8.074,-1.6034813276357507,1.2081028834173115,-2.0830696926380803,2.382780825653793,1.2890110296636414,1.5352574667538204
8.076,-1.6034813276357507,1.2081028834173115,-2.0830696926380803,2.382780825653793,1.2890110296636414,1.5352574667538204
8.078,-1.6034813276357507,1.2081028834173115,-2.0830696926380803,2.382780825653793,1.2890110296636414,1.5352574667538204
8.08,-1.6034813276357507,1.2081028834173115,-2.0830696926380803,2.382780825653793,1.2890110296636414,1.5352574667538204
8.082,-1.6034813276357507,1.2081028834173115,-2.0830696926380803,2.382780825653793,1.2890110296636414,1.5352574667538204
8.084,-1.6034813276357507,1.2081028834173115,-2.0830696926380803,2.382780825653793,1.2890110296636414,1.5352574667538204
8.086,-1.6034813276357507,1.2081028834173115,-2.0830696926380803,2.382780825653793,1.2890110296636414,1.5352574667538204
8.088000000000001,-1.6034813276357507,1.2081028834173115,-2.0830696926380803,2.382780825653793,1.2890110296636414,1.5352574667538204
8.09,-1.6034813276357507,1.2081028834173115,-2.0830696926380803,2.382780825653793,1.2890110296636414,1.5352574667538204
8.092,-1.6034813276357507,1.2081028834173115,-2.0830696926380803,2.382780825653793,1.2890110296636414,1.5352574667538204
8.094,-1.6034813276357507,1.2081028834173115,-2.0830696926380803,2.382780825653793,1.2890110296636414,1.5352574667538204
8.096,-1.6034813276357507,1.2081028834173115,-2.0830696926380803,2.382780825653793,1.2890110296636414,1.5352574667538204
8.098,-1.6034813276357507,1.2081028834173115,-2.0830696926380803,2.382780825653793,1.2890110296636414,1.5352574667538204
8.1,-1.6034813276357507,1.2081028834173115,-2.0830696926380803,2.382780825653793,1.2890110296636414,1.5352574667538204
8.102,-1.6034813276357507,1.2081028834173115,-2.0830696926380803,2.382780825653793,1.2890110296636414,1.5352574667538204
8.104000000000001,-1.6034813276357507,1.2081028834173115,-2.0830696926380803,2.382780825653793,1.2890110296636414,1.5352574667538204
8.106,-1.6034813276357507,1.2081028834173115,-2.0830696926380803,2.382780825653793,1.2890110296636414,1.5352574667538204
8.108,-1.6034813276357507,1.2081028834173115,-2.0830696926380803,2.382780825653793,1.2890110296636414,1.5352574667538204
8.11,-1.6034813276357507,1.2081028834173115,-2.0830696926380803,2.382780825653793,1.2890110296636414,1.5352574667538204
8.112,-1.6034813276357507,1.2081028834173115,-2.0830696926380803,2.382780825653793,1.2890110296636414,1.5352574667538204
8.114,-1.6034813276357507,1.2081028834173115,-2.0830696926380803,2.382780825653793,1.2890110296636414,1.5352574667538204
8.116,-1.6034813276357507,1.2081028834173115,-2.0830696926380803,2.382780825653793,1.2890110296636414,1.5352574667538204
8.118,-1.6034813276357507,1.2081028834173115,-2.0830696926380803,2.382780825653793,1.2890110296636414,1.5352574667538204
8.120000000000001,-1.6034813276357507,1.2081028834173115,-2.0830696926380803,2.382780825653793,1.2890110296636414,1.5352574667538204
8.122,-1.6034813276357507,1.2081028834173115,-2.0830696926380803,2.382780825653793,1.2890110296636414,1.5352574667538204
8.124,-1.6034813276357507,1.2081028834173115,-2.0830696926380803,2.382780825653793,1.2890110296636414,1.5352574667538204
8.126,-1.6034813276357507,1.2081028834173115,-2.0830696926380803,2.382780825653793,1.2890110296636414,1.5352574667538204
8.128,-1.6034813276357507,1.2081028834173115,-2.0830696926380803,2.382780825653793,1.2890110296636414,1.5352574667538204
8.13,-1.6034813276357507,1.2081028834173115,-2.0830696926380803,2.382780825653793,1.2890110296636414,1.5352574667538204
8.132,-1.6034813276357507,1.2081028834173115,-2.0830696926380803,2.382780825653793,1.2890110296636414,1.5352574667538204
8.134,-1.6034813276357507,1.2081028834173115,-2.0830696926380803,2.382780825653793,1.2890110296636414,1.5352574667538204
8.136000000000001,-1.6034813276357507,1.2081028834173115,-2.0830696926380803,2.382780825653793,1.2890110296636414,1.5352574667538204
8.138,-1.6034813276357507,1.2081028834173115,-2.0830696926380803,2.382780825653793,1.2890110296636414,1.5352574667538204
8.14,-1.6034813276357507,1.2081028834173115,-2.0830696926380803,2.382780825653793,1.2890110296636414,1.5352574667538204
8.142,-1.6034813276357507,1.2081028834173115,-2.0830696926380803,2.382780825653793,1.2890110296636414,1.5352574667538204
8.144,-1.6034813276357507,1.2081028834173115,-2.0830696926380803,2.382780825653793,1.2890110296636414,1.5352574667538204
8.146,-1.6034813276357507,1.2081028834173115,-2.0830696926380803,2.382780825653793,1.2890110296636414,1.5352574667538204
8.148,-1.6034813276357507,1.2081028834173115,-2.0830696926380803,2.382780825653793,1.2890110296636414,1.5352574667538204
8.15,-1.6034813276357507,1.2081028834173115,-2.0830696926380803,2.382780825653793,1.2890110296636414,1.5352574667538204
8.152000000000001,-1.6034813276357507,1.2081028834173115,-2.0830696926380803,2.382780825653793,1.2890110296636414,1.5352574667538204
8.154,-1.6034813276357507,1.2081028834173115,-2.0830696926380803,2.382780825653793,1.2890110296636414,1.5352574667538204
8.156,-1.6034813276357507,1.2081028834173115,-2.0830696926380803,2.382780825653793,1.2890110296636414,1.5352574667538204
8.158,-1.6034813276357507,1.2081028834173115,-2.0830696926380803,2.382780825653793,1.2890110296636414,1.5352574667538204
8.16,-1.6034813276357507,1.2081028834173115,-2.0830696926380803,2.382780825653793,1.2890110296636414,1.5352574667538204
8.162,-1.6034813276357507,1.2081028834173115,-2.0830696926380803,2.382780825653793,1.2890110296636414,1.5352574667538204
8.164,-1.6034813276357507,1.2081028834173115,-2.0830696926380803,2.382780825653793,1.2890110296636414,1.5352574667538204
8.166,-1.6034813276357507,1.2081028834173115,-2.0830696926380803,2.382780825653793,1.2890110296636414,1.5352574667538204
8.168000000000001,-1.6034813276357507,1.2081028834173115,-2.0830696926380803,2.382780825653793,1.2890110296636414,1.5352574667538204
8.17,-1.6034813276357507,1.2081028834173115,-2.0830696926380803,2.382780825653793,1.2890110296636414,1.5352574667538204
8.172,-1.6034813276357507,1.2081028834173115,-2.0830696926380803,2.382780825653793,1.2890110296636414,1.5352574667538204
8.174,-1.6034813276357507,1.2081028834173115,-2.0830696926380803,2.382780825653793,1.2890110296636414,1.5352574667538204
8.176,-1.6034813276357507,1.2081028834173115,-2.0830696926380803,2.382780825653793,1.2890110296636414,1.5352574667538204
8.178,-1.6034813276357507,1.2081028834173115,-2.0830696926380803,2.382780825653793,1.2890110296636414,1.5352574667538204
8.18,-1.6034813276357507,1.2081028834173115,-2.0830696926380803,2.382780825653793,1.2890110296636414,1.5352574667538204
8.182,-1.6034813276357507,1.2081028834173115,-2.0830696926380803,2.382780825653793,1.2890110296636414,1.5352574667538204
8.184000000000001,-1.6034813276357507,1.2081028834173115,-2.0830696926380803,2.382780825653793,1.2890110296636414,1.5352574667538204
8.186,-1.6034813276357507,1.2081028834173115,-2.0830696926380803,2.382780825653793,1.2890110296636414,1.5352574667538204
8.188,-1.6034813276357507,1.2081028834173115,-2.0830696926380803,2.382780825653793,1.2890110296636414,1.5352574667538204
8.19,-1.6034813276357507,1.2081028834173115,-2.0830696926380803,2.382780825653793,1.2890110296636414,1.5352574667538204
8.192,-1.6034813276357507,1.2081028834173115,-2.0830696926380803,2.382780825653793,1.2890110296636414,1.5352574667538204
8.194,-1.6034813276357507,1.2081028834173115,-2.0830696926380803,2.382780825653793,1.2890110296636414,1.5352574667538204
8.196,-1.6034813276357507,1.2081028834173115,-2.0830696926380803,2.382780825653793,1.2890110296636414,1.5352574667538204
8.198,-1.6034813276357507,1.2081028834173115,-2.0830696926380803,2.382780825653793,1.2890110296636414,1.5352574667538204
8.2,-1.6034813276357507,1.2081028834173115,-2.0830696926380803,2.382780825653793,1.2890110296636414,1.5352574667538204
8.202,-1.6034813276357507,1.2081028834173115,-2.0830696926380803,2.382780825653793,1.2890110296636414,1.5352574667538204
8.204,-1.6034813276357507,1.2081028834173115,-2.0830696926380803,2.382780825653793,1.2890110296636414,1.5352574667538204
8.206,-1.6034813276357507,1.2081028834173115,-2.0830696926380803,2.382780825653793,1.2890110296636414,1.5352574667538204
8.208,-1.5927094281942111,1.2037204264241594,-2.0817832896877713,2.3835369932424624,1.265166897357901,1.546464163496995
8.21,-1.5927094281942111,1.2037204264241594,-2.0817832896877713,2.3835369932424624,1.265166897357901,1.546464163496995
8.212,-1.5927094281942111,1.2037204264241594,-2.0817832896877713,2.3835369932424624,1.265166897357901,1.546464163496995
8.214,-1.5927094281942111,1.2037204264241594,-2.0817832896877713,2.3835369932424624,1.265166897357901,1.546464163496995
8.216,-1.5927094281942111,1.2037204264241594,-2.0817832896877713,2.3835369932424624,1.265166897357901,1.546464163496995
8.218,-1.5927094281942111,1.2037204264241594,-2.0817832896877713,2.3835369932424624,1.265166897357901,1.546464163496995
8.22,-1.5927094281942111,1.2037204264241594,-2.0817832896877713,2.3835369932424624,1.265166897357901,1.546464163496995
8.222,-1.5927094281942111,1.2037204264241594,-2.0817832896877713,2.3835369932424624,1.265166897357901,1.546464163496995
8.224,-1.5927094281942111,1.2037204264241594,-2.0817832896877713,2.3835369932424624,1.265166897357901,1.546464163496995
8.226,-1.5927094281942111,1.2037204264241594,-2.0817832896877713,2.3835369932424624,1.265166897357901,1.546464163496995
8.228,-1.5927094281942111,1.2037204264241594,-2.0817832896877713,2.3835369932424624,1.265166897357901,1.546464163496995
8.23,-1.5927094281942111,1.2037204264241594,-2.0817832896877713,2.3835369932424624,1.265166897357901,1.546464163496995
8.232,-1.5927094281942111,1.2037204264241594,-2.0817832896877713,2.3835369932424624,1.265166897357901,1.546464163496995
8.234,-1.5927094281942111,1.2037204264241594,-2.0817832896877713,2.3835369932424624,1.265166897357901,1.546464163496995
8.236,-1.5927094281942111,1.2037204264241594,-2.0817832896877713,2.3835369932424624,1.265166897357901,1.546464163496995
8.238,-1.5927094281942111,1.2037204264241594,-2.0817832896877713,2.3835369932424624,1.265166897357901,1.546464163496995
8.24,-1.5927094281942111,1.2037204264241594,-2.0817832896877713,2.3835369932424624,1.265166897357901,1.546464163496995
8.242,-1.5927094281942111,1.2037204264241594,-2.0817832896877713,2.3835369932424624,1.265166897357901,1.546464163496995
8.244,-1.5927094281942111,1.2037204264241594,-2.0817832896877713,2.3835369932424624,1.265166897357901,1.546464163496995
8.246,-1.5927094281942111,1.2037204264241594,-2.0817832896877713,2.3835369932424624,1.265166897357901,1.546464163496995
8.248,-1.5927094281942111,1.2037204264241594,-2.0817832896877713,2.3835369932424624,1.265166897357901,1.546464163496995
8.25,-1.5927094281942111,1.2037204264241594,-2.0817832896877713,2.3835369932424624,1.265166897357901,1.546464163496995
8.252,-1.5927094281942111,1.2037204264241594,-2.0817832896877713,2.3835369932424624,1.265166897357901,1.546464163496995
8.254,-1.5927094281942111,1.2037204264241594,-2.0817832896877713,2.3835369932424624,1.265166897357901,1.546464163496995
8.256,-1.5927094281942111,1.2037204264241594,-2.0817832896877713,2.3835369932424624,1.265166897357901,1.546464163496995
8.258000000000001,-1.5927094281942111,1.2037204264241594,-2.0817832896877713,2.3835369932424624,1.265166897357901,1.546464163496995
8.26,-1.5927094281942111,1.2037204264241594,-2.0817832896877713,2.3835369932424624,1.265166897357901,1.546464163496995
8.262,-1.5927094281942111,1.2037204264241594,-2.0817832896877713,2.3835369932424624,1.265166897357901,1.546464163496995
8.264,-1.5927094281942111,1.2037204264241594,-2.0817832896877713,2.3835369932424624,1.265166897357901,1.546464163496995
8.266,-1.5927094281942111,1.2037204264241594,-2.0817832896877713,2.3835369932424624,1.265166897357901,1.546464163496995
8.268,-1.5927094281942111,1.2037204264241594,-2.0817832896877713,2.3835369932424624,1.265166897357901,1.546464163496995
8.27,-1.5927094281942111,1.2037204264241594,-2.0817832896877713,2.3835369932424624,1.265166897357901,1.546464163496995
8.272,-1.5927094281942111,1.2037204264241594,-2.0817832896877713,2.3835369932424624,1.265166897357901,1.546464163496995
8.274000000000001,-1.5927094281942111,1.2037204264241594,-2.0817832896877713,2.3835369932424624,1.265166897357901,1.546464163496995
8.276,-1.5927094281942111,1.2037204264241594,-2.0817832896877713,2.3835369932424624,1.265166897357901,1.546464163496995
8.278,-1.5927094281942111,1.2037204264241594,-2.0817832896877713,2.3835369932424624,1.265166897357901,1.546464163496995
8.28,-1.5927094281942111,1.2037204264241594,-2.0817832896877713,2.3835369932424624,1.265166897357901,1.546464163496995
8.282,-1.5927094281942111,1.2037204264241594,-2.0817832896877713,2.3835369932424624,1.265166897357901,1.546464163496995
8.284,-1.5927094281942111,1.2037204264241594,-2.0817832896877713,2.3835369932424624,1.265166897357901,1.546464163496995
8.286,-1.5927094281942111,1.2037204264241594,-2.0817832896877713,2.3835369932424624,1.265166897357901,1.546464163496995
8.288,-1.5927094281942111,1.2037204264241594,-2.0817832896877713,2.3835369932424624,1.265166897357901,1.546464163496995
8.290000000000001,-1.5927094281942111,1.2037204264241594,-2.0817832896877713,2.3835369932424624,1.265166897357901,1.546464163496995
8.292,-1.5927094281942111,1.2037204264241594,-2.0817832896877713,2.3835369932424624,1.265166897357901,1.546464163496995
8.294,-1.5927094281942111,1.2037204264241594,-2.0817832896877713,2.3835369932424624,1.265166897357901,1.546464163496995
8.296,-1.5927094281942111,1.2037204264241594,-2.0817832896877713,2.3835369932424624,1.265166897357901,1.546464163496995
8.298,-1.5927094281942111,1.2037204264241594,-2.0817832896877713,2.3835369932424624,1.265166897357901,1.546464163496995
8.3,-1.5927094281942111,1.2037204264241594,-2.0817832896877713,2.3835369932424624,1.265166897357901,1.546464163496995
8.302,-1.5927094281942111,1.2037204264241594,-2.0817832896877713,2.3835369932424624,1.265166897357901,1.546464163496995
8.304,-1.5927094281942111,1.2037204264241594,-2.0817832896877713,2.3835369932424624,1.265166897357901,1.546464163496995
8.306000000000001,-1.5927094281942111,1.2037204264241594,-2.0817832896877713,2.3835369932424624,1.265166897357901,1.546464163496995
8.308,-1.5927094281942111,1.2037204264241594,-2.0817832896877713,2.3835369932424624,1.265166897357901,1.546464163496995
8.31,-1.5927094281942111,1.2037204264241594,-2.0817832896877713,2.3835369932424624,1.265166897357901,1.546464163496995
8.312,-1.5927094281942111,1.2037204264241594,-2.0817832896877713,2.3835369932424624,1.265166897357901,1.546464163496995
8.314,-1.5927094281942111,1.2037204264241594,-2.0817832896877713,2.3835369932424624,1.265166897357901,1.546464163496995
8.316,-1.5927094281942111,1.2037204264241594,-2.0817832896877713,2.3835369932424624,1.265166897357901,1.546464163496995
8.318,-1.5927094281942111,1.2037204264241594,-2.0817832896877713,2.3835369932424624,1.265166897357901,1.546464163496995
8.32,-1.5927094281942111,1.2037204264241594,-2.0817832896877713,2.3835369932424624,1.265166897357901,1.546464163496995
8.322000000000001,-1.5927094281942111,1.2037204264241594,-2.0817832896877713,2.3835369932424624,1.265166897357901,1.546464163496995
8.324,-1.5927094281942111,1.2037204264241594,-2.0817832896877713,2.3835369932424624,1.265166897357901,1.546464163496995
8.326,-1.5927094281942111,1.2037204264241594,-2.0817832896877713,2.3835369932424624,1.265166897357901,1.546464163496995
8.328,-1.5927094281942111,1.2037204264241594,-2.0817832896877713,2.3835369932424624,1.265166897357901,1.546464163496995
8.33,-1.5927094281942111,1.2037204264241594,-2.0817832896877713,2.3835369932424624,1.265166897357901,1.546464163496995
8.332,-1.5927094281942111,1.2037204264241594,-2.0817832896877713,2.3835369932424624,1.265166897357901,1.546464163496995
8.334,-1.5927094281942111,1.2037204264241594,-2.0817832896877713,2.3835369932424624,1.265166897357901,1.546464163496995
8.336,-1.5927094281942111,1.2037204264241594,-2.0817832896877713,2.3835369932424624,1.265166897357901,1.546464163496995
8.338000000000001,-1.5927094281942111,1.2037204264241594,-2.0817832896877713,2.3835369932424624,1.265166897357901,1.546464163496995
8.34,-1.5927094281942111,1.2037204264241594,-2.0817832896877713,2.3835369932424624,1.265166897357901,1.546464163496995
8.342,-1.5927094281942111,1.2037204264241594,-2.0817832896877713,2.3835369932424624,1.265166897357901,1.546464163496995
8.344,-1.5927094281942111,1.2037204264241594,-2.0817832896877713,2.3835369932424624,1.265166897357901,1.546464163496995
8.346,-1.5927094281942111,1.2037204264241594,-2.0817832896877713,2.3835369932424624,1.265166897357901,1.546464163496995
8.348,-1.5927094281942111,1.2037204264241594,-2.0817832896877713,2.3835369932424624,1.265166897357901,1.546464163496995
8.35,-1.5927094281942111,1.2037204264241594,-2.0817832896877713,2.3835369932424624,1.265166897357901,1.546464163496995
8.352,-1.5927094281942111,1.2037204264241594,-2.0817832896877713,2.3835369932424624,1.265166897357901,1.546464163496995
8.354000000000001,-1.5927094281942111,1.2037204264241594,-2.0817832896877713,2.3835369932424624,1.265166897357901,1.546464163496995
8.356,-1.5927094281942111,1.2037204264241594,-2.0817832896877713,2.3835369932424624,1.265166897357901,1.546464163496995
8.358,-1.5927094281942111,1.2037204264241594,-2.0817832896877713,2.3835369932424624,1.265166897357901,1.546464163496995
8.36,-1.5927094281942111,1.2037204264241594,-2.0817832896877713,2.3835369932424624,1.265166897357901,1.546464163496995
8.362,-1.5927094281942111,1.2037204264241594,-2.0817832896877713,2.3835369932424624,1.265166897357901,1.546464163496995
8.364,-1.5927094281942111,1.2037204264241594,-2.0817832896877713,2.3835369932424624,1.265166897357901,1.546464163496995
8.366,-1.5927094281942111,1.2037204264241594,-2.0817832896877713,2.3835369932424624,1.265166897357901,1.546464163496995
8.368,-1.5927094281942111,1.2037204264241594,-2.0817832896877713,2.3835369932424624,1.265166897357901,1.546464163496995
8.370000000000001,-1.5927094281942111,1.2037204264241594,-2.0817832896877713,2.3835369932424624,1.265166897357901,1.546464163496995
8.372,-1.5927094281942111,1.2037204264241594,-2.0817832896877713,2.3835369932424624,1.265166897357901,1.546464163496995
8.374,-1.5927094281942111,1.2037204264241594,-2.0817832896877713,2.3835369932424624,1.265166897357901,1.546464163496995
8.376,-1.5927094281942111,1.2037204264241594,-2.0817832896877713,2.3835369932424624,1.265166897357901,1.546464163496995
8.378,-1.5927094281942111,1.2037204264241594,-2.0817832896877713,2.3835369932424624,1.265166897357901,1.546464163496995
8.38,-1.5927094281942111,1.2037204264241594,-2.0817832896877713,2.3835369932424624,1.265166897357901,1.546464163496995
8.382,-1.5927094281942111,1.2037204264241594,-2.0817832896877713,2.3835369932424624,1.265166897357901,1.546464163496995
8.384,-1.5927094281942111,1.2037204264241594,-2.0817832896877713,2.3835369932424624,1.265166897357901,1.546464163496995
8.386000000000001,-1.5927094281942111,1.2037204264241594,-2.0817832896877713,2.3835369932424624,1.265166897357901,1.546464163496995
8.388,-1.5927094281942111,1.2037204264241594,-2.0817832896877713,2.3835369932424624,1.265166897357901,1.546464163496995
8.39,-1.5927094281942111,1.2037204264241594,-2.0817832896877713,2.3835369932424624,1.265166897357901,1.546464163496995
8.392,-1.5927094281942111,1.2037204264241594,-2.0817832896877713,2.3835369932424624,1.265166897357901,1.546464163496995
8.394,-1.5927094281942111,1.2037204264241594,-2.0817832896877713,2.3835369932424624,1.265166897357901,1.546464163496995
8.396,-1.5927094281942111,1.2037204264241594,-2.0817832896877713,2.3835369932424624,1.265166897357901,1.546464163496995
8.398,-1.5927094281942111,1.2037204264241594,-2.0817832896877713,2.3835369932424624,1.265166897357901,1.546464163496995
8.4,-1.5927094281942111,1.2037204264241594,-2.0817832896877713,2.3835369932424624,1.265166897357901,1.546464163496995
8.402000000000001,-1.5927094281942111,1.2037204264241594,-2.0817832896877713,2.3835369932424624,1.265166897357901,1.546464163496995
8.404,-1.5927094281942111,1.2037204264241594,-2.0817832896877713,2.3835369932424624,1.265166897357901,1.546464163496995
8.406,-1.5927094281942111,1.2037204264241594,-2.0817832896877713,2.3835369932424624,1.265166897357901,1.546464163496995
8.408,-1.5927094281942111,1.2037204264241594,-2.0817832896877713,2.3835369932424624,1.265166897357901,1.546464163496995
8.41,-1.5927094281942111,1.2037204264241594,-2.0817832896877713,2.3835369932424624,1.265166897357901,1.546464163496995
8.412,-1.5927094281942111,1.2037204264241594,-2.0817832896877713,2.3835369932424624,1.265166897357901,1.546464163496995
8.414,-1.5927094281942111,1.2037204264241594,-2.0817832896877713,2.3835369932424624,1.265166897357901,1.546464163496995
8.416,-1.5927094281942111,1.2037204264241594,-2.0817832896877713,2.3835369932424624,1.265166897357901,1.546464163496995
8.418000000000001,-1.5927094281942111,1.2037204264241594,-2.0817832896877713,2.3835369932424624,1.265166897357901,1.546464163496995
8.42,-1.5927094281942111,1.2037204264241594,-2.0817832896877713,2.3835369932424624,1.265166897357901,1.546464163496995
8.422,-1.5927094281942111,1.2037204264241594,-2.0817832896877713,2.3835369932424624,1.265166897357901,1.546464163496995
8.424,-1.5927094281942111,1.2037204264241594,-2.0817832896877713,2.3835369932424624,1.265166897357901,1.546464163496995
8.426,-1.5927094281942111,1.2037204264241594,-2.0817832896877713,2.3835369932424624,1.265166897357901,1.546464163496995
8.428,-1.5927094281942111,1.2037204264241594,-2.0817832896877713,2.3835369932424624,1.265166897357901,1.546464163496995
8.43,-1.5927094281942111,1.2037204264241594,-2.0817832896877713,2.3835369932424624,1.265166897357901,1.546464163496995
8.432,-1.5927094281942111,1.2037204264241594,-2.0817832896877713,2.3835369932424624,1.265166897357901,1.546464163496995
8.434000000000001,-1.5927094281942111,1.2037204264241594,-2.0817832896877713,2.3835369932424624,1.265166897357901,1.546464163496995
8.436,-1.5927094281942111,1.2037204264241594,-2.0817832896877713,2.3835369932424624,1.265166897357901,1.546464163496995
8.438,-1.5927094281942111,1.2037204264241594,-2.0817832896877713,2.3835369932424624,1.265166897357901,1.546464163496995
8.44,-1.5927094281942111,1.2037204264241594,-2.0817832896877713,2.3835369932424624,1.265166897357901,1.546464163496995
8.442,-1.5927094281942111,1.2037204264241594,-2.0817832896877713,2.3835369932424624,1.265166897357901,1.546464163496995
8.444,-1.5927094281942111,1.2037204264241594,-2.0817832896877713,2.3835369932424624,1.265166897357901,1.546464163496995
8.446,-1.5927094281942111,1.2037204264241594,-2.0817832896877713,2.3835369932424624,1.265166897357901,1.546464163496995
8.448,-1.5811482744907197,1.1986968003746568,-2.080267441779543,2.383969225144055,1.239174764454621,1.5586797281558629
8.45,-1.5811482744907197,1.1986968003746568,-2.080267441779543,2.383969225144055,1.239174764454621,1.5586797281558629
8.452,-1.5811482744907197,1.1986968003746568,-2.080267441779543,2.383969225144055,1.239174764454621,1.5586797281558629
8.454,-1.5811482744907197,1.1986968003746568,-2.080267441779543,2.383969225144055,1.239174764454621,1.5586797281558629
8.456,-1.5811482744907197,1.1986968003746568,-2.080267441779543,2.383969225144055,1.239174764454621,1.5586797281558629
8.458,-1.5811482744907197,1.1986968003746568,-2.080267441779543,2.383969225144055,1.239174764454621,1.5586797281558629
8.46,-1.5811482744907197,1.1986968003746568,-2.080267441779543,2.383969225144055,1.239174764454621,1.5586797281558629
8.462,-1.5811482744907197,1.1986968003746568,-2.080267441779543,2.383969225144055,1.239174764454621,1.5586797281558629
8.464,-1.5811482744907197,1.1986968003746568,-2.080267441779543,2.383969225144055,1.239174764454621,1.5586797281558629
8.466,-1.5811482744907197,1.1986968003746568,-2.080267441779543,2.383969225144055,1.239174764454621,1.5586797281558629
8.468,-1.5811482744907197,1.1986968003746568,-2.080267441779543,2.383969225144055,1.239174764454621,1.5586797281558629
8.47,-1.5811482744907197,1.1986968003746568,-2.080267441779543,2.383969225144055,1.239174764454621,1.5586797281558629
8.472,-1.5811482744907197,1.1986968003746568,-2.080267441779543,2.383969225144055,1.239174764454621,1.5586797281558629
8.474,-1.5811482744907197,1.1986968003746568,-2.080267441779543,2.383969225144055,1.239174764454621,1.5586797281558629
8.476,-1.5811482744907197,1.1986968003746568,-2.080267441779543,2.383969225144055,1.239174764454621,1.5586797281558629
8.478,-1.5811482744907197,1.1986968003746568,-2.080267441779543,2.383969225144055,1.239174764454621,1.5586797281558629
8.48,-1.5811482744907197,1.1986968003746568,-2.080267441779543,2.383969225144055,1.239174764454621,1.5586797281558629
8.482,-1.5811482744907197,1.1986968003746568,-2.080267441779543,2.383969225144055,1.239174764454621,1.5586797281558629
8.484,-1.5811482744907197,1.1986968003746568,-2.080267441779543,2.383969225144055,1.239174764454621,1.5586797281558629
8.486,-1.5811482744907197,1.1986968003746568,-2.080267441779543,2.383969225144055,1.239174764454621,1.5586797281558629
8.488,-1.5811482744907197,1.1986968003746568,-2.080267441779543,2.383969225144055,1.239174764454621,1.5586797281558629
8.49,-1.5811482744907197,1.1986968003746568,-2.080267441779543,2.383969225144055,1.239174764454621,1.5586797281558629
8.492,-1.5811482744907197,1.1986968003746568,-2.080267441779543,2.383969225144055,1.239174764454621,1.5586797281558629
8.494,-1.5811482744907197,1.1986968003746568,-2.080267441779543,2.383969225144055,1.239174764454621,1.5586797281558629
8.496,-1.5811482744907197,1.1986968003746568,-2.080267441779543,2.383969225144055,1.239174764454621,1.5586797281558629
8.498,-1.5811482744907197,1.1986968003746568,-2.080267441779543,2.383969225144055,1.239174764454621,1.5586797281558629
8.5,-1.5811482744907197,1.1986968003746568,-2.080267441779543,2.383969225144055,1.239174764454621,1.5586797281558629
8.502,-1.5811482744907197,1.1986968003746568,-2.080267441779543,2.383969225144055,1.239174764454621,1.5586797281558629
8.504,-1.5811482744907197,1.1986968003746568,-2.080267441779543,2.383969225144055,1.239174764454621,1.5586797281558629
8.506,-1.5811482744907197,1.1986968003746568,-2.080267441779543,2.383969225144055,1.239174764454621,1.5586797281558629
8.508000000000001,-1.5811482744907197,1.1986968003746568,-2.080267441779543,2.383969225144055,1.239174764454621,1.5586797281558629
8.51,-1.5811482744907197,1.1986968003746568,-2.080267441779543,2.383969225144055,1.239174764454621,1.5586797281558629
8.512,-1.5811482744907197,1.1986968003746568,-2.080267441779543,2.383969225144055,1.239174764454621,1.5586797281558629
8.514,-1.5811482744907197,1.1986968003746568,-2.080267441779543,2.383969225144055,1.239174764454621,1.5586797281558629
8.516,-1.5811482744907197,1.1986968003746568,-2.080267441779543,2.383969225144055,1.239174764454621,1.5586797281558629
8.518,-1.5811482744907197,1.1986968003746568,-2.080267441779543,2.383969225144055,1.239174764454621,1.5586797281558629
8.52,-1.5811482744907197,1.1986968003746568,-2.080267441779543,2.383969225144055,1.239174764454621,1.5586797281558629
8.522,-1.5811482744907197,1.1986968003746568,-2.080267441779543,2.383969225144055,1.239174764454621,1.5586797281558629
8.524000000000001,-1.5811482744907197,1.1986968003746568,-2.080267441779543,2.383969225144055,1.239174764454621,1.5586797281558629
8.526,-1.5811482744907197,1.1986968003746568,-2.080267441779543,2.383969225144055,1.239174764454621,1.5586797281558629
8.528,-1.5811482744907197,1.1986968003746568,-2.080267441779543,2.383969225144055,1.239174764454621,1.5586797281558629
8.53,-1.5811482744907197,1.1986968003746568,-2.080267441779543,2.383969225144055,1.239174764454621,1.5586797281558629
8.532,-1.5811482744907197,1.1986968003746568,-2.080267441779543,2.383969225144055,1.239174764454621,1.5586797281558629
8.534,-1.5811482744907197,1.1986968003746568,-2.080267441779543,2.383969225144055,1.239174764454621,1.5586797281558629
8.536,-1.5811482744907197,1.1986968003746568,-2.080267441779543,2.383969225144055,1.239174764454621,1.5586797281558629
8.538,-1.5811482744907197,1.1986968003746568,-2.080267441779543,2.383969225144055,1.239174764454621,1.5586797281558629
8.540000000000001,-1.5811482744907197,1.1986968003746568,-2.080267441779543,2.383969225144055,1.239174764454621,1.5586797281558629
8.542,-1.5811482744907197,1.1986968003746568,-2.080267441779543,2.383969225144055,1.239174764454621,1.5586797281558629
8.544,-1.5811482744907197,1.1986968003746568,-2.080267441779543,2.383969225144055,1.239174764454621,1.5586797281558629
8.546,-1.5811482744907197,1.1986968003746568,-2.080267441779543,2.383969225144055,1.239174764454621,1.5586797281558629
8.548,-1.5811482744907197,1.1986968003746568,-2.080267441779543,2.383969225144055,1.239174764454621,1.5586797281558629
8.55,-1.5811482744907197,1.1986968003746568,-2.080267441779543,2.383969225144055,1.239174764454621,1.5586797281558629
8.552,-1.5811482744907197,1.1986968003746568,-2.080267441779543,2.383969225144055,1.239174764454621,1.5586797281558629
8.554,-1.5811482744907197,1.1986968003746568,-2.080267441779543,2.383969225144055,1.239174764454621,1.5586797281558629
8.556000000000001,-1.5811482744907197,1.1986968003746568,-2.080267441779543,2.383969225144055,1.239174764454621,1.5586797281558629
8.558,-1.5811482744907197,1.1986968003746568,-2.080267441779543,2.383969225144055,1.239174764454621,1.5586797281558629
8.56,-1.5811482744907197,1.1986968003746568,-2.080267441779543,2.383969225144055,1.239174764454621,1.5586797281558629
8.562,-1.5811482744907197,1.1986968003746568,-2.080267441779543,2.383969225144055,1.239174764454621,1.5586797281558629
8.564,-1.5811482744907197,1.1986968003746568,-2.080267441779543,2.383969225144055,1.239174764454621,1.5586797281558629
8.566,-1.5811482744907197,1.1986968003746568,-2.080267441779543,2.383969225144055,1.239174764454621,1.5586797281558629
8.568,-1.5811482744907197,1.1986968003746568,-2.080267441779543,2.383969225144055,1.239174764454621,1.5586797281558629
8.57,-1.5811482744907197,1.1986968003746568,-2.080267441779543,2.383969225144055,1.239174764454621,1.5586797281558629
8.572000000000001,-1.5811482744907197,1.1986968003746568,-2.080267441779543,2.383969225144055,1.239174764454621,1.5586797281558629
8.574,-1.5811482744907197,1.1986968003746568,-2.080267441779543,2.383969225144055,1.239174764454621,1.5586797281558629
8.576,-1.5811482744907197,1.1986968003746568,-2.080267441779543,2.383969225144055,1.239174764454621,1.5586797281558629
8.578,-1.5811482744907197,1.1986968003746568,-2.080267441779543,2.383969225144055,1.239174764454621,1.5586797281558629
8.58,-1.5811482744907197,1.1986968003746568,-2.080267441779543,2.383969225144055,1.239174764454621,1.5586797281558629
8.582,-1.5811482744907197,1.1986968003746568,-2.080267441779543,2.383969225144055,1.239174764454621,1.5586797281558629
8.584,-1.5811482744907197,1.1986968003746568,-2.080267441779543,2.383969225144055,1.239174764454621,1.5586797281558629
8.586,-1.5811482744907197,1.1986968003746568,-2.080267441779543,2.383969225144055,1.239174764454621,1.5586797281558629
8.588000000000001,-1.5811482744907197,1.1986968003746568,-2.080267441779543,2.383969225144055,1.239174764454621,1.5586797281558629
8.59,-1.5811482744907197,1.1986968003746568,-2.080267441779543,2.383969225144055,1.239174764454621,1.5586797281558629
8.592,-1.5811482744907197,1.1986968003746568,-2.080267441779543,2.383969225144055,1.239174764454621,1.5586797281558629
8.594,-1.5811482744907197,1.1986968003746568,-2.080267441779543,2.383969225144055,1.239174764454621,1.5586797281558629
8.596,-1.5811482744907197,1.1986968003746568,-2.080267441779543,2.383969225144055,1.239174764454621,1.5586797281558629
8.598,-1.5811482744907197,1.1986968003746568,-2.080267441779543,2.383969225144055,1.239174764454621,1.5586797281558629
8.6,-1.5811482744907197,1.1986968003746568,-2.080267441779543,2.383969225144055,1.239174764454621,1.5586797281558629
8.602,-1.5811482744907197,1.1986968003746568,-2.080267441779543,2.383969225144055,1.239174764454621,1.5586797281558629
8.604000000000001,-1.5811482744907197,1.1986968003746568,-2.080267441779543,2.383969225144055,1.239174764454621,1.5586797281558629
8.606,-1.5811482744907197,1.1986968003746568,-2.080267441779543,2.383969225144055,1.239174764454621,1.5586797281558629
8.608,-1.5811482744907197,1.1986968003746568,-2.080267441779543,2.383969225144055,1.239174764454621,1.5586797281558629
8.61,-1.5811482744907197,1.1986968003746568,-2.080267441779543,2.383969225144055,1.239174764454621,1.5586797281558629
8.612,-1.5811482744907197,1.1986968003746568,-2.080267441779543,2.383969225144055,1.239174764454621,1.5586797281558629
8.614,-1.5811482744907197,1.1986968003746568,-2.080267441779543,2.383969225144055,1.239174764454621,1.5586797281558629
8.616,-1.5811482744907197,1.1986968003746568,-2.080267441779543,2.383969225144055,1.239174764454621,1.5586797281558629
8.618,-1.5811482744907197,1.1986968003746568,-2.080267441779543,2.383969225144055,1.239174764454621,1.5586797281558629
8.620000000000001,-1.5811482744907197,1.1986968003746568,-2.080267441779543,2.383969225144055,1.239174764454621,1.5586797281558629
8.622,-1.5811482744907197,1.1986968003746568,-2.080267441779543,2.383969225144055,1.239174764454621,1.5586797281558629
8.624,-1.5811482744907197,1.1986968003746568,-2.080267441779543,2.383969225144055,1.239174764454621,1.5586797281558629
8.626,-1.5811482744907197,1.1986968003746568,-2.080267441779543,2.383969225144055,1.239174764454621,1.5586797281558629
8.628,-1.5811482744907197,1.1986968003746568,-2.080267441779543,2.383969225144055,1.239174764454621,1.5586797281558629
8.63,-1.5811482744907197,1.1986968003746568,-2.080267441779543,2.383969225144055,1.239174764454621,1.5586797281558629
8.632,-1.5811482744907197,1.1986968003746568,-2.080267441779543,2.383969225144055,1.239174764454621,1.5586797281558629
8.634,-1.5811482744907197,1.1986968003746568,-2.080267441779543,2.383969225144055,1.239174764454621,1.5586797281558629
8.636000000000001,-1.5811482744907197,1.1986968003746568,-2.080267441779543,2.383969225144055,1.239174764454621,1.5586797281558629
8.638,-1.5811482744907197,1.1986968003746568,-2.080267441779543,2.383969225144055,1.239174764454621,1.5586797281558629
8.64,-1.5811482744907197,1.1986968003746568,-2.080267441779543,2.383969225144055,1.239174764454621,1.5586797281558629
8.642,-1.5811482744907197,1.1986968003746568,-2.080267441779543,2.383969225144055,1.239174764454621,1.5586797281558629
8.644,-1.5811482744907197,1.1986968003746568,-2.080267441779543,2.383969225144055,1.239174764454621,1.5586797281558629
8.646,-1.5811482744907197,1.1986968003746568,-2.080267441779543,2.383969225144055,1.239174764454621,1.5586797281558629
8.648,-1.5811482744907197,1.1986968003746568,-2.080267441779543,2.383969225144055,1.239174764454621,1.5586797281558629
8.65,-1.5811482744907197,1.1986968003746568,-2.080267441779543,2.383969225144055,1.239174764454621,1.5586797281558629
8.652000000000001,-1.5811482744907197,1.1986968003746568,-2.080267441779543,2.383969225144055,1.239174764454621,1.5586797281558629
8.654,-1.5811482744907197,1.1986968003746568,-2.080267441779543,2.383969225144055,1.239174764454621,1.5586797281558629
8.656,-1.5811482744907197,1.1986968003746568,-2.080267441779543,2.383969225144055,1.239174764454621,1.5586797281558629
8.658,-1.5811482744907197,1.1986968003746568,-2.080267441779543,2.383969225144055,1.239174764454621,1.5586797281558629
8.66,-1.5811482744907197,1.1986968003746568,-2.080267441779543,2.383969225144055,1.239174764454621,1.5586797281558629
8.662,-1.5811482744907197,1.1986968003746568,-2.080267441779543,2.383969225144055,1.239174764454621,1.5586797281558629
8.664,-1.5811482744907197,1.1986968003746568,-2.080267441779543,2.383969225144055,1.239174764454621,1.5586797281558629
8.666,-1.5811482744907197,1.1986968003746568,-2.080267441779543,2.383969225144055,1.239174764454621,1.5586797281558629
8.668000000000001,-1.5811482744907197,1.1986968003746568,-2.080267441779543,2.383969225144055,1.239174764454621,1.5586797281558629
8.67,-1.5811482744907197,1.1986968003746568,-2.080267441779543,2.383969225144055,1.239174764454621,1.5586797281558629
8.672,-1.5811482744907197,1.1986968003746568,-2.080267441779543,2.383969225144055,1.239174764454621,1.5586797281558629
8.674,-1.5811482744907197,1.1986968003746568,-2.080267441779543,2.383969225144055,1.239174764454621,1.5586797281558629
8.676,-1.5811482744907197,1.1986968003746568,-2.080267441779543,2.383969225144055,1.239174764454621,1.5586797281558629
8.678,-1.5811482744907197,1.1986968003746568,-2.080267441779543,2.383969225144055,1.239174764454621,1.5586797281558629
8.68,-1.5811482744907197,1.1986968003746568,-2.080267441779543,2.383969225144055,1.239174764454621,1.5586797281558629
8.682,-1.5811482744907197,1.1986968003746568,-2.080267441779543,2.383969225144055,1.239174764454621,1.5586797281558629
8.684000000000001,-1.5811482744907197,1.1986968003746568,-2.080267441779543,2.383969225144055,1.239174764454621,1.5586797281558629
8.686,-1.5811482744907197,1.1986968003746568,-2.080267441779543,2.383969225144055,1.239174764454621,1.5586797281558629
8.688,-1.5811482744907197,1.1986968003746568,-2.080267441779543,2.383969225144055,1.239174764454621,1.5586797281558629
8.69,-1.5811482744907197,1.1986968003746568,-2.080267441779543,2.383969225144055,1.239174764454621,1.5586797281558629
8.692,-1.5811482744907197,1.1986968003746568,-2.080267441779543,2.383969225144055,1.239174764454621,1.5586797281558629
8.694,-1.5811482744907197,1.1986968003746568,-2.080267441779543,2.383969225144055,1.239174764454621,1.5586797281558629
8.696,-1.5811482744907197,1.1986968003746568,-2.080267441779543,2.383969225144055,1.239174764454621,1.5586797281558629
8.698,-1.5811482744907197,1.1986968003746568,-2.080267441779543,2.383969225144055,1.239174764454621,1.5586797281558629
8.700000000000001,-1.5811482744907197,1.1986968003746568,-2.080267441779543,2.383969225144055,1.239174764454621,1.5586797281558629
8.702,-1.5811482744907197,1.1986968003746568,-2.080267441779543,2.383969225144055,1.239174764454621,1.5586797281558629
8.704,-1.5811482744907197,1.1986968003746568,-2.080267441779543,2.383969225144055,1.239174764454621,1.5586797281558629
8.706,-1.5811482744907197,1.1986968003746568,-2.080267441779543,2.383969225144055,1.239174764454621,1.5586797281558629
8.708,-1.5811482744907197,1.1986968003746568,-2.080267441779543,2.383969225144055,1.239174764454621,1.5586797281558629
8.71,-1.5688037762538847,1.1929334306845645,-2.0784730877618594,2.384008997761861,1.2108581121970134,1.5719670054127342
8.712,-1.5688037762538847,1.1929334306845645,-2.0784730877618594,2.384008997761861,1.2108581121970134,1.5719670054127342
8.714,-1.5688037762538847,1.1929334306845645,-2.0784730877618594,2.384008997761861,1.2108581121970134,1.5719670054127342
8.716,-1.5688037762538847,1.1929334306845645,-2.0784730877618594,2.384008997761861,1.2108581121970134,1.5719670054127342
8.718,-1.5688037762538847,1.1929334306845645,-2.0784730877618594,2.384008997761861,1.2108581121970134,1.5719670054127342
8.72,-1.5688037762538847,1.1929334306845645,-2.0784730877618594,2.384008997761861,1.2108581121970134,1.5719670054127342
8.722,-1.5688037762538847,1.1929334306845645,-2.0784730877618594,2.384008997761861,1.2108581121970134,1.5719670054127342
8.724,-1.5688037762538847,1.1929334306845645,-2.0784730877618594,2.384008997761861,1.2108581121970134,1.5719670054127342
8.726,-1.5688037762538847,1.1929334306845645,-2.0784730877618594,2.384008997761861,1.2108581121970134,1.5719670054127342
8.728,-1.5688037762538847,1.1929334306845645,-2.0784730877618594,2.384008997761861,1.2108581121970134,1.5719670054127342
8.73,-1.5688037762538847,1.1929334306845645,-2.0784730877618594,2.384008997761861,1.2108581121970134,1.5719670054127342
8.732,-1.5688037762538847,1.1929334306845645,-2.0784730877618594,2.384008997761861,1.2108581121970134,1.5719670054127342
8.734,-1.5688037762538847,1.1929334306845645,-2.0784730877618594,2.384008997761861,1.2108581121970134,1.5719670054127342
8.736,-1.5688037762538847,1.1929334306845645,-2.0784730877618594,2.384008997761861,1.2108581121970134,1.5719670054127342
8.738,-1.5688037762538847,1.1929334306845645,-2.0784730877618594,2.384008997761861,1.2108581121970134,1.5719670054127342
8.74,-1.5688037762538847,1.1929334306845645,-2.0784730877618594,2.384008997761861,1.2108581121970134,1.5719670054127342
8.742,-1.5688037762538847,1.1929334306845645,-2.0784730877618594,2.384008997761861,1.2108581121970134,1.5719670054127342
8.744,-1.5688037762538847,1.1929334306845645,-2.0784730877618594,2.384008997761861,1.2108581121970134,1.5719670054127342
8.746,-1.5688037762538847,1.1929334306845645,-2.0784730877618594,2.384008997761861,1.2108581121970134,1.5719670054127342
8.748,-1.5688037762538847,1.1929334306845645,-2.0784730877618594,2.384008997761861,1.2108581121970134,1.5719670054127342
8.75,-1.5688037762538847,1.1929334306845645,-2.0784730877618594,2.384008997761861,1.2108581121970134,1.5719670054127342
8.752,-1.5688037762538847,1.1929334306845645,-2.0784730877618594,2.384008997761861,1.2108581121970134,1.5719670054127342
8.754,-1.5688037762538847,1.1929334306845645,-2.0784730877618594,2.384008997761861,1.2108581121970134,1.5719670054127342
8.756,-1.5688037762538847,1.1929334306845645,-2.0784730877618594,2.384008997761861,1.2108581121970134,1.5719670054127342
8.758000000000001,-1.5688037762538847,1.1929334306845645,-2.0784730877618594,2.384008997761861,1.2108581121970134,1.5719670054127342
8.76,-1.5688037762538847,1.1929334306845645,-2.0784730877618594,2.384008997761861,1.2108581121970134,1.5719670054127342
8.762,-1.5688037762538847,1.1929334306845645,-2.0784730877618594,2.384008997761861,1.2108581121970134,1.5719670054127342
8.764,-1.5688037762538847,1.1929334306845645,-2.0784730877618594,2.384008997761861,1.2108581121970134,1.5719670054127342
8.766,-1.5688037762538847,1.1929334306845645,-2.0784730877618594,2.384008997761861,1.2108581121970134,1.5719670054127342
8.768,-1.5688037762538847,1.1929334306845645,-2.0784730877618594,2.384008997761861,1.2108581121970134,1.5719670054127342
8.77,-1.5688037762538847,1.1929334306845645,-2.0784730877618594,2.384008997761861,1.2108581121970134,1.5719670054127342
8.772,-1.5688037762538847,1.1929334306845645,-2.0784730877618594,2.384008997761861,1.2108581121970134,1.5719670054127342
8.774000000000001,-1.5688037762538847,1.1929334306845645,-2.0784730877618594,2.384008997761861,1.2108581121970134,1.5719670054127342
8.776,-1.5688037762538847,1.1929334306845645,-2.0784730877618594,2.384008997761861,1.2108581121970134,1.5719670054127342
8.778,-1.5688037762538847,1.1929334306845645,-2.0784730877618594,2.384008997761861,1.2108581121970134,1.5719670054127342
8.78,-1.5688037762538847,1.1929334306845645,-2.0784730877618594,2.384008997761861,1.2108581121970134,1.5719670054127342
8.782,-1.5688037762538847,1.1929334306845645,-2.0784730877618594,2.384008997761861,1.2108581121970134,1.5719670054127342
8.784,-1.5688037762538847,1.1929334306845645,-2.0784730877618594,2.384008997761861,1.2108581121970134,1.5719670054127342
8.786,-1.5688037762538847,1.1929334306845645,-2.0784730877618594,2.384008997761861,1.2108581121970134,1.5719670054127342
8.788,-1.5688037762538847,1.1929334306845645,-2.0784730877618594,2.384008997761861,1.2108581121970134,1.5719670054127342
8.790000000000001,-1.5688037762538847,1.1929334306845645,-2.0784730877618594,2.384008997761861,1.2108581121970134,1.5719670054127342
8.792,-1.5688037762538847,1.1929334306845645,-2.0784730877618594,2.384008997761861,1.2108581121970134,1.5719670054127342
8.794,-1.5688037762538847,1.1929334306845645,-2.0784730877618594,2.384008997761861,1.2108581121970134,1.5719670054127342
8.796,-1.5688037762538847,1.1929334306845645,-2.0784730877618594,2.384008997761861,1.2108581121970134,1.5719670054127342
8.798,-1.5688037762538847,1.1929334306845645,-2.0784730877618594,2.384008997761861,1.2108581121970134,1.5719670054127342
8.8,-1.5688037762538847,1.1929334306845645,-2.0784730877618594,2.384008997761861,1.2108581121970134,1.5719670054127342
8.802,-1.5688037762538847,1.1929334306845645,-2.0784730877618594,2.384008997761861,1.2108581121970134,1.5719670054127342
8.804,-1.5688037762538847,1.1929334306845645,-2.0784730877618594,2.384008997761861,1.2108581121970134,1.5719670054127342
8.806000000000001,-1.5688037762538847,1.1929334306845645,-2.0784730877618594,2.384008997761861,1.2108581121970134,1.5719670054127342
8.808,-1.5688037762538847,1.1929334306845645,-2.0784730877618594,2.384008997761861,1.2108581121970134,1.5719670054127342
8.81,-1.5688037762538847,1.1929334306845645,-2.0784730877618594,2.384008997761861,1.2108581121970134,1.5719670054127342
8.812,-1.5688037762538847,1.1929334306845645,-2.0784730877618594,2.384008997761861,1.2108581121970134,1.5719670054127342
8.814,-1.5688037762538847,1.1929334306845645,-2.0784730877618594,2.384008997761861,1.2108581121970134,1.5719670054127342
8.816,-1.5688037762538847,1.1929334306845645,-2.0784730877618594,2.384008997761861,1.2108581121970134,1.5719670054127342
8.818,-1.5688037762538847,1.1929334306845645,-2.0784730877618594,2.384008997761861,1.2108581121970134,1.5719670054127342
8.82,-1.5688037762538847,1.1929334306845645,-2.0784730877618594,2.384008997761861,1.2108581121970134,1.5719670054127342
8.822000000000001,-1.5688037762538847,1.1929334306845645,-2.0784730877618594,2.384008997761861,1.2108581121970134,1.5719670054127342
8.824,-1.5688037762538847,1.1929334306845645,-2.0784730877618594,2.384008997761861,1.2108581121970134,1.5719670054127342
8.826,-1.5688037762538847,1.1929334306845645,-2.0784730877618594,2.384008997761861,1.2108581121970134,1.5719670054127342
8.828,-1.5688037762538847,1.1929334306845645,-2.0784730877618594,2.384008997761861,1.2108581121970134,1.5719670054127342
8.83,-1.5688037762538847,1.1929334306845645,-2.0784730877618594,2.384008997761861,1.2108581121970134,1.5719670054127342
8.832,-1.5688037762538847,1.1929334306845645,-2.0784730877618594,2.384008997761861,1.2108581121970134,1.5719670054127342
8.834,-1.5688037762538847,1.1929334306845645,-2.0784730877618594,2.384008997761861,1.2108581121970134,1.5719670054127342
8.836,-1.5688037762538847,1.1929334306845645,-2.0784730877618594,2.384008997761861,1.2108581121970134,1.5719670054127342
8.838000000000001,-1.5688037762538847,1.1929334306845645,-2.0784730877618594,2.384008997761861,1.2108581121970134,1.5719670054127342
8.84,-1.5688037762538847,1.1929334306845645,-2.0784730877618594,2.384008997761861,1.2108581121970134,1.5719670054127342
8.842,-1.5688037762538847,1.1929334306845645,-2.0784730877618594,2.384008997761861,1.2108581121970134,1.5719670054127342
8.844,-1.5688037762538847,1.1929334306845645,-2.0784730877618594,2.384008997761861,1.2108581121970134,1.5719670054127342
8.846,-1.5688037762538847,1.1929334306845645,-2.0784730877618594,2.384008997761861,1.2108581121970134,1.5719670054127342
8.848,-1.5688037762538847,1.1929334306845645,-2.0784730877618594,2.384008997761861,1.2108581121970134,1.5719670054127342
8.85,-1.5688037762538847,1.1929334306845645,-2.0784730877618594,2.384008997761861,1.2108581121970134,1.5719670054127342
8.852,-1.5688037762538847,1.1929334306845645,-2.0784730877618594,2.384008997761861,1.2108581121970134,1.5719670054127342
8.854000000000001,-1.5688037762538847,1.1929334306845645,-2.0784730877618594,2.384008997761861,1.2108581121970134,1.5719670054127342
8.856,-1.5688037762538847,1.1929334306845645,-2.0784730877618594,2.384008997761861,1.2108581121970134,1.5719670054127342
8.858,-1.5688037762538847,1.1929334306845645,-2.0784730877618594,2.384008997761861,1.2108581121970134,1.5719670054127342
8.86,-1.5688037762538847,1.1929334306845645,-2.0784730877618594,2.384008997761861,1.2108581121970134,1.5719670054127342
8.862,-1.5688037762538847,1.1929334306845645,-2.0784730877618594,2.384008997761861,1.2108581121970134,1.5719670054127342
8.864,-1.5688037762538847,1.1929334306845645,-2.0784730877618594,2.384008997761861,1.2108581121970134,1.5719670054127342
8.866,-1.5688037762538847,1.1929334306845645,-2.0784730877618594,2.384008997761861,1.2108581121970134,1.5719670054127342
8.868,-1.5688037762538847,1.1929334306845645,-2.0784730877618594,2.384008997761861,1.2108581121970134,1.5719670054127342
8.870000000000001,-1.5688037762538847,1.1929334306845645,-2.0784730877618594,2.384008997761861,1.2108581121970134,1.5719670054127342
8.872,-1.5688037762538847,1.1929334306845645,-2.0784730877618594,2.384008997761861,1.2108581121970134,1.5719670054127342
8.874,-1.5688037762538847,1.1929334306845645,-2.0784730877618594,2.384008997761861,1.2108581121970134,1.5719670054127342
8.876,-1.5688037762538847,1.1929334306845645,-2.0784730877618594,2.384008997761861,1.2108581121970134,1.5719670054127342
8.878,-1.5688037762538847,1.1929334306845645,-2.0784730877618594,2.384008997761861,1.2108581121970134,1.5719670054127342
8.88,-1.5688037762538847,1.1929334306845645,-2.0784730877618594,2.384008997761861,1.2108581121970134,1.5719670054127342
8.882,-1.5688037762538847,1.1929334306845645,-2.0784730877618594,2.384008997761861,1.2108581121970134,1.5719670054127342
8.884,-1.5688037762538847,1.1929334306845645,-2.0784730877618594,2.384008997761861,1.2108581121970134,1.5719670054127342
8.886000000000001,-1.5688037762538847,1.1929334306845645,-2.0784730877618594,2.384008997761861,1.2108581121970134,1.5719670054127342
8.888,-1.5688037762538847,1.1929334306845645,-2.0784730877618594,2.384008997761861,1.2108581121970134,1.5719670054127342
8.89,-1.5688037762538847,1.1929334306845645,-2.0784730877618594,2.384008997761861,1.2108581121970134,1.5719670054127342
8.892,-1.5688037762538847,1.1929334306845645,-2.0784730877618594,2.384008997761861,1.2108581121970134,1.5719670054127342
8.894,-1.5688037762538847,1.1929334306845645,-2.0784730877618594,2.384008997761861,1.2108581121970134,1.5719670054127342
8.896,-1.5688037762538847,1.1929334306845645,-2.0784730877618594,2.384008997761861,1.2108581121970134,1.5719670054127342
8.898,-1.5688037762538847,1.1929334306845645,-2.0784730877618594,2.384008997761861,1.2108581121970134,1.5719670054127342
8.9,-1.5688037762538847,1.1929334306845645,-2.0784730877618594,2.384008997761861,1.2108581121970134,1.5719670054127342
8.902000000000001,-1.5688037762538847,1.1929334306845645,-2.0784730877618594,2.384008997761861,1.2108581121970134,1.5719670054127342
8.904,-1.5688037762538847,1.1929334306845645,-2.0784730877618594,2.384008997761861,1.2108581121970134,1.5719670054127342
8.906,-1.5688037762538847,1.1929334306845645,-2.0784730877618594,2.384008997761861,1.2108581121970134,1.5719670054127342
8.908,-1.5688037762538847,1.1929334306845645,-2.0784730877618594,2.384008997761861,1.2108581121970134,1.5719670054127342
8.91,-1.5688037762538847,1.1929334306845645,-2.0784730877618594,2.384008997761861,1.2108581121970134,1.5719670054127342
8.912,-1.5688037762538847,1.1929334306845645,-2.0784730877618594,2.384008997761861,1.2108581121970134,1.5719670054127342
8.914,-1.5688037762538847,1.1929334306845645,-2.0784730877618594,2.384008997761861,1.2108581121970134,1.5719670054127342
8.916,-1.5688037762538847,1.1929334306845645,-2.0784730877618594,2.384008997761861,1.2108581121970134,1.5719670054127342
8.918000000000001,-1.5688037762538847,1.1929334306845645,-2.0784730877618594,2.384008997761861,1.2108581121970134,1.5719670054127342
8.92,-1.5688037762538847,1.1929334306845645,-2.0784730877618594,2.384008997761861,1.2108581121970134,1.5719670054127342
8.922,-1.5688037762538847,1.1929334306845645,-2.0784730877618594,2.384008997761861,1.2108581121970134,1.5719670054127342
8.924,-1.5688037762538847,1.1929334306845645,-2.0784730877618594,2.384008997761861,1.2108581121970134,1.5719670054127342
8.926,-1.5688037762538847,1.1929334306845645,-2.0784730877618594,2.384008997761861,1.2108581121970134,1.5719670054127342
8.928,-1.5688037762538847,1.1929334306845645,-2.0784730877618594,2.384008997761861,1.2108581121970134,1.5719670054127342
8.93,-1.5688037762538847,1.1929334306845645,-2.0784730877618594,2.384008997761861,1.2108581121970134,1.5719670054127342
8.932,-1.5688037762538847,1.1929334306845645,-2.0784730877618594,2.384008997761861,1.2108581121970134,1.5719670054127342
8.934000000000001,-1.5688037762538847,1.1929334306845645,-2.0784730877618594,2.384008997761861,1.2108581121970134,1.5719670054127342
8.936,-1.5688037762538847,1.1929334306845645,-2.0784730877618594,2.384008997761861,1.2108581121970134,1.5719670054127342
8.938,-1.5688037762538847,1.1929334306845645,-2.0784730877618594,2.384008997761861,1.2108581121970134,1.5719670054127342
8.94,-1.5688037762538847,1.1929334306845645,-2.0784730877618594,2.384008997761861,1.2108581121970134,1.5719670054127342
8.942,-1.5688037762538847,1.1929334306845645,-2.0784730877618594,2.384008997761861,1.2108581121970134,1.5719670054127342
8.944,-1.5688037762538847,1.1929334306845645,-2.0784730877618594,2.384008997761861,1.2108581121970134,1.5719670054127342
8.946,-1.5688037762538847,1.1929334306845645,-2.0784730877618594,2.384008997761861,1.2108581121970134,1.5719670054127342
8.948,-1.5688037762538847,1.1929334306845645,-2.0784730877618594,2.384008997761861,1.2108581121970134,1.5719670054127342
8.950000000000001,-1.5688037762538847,1.1929334306845645,-2.0784730877618594,2.384008997761861,1.2108581121970134,1.5719670054127342
8.952,-1.5688037762538847,1.1929334306845645,-2.0784730877618594,2.384008997761861,1.2108581121970134,1.5719670054127342
8.954,-1.5688037762538847,1.1929334306845645,-2.0784730877618594,2.384008997761861,1.2108581121970134,1.5719670054127342
8.956,-1.5688037762538847,1.1929334306845645,-2.0784730877618594,2.384008997761861,1.2108581121970134,1.5719670054127342
8.958,-1.5688037762538847,1.1929334306845645,-2.0784730877618594,2.384008997761861,1.2108581121970134,1.5719670054127342
8.96,-1.5688037762538847,1.1929334306845645,-2.0784730877618594,2.384008997761861,1.2108581121970134,1.5719670054127342
8.962,-1.5688037762538847,1.1929334306845645,-2.0784730877618594,2.384008997761861,1.2108581121970134,1.5719670054127342
8.964,-1.5688037762538847,1.1929334306845645,-2.0784730877618594,2.384008997761861,1.2108581121970134,1.5719670054127342
8.966,-1.5688037762538847,1.1929334306845645,-2.0784730877618594,2.384008997761861,1.2108581121970134,1.5719670054127342
8.968,-1.5688037762538847,1.1929334306845645,-2.0784730877618594,2.384008997761861,1.2108581121970134,1.5719670054127342
8.97,-1.5688037762538847,1.1929334306845645,-2.0784730877618594,2.384008997761861,1.2108581121970134,1.5719670054127342
8.972,-1.5688037762538847,1.1929334306845645,-2.0784730877618594,2.384008997761861,1.2108581121970134,1.5719670054127342
8.974,-1.5688037762538847,1.1929334306845645,-2.0784730877618594,2.384008997761861,1.2108581121970134,1.5719670054127342
8.976,-1.5688037762538847,1.1929334306845645,-2.0784730877618594,2.384008997761861,1.2108581121970134,1.5719670054127342
8.978,-1.5688037762538847,1.1929334306845645,-2.0784730877618594,2.384008997761861,1.2108581121970134,1.5719670054127342
8.98,-1.5688037762538847,1.1929334306845645,-2.0784730877618594,2.384008997761861,1.2108581121970134,1.5719670054127342
8.982,-1.5688037762538847,1.1929334306845645,-2.0784730877618594,2.384008997761861,1.2108581121970134,1.5719670054127342
8.984,-1.5688037762538847,1.1929334306845645,-2.0784730877618594,2.384008997761861,1.2108581121970134,1.5719670054127342
8.986,-1.5688037762538847,1.1929334306845645,-2.0784730877618594,2.384008997761861,1.2108581121970134,1.5719670054127342
8.988,-1.5688037762538847,1.1929334306845645,-2.0784730877618594,2.384008997761861,1.2108581121970134,1.5719670054127342
8.99,-1.5688037762538847,1.1929334306845645,-2.0784730877618594,2.384008997761861,1.2108581121970134,1.5719670054127342
8.992,-1.5688037762538847,1.1929334306845645,-2.0784730877618594,2.384008997761861,1.2108581121970134,1.5719670054127342
8.994,-1.5688037762538847,1.1929334306845645,-2.0784730877618594,2.384008997761861,1.2108581121970134,1.5719670054127342
8.996,-1.5557049605845625,1.1863354549717673,-2.0763629369604533,2.3835799531884287,1.1800345224439495,1.586387246976473
8.998,-1.5557049605845625,1.1863354549717673,-2.0763629369604533,2.3835799531884287,1.1800345224439495,1.586387246976473
9.0,-1.5557049605845625,1.1863354549717673,-2.0763629369604533,2.3835799531884287,1.1800345224439495,1.586387246976473
9.002,-1.5557049605845625,1.1863354549717673,-2.0763629369604533,2.3835799531884287,1.1800345224439495,1.586387246976473
9.004,-1.5557049605845625,1.1863354549717673,-2.0763629369604533,2.3835799531884287,1.1800345224439495,1.586387246976473
9.006,-1.5557049605845625,1.1863354549717673,-2.0763629369604533,2.3835799531884287,1.1800345224439495,1.586387246976473
9.008000000000001,-1.5557049605845625,1.1863354549717673,-2.0763629369604533,2.3835799531884287,1.1800345224439495,1.586387246976473
9.01,-1.5557049605845625,1.1863354549717673,-2.0763629369604533,2.3835799531884287,1.1800345224439495,1.586387246976473
9.012,-1.5557049605845625,1.1863354549717673,-2.0763629369604533,2.3835799531884287,1.1800345224439495,1.586387246976473
9.014,-1.5557049605845625,1.1863354549717673,-2.0763629369604533,2.3835799531884287,1.1800345224439495,1.586387246976473
9.016,-1.5557049605845625,1.1863354549717673,-2.0763629369604533,2.3835799531884287,1.1800345224439495,1.586387246976473
9.018,-1.5557049605845625,1.1863354549717673,-2.0763629369604533,2.3835799531884287,1.1800345224439495,1.586387246976473
9.02,-1.5557049605845625,1.1863354549717673,-2.0763629369604533,2.3835799531884287,1.1800345224439495,1.586387246976473
9.022,-1.5557049605845625,1.1863354549717673,-2.0763629369604533,2.3835799531884287,1.1800345224439495,1.586387246976473
9.024000000000001,-1.5557049605845625,1.1863354549717673,-2.0763629369604533,2.3835799531884287,1.1800345224439495,1.586387246976473
9.026,-1.5557049605845625,1.1863354549717673,-2.0763629369604533,2.3835799531884287,1.1800345224439495,1.586387246976473
9.028,-1.5557049605845625,1.1863354549717673,-2.0763629369604533,2.3835799531884287,1.1800345224439495,1.586387246976473
9.03,-1.5557049605845625,1.1863354549717673,-2.0763629369604533,2.3835799531884287,1.1800345224439495,1.586387246976473
9.032,-1.5557049605845625,1.1863354549717673,-2.0763629369604533,2.3835799531884287,1.1800345224439495,1.586387246976473
9.034,-1.5557049605845625,1.1863354549717673,-2.0763629369604533,2.3835799531884287,1.1800345224439495,1.586387246976473
9.036,-1.5557049605845625,1.1863354549717673,-2.0763629369604533,2.3835799531884287,1.1800345224439495,1.586387246976473
9.038,-1.5557049605845625,1.1863354549717673,-2.0763629369604533,2.3835799531884287,1.1800345224439495,1.586387246976473
9.040000000000001,-1.5557049605845625,1.1863354549717673,-2.0763629369604533,2.3835799531884287,1.1800345224439495,1.586387246976473
9.042,-1.5557049605845625,1.1863354549717673,-2.0763629369604533,2.3835799531884287,1.1800345224439495,1.586387246976473
9.044,-1.5557049605845625,1.1863354549717673,-2.0763629369604533,2.3835799531884287,1.1800345224439495,1.586387246976473
9.046,-1.5557049605845625,1.1863354549717673,-2.0763629369604533,2.3835799531884287,1.1800345224439495,1.586387246976473
9.048,-1.5557049605845625,1.1863354549717673,-2.0763629369604533,2.3835799531884287,1.1800345224439495,1.586387246976473
9.05,-1.5557049605845625,1.1863354549717673,-2.0763629369604533,2.3835799531884287,1.1800345224439495,1.586387246976473
9.052,-1.5557049605845625,1.1863354549717673,-2.0763629369604533,2.3835799531884287,1.1800345224439495,1.586387246976473
9.054,-1.5557049605845625,1.1863354549717673,-2.0763629369604533,2.3835799531884287,1.1800345224439495,1.586387246976473
9.056000000000001,-1.5557049605845625,1.1863354549717673,-2.0763629369604533,2.3835799531884287,1.1800345224439495,1.586387246976473
9.058,-1.5557049605845625,1.1863354549717673,-2.0763629369604533,2.3835799531884287,1.1800345224439495,1.586387246976473
9.06,-1.5557049605845625,1.1863354549717673,-2.0763629369604533,2.3835799531884287,1.1800345224439495,1.586387246976473
9.062,-1.5557049605845625,1.1863354549717673,-2.0763629369604533,2.3835799531884287,1.1800345224439495,1.586387246976473
9.064,-1.5557049605845625,1.1863354549717673,-2.0763629369604533,2.3835799531884287,1.1800345224439495,1.586387246976473
9.066,-1.5557049605845625,1.1863354549717673,-2.0763629369604533,2.3835799531884287,1.1800345224439495,1.586387246976473
9.068,-1.5557049605845625,1.1863354549717673,-2.0763629369604533,2.3835799531884287,1.1800345224439495,1.586387246976473
9.07,-1.5557049605845625,1.1863354549717673,-2.0763629369604533,2.3835799531884287,1.1800345224439495,1.586387246976473
9.072000000000001,-1.5557049605845625,1.1863354549717673,-2.0763629369604533,2.3835799531884287,1.1800345224439495,1.586387246976473
9.074,-1.5557049605845625,1.1863354549717673,-2.0763629369604533,2.3835799531884287,1.1800345224439495,1.586387246976473
9.076,-1.5557049605845625,1.1863354549717673,-2.0763629369604533,2.3835799531884287,1.1800345224439495,1.586387246976473
9.078,-1.5557049605845625,1.1863354549717673,-2.0763629369604533,2.3835799531884287,1.1800345224439495,1.586387246976473
9.08,-1.5557049605845625,1.1863354549717673,-2.0763629369604533,2.3835799531884287,1.1800345224439495,1.586387246976473
9.082,-1.5557049605845625,1.1863354549717673,-2.0763629369604533,2.3835799531884287,1.1800345224439495,1.586387246976473
9.084,-1.5557049605845625,1.1863354549717673,-2.0763629369604533,2.3835799531884287,1.1800345224439495,1.586387246976473
9.086,-1.5557049605845625,1.1863354549717673,-2.0763629369604533,2.3835799531884287,1.1800345224439495,1.586387246976473
9.088000000000001,-1.5557049605845625,1.1863354549717673,-2.0763629369604533,2.3835799531884287,1.1800345224439495,1.586387246976473
9.09,-1.5557049605845625,1.1863354549717673,-2.0763629369604533,2.3835799531884287,1.1800345224439495,1.586387246976473
9.092,-1.5557049605845625,1.1863354549717673,-2.0763629369604533,2.3835799531884287,1.1800345224439495,1.586387246976473
9.094,-1.5557049605845625,1.1863354549717673,-2.0763629369604533,2.3835799531884287,1.1800345224439495,1.586387246976473
9.096,-1.5557049605845625,1.1863354549717673,-2.0763629369604533,2.3835799531884287,1.1800345224439495,1.586387246976473
9.098,-1.5557049605845625,1.1863354549717673,-2.0763629369604533,2.3835799531884287,1.1800345224439495,1.586387246976473
9.1,-1.5557049605845625,1.1863354549717673,-2.0763629369604533,2.3835799531884287,1.1800345224439495,1.586387246976473
9.102,-1.5557049605845625,1.1863354549717673,-2.0763629369604533,2.3835799531884287,1.1800345224439495,1.586387246976473
9.104000000000001,-1.5557049605845625,1.1863354549717673,-2.0763629369604533,2.3835799531884287,1.1800345224439495,1.586387246976473
9.106,-1.5557049605845625,1.1863354549717673,-2.0763629369604533,2.3835799531884287,1.1800345224439495,1.586387246976473
9.108,-1.5557049605845625,1.1863354549717673,-2.0763629369604533,2.3835799531884287,1.1800345224439495,1.586387246976473
9.11,-1.5557049605845625,1.1863354549717673,-2.0763629369604533,2.3835799531884287,1.1800345224439495,1.586387246976473
9.112,-1.5557049605845625,1.1863354549717673,-2.0763629369604533,2.3835799531884287,1.1800345224439495,1.586387246976473
9.114,-1.5557049605845625,1.1863354549717673,-2.0763629369604533,2.3835799531884287,1.1800345224439495,1.586387246976473
9.116,-1.5557049605845625,1.1863354549717673,-2.0763629369604533,2.3835799531884287,1.1800345224439495,1.586387246976473
9.118,-1.5557049605845625,1.1863354549717673,-2.0763629369604533,2.3835799531884287,1.1800345224439495,1.586387246976473
9.120000000000001,-1.5557049605845625,1.1863354549717673,-2.0763629369604533,2.3835799531884287,1.1800345224439495,1.586387246976473
9.122,-1.5557049605845625,1.1863354549717673,-2.0763629369604533,2.3835799531884287,1.1800345224439495,1.586387246976473
9.124,-1.5557049605845625,1.1863354549717673,-2.0763629369604533,2.3835799531884287,1.1800345224439495,1.586387246976473
9.126,-1.5557049605845625,1.1863354549717673,-2.0763629369604533,2.3835799531884287,1.1800345224439495,1.586387246976473
9.128,-1.5557049605845625,1.1863354549717673,-2.0763629369604533,2.3835799531884287,1.1800345224439495,1.586387246976473
9.13,-1.5557049605845625,1.1863354549717673,-2.0763629369604533,2.3835799531884287,1.1800345224439495,1.586387246976473
9.132,-1.5557049605845625,1.1863354549717673,-2.0763629369604533,2.3835799531884287,1.1800345224439495,1.586387246976473
9.134,-1.5557049605845625,1.1863354549717673,-2.0763629369604533,2.3835799531884287,1.1800345224439495,1.586387246976473
9.136000000000001,-1.5557049605845625,1.1863354549717673,-2.0763629369604533,2.3835799531884287,1.1800345224439495,1.586387246976473
9.138,-1.5557049605845625,1.1863354549717673,-2.0763629369604533,2.3835799531884287,1.1800345224439495,1.586387246976473
9.14,-1.5557049605845625,1.1863354549717673,-2.0763629369604533,2.3835799531884287,1.1800345224439495,1.586387246976473
9.142,-1.5557049605845625,1.1863354549717673,-2.0763629369604533,2.3835799531884287,1.1800345224439495,1.586387246976473
9.144,-1.5557049605845625,1.1863354549717673,-2.0763629369604533,2.3835799531884287,1.1800345224439495,1.586387246976473
9.146,-1.5557049605845625,1.1863354549717673,-2.0763629369604533,2.3835799531884287,1.1800345224439495,1.586387246976473
9.148,-1.5557049605845625,1.1863354549717673,-2.0763629369604533,2.3835799531884287,1.1800345224439495,1.586387246976473
9.15,-1.5557049605845625,1.1863354549717673,-2.0763629369604533,2.3835799531884287,1.1800345224439495,1.586387246976473
9.152000000000001,-1.5557049605845625,1.1863354549717673,-2.0763629369604533,2.3835799531884287,1.1800345224439495,1.586387246976473
9.154,-1.5557049605845625,1.1863354549717673,-2.0763629369604533,2.3835799531884287,1.1800345224439495,1.586387246976473
9.156,-1.5557049605845625,1.1863354549717673,-2.0763629369604533,2.3835799531884287,1.1800345224439495,1.586387246976473
9.158,-1.5557049605845625,1.1863354549717673,-2.0763629369604533,2.3835799531884287,1.1800345224439495,1.586387246976473
9.16,-1.5557049605845625,1.1863354549717673,-2.0763629369604533,2.3835799531884287,1.1800345224439495,1.586387246976473
9.162,-1.5557049605845625,1.1863354549717673,-2.0763629369604533,2.3835799531884287,1.1800345224439495,1.586387246976473
9.164,-1.5557049605845625,1.1863354549717673,-2.0763629369604533,2.3835799531884287,1.1800345224439495,1.586387246976473
9.166,-1.5557049605845625,1.1863354549717673,-2.0763629369604533,2.3835799531884287,1.1800345224439495,1.586387246976473
9.168000000000001,-1.5557049605845625,1.1863354549717673,-2.0763629369604533,2.3835799531884287,1.1800345224439495,1.586387246976473
9.17,-1.5557049605845625,1.1863354549717673,-2.0763629369604533,2.3835799531884287,1.1800345224439495,1.586387246976473
9.172,-1.5557049605845625,1.1863354549717673,-2.0763629369604533,2.3835799531884287,1.1800345224439495,1.586387246976473
9.174,-1.5557049605845625,1.1863354549717673,-2.0763629369604533,2.3835799531884287,1.1800345224439495,1.586387246976473
9.176,-1.5557049605845625,1.1863354549717673,-2.0763629369604533,2.3835799531884287,1.1800345224439495,1.586387246976473
9.178,-1.5557049605845625,1.1863354549717673,-2.0763629369604533,2.3835799531884287,1.1800345224439495,1.586387246976473
9.18,-1.5557049605845625,1.1863354549717673,-2.0763629369604533,2.3835799531884287,1.1800345224439495,1.586387246976473
9.182,-1.5557049605845625,1.1863354549717673,-2.0763629369604533,2.3835799531884287,1.1800345224439495,1.586387246976473
9.184000000000001,-1.5557049605845625,1.1863354549717673,-2.0763629369604533,2.3835799531884287,1.1800345224439495,1.586387246976473
9.186,-1.5557049605845625,1.1863354549717673,-2.0763629369604533,2.3835799531884287,1.1800345224439495,1.586387246976473
9.188,-1.5557049605845625,1.1863354549717673,-2.0763629369604533,2.3835799531884287,1.1800345224439495,1.586387246976473
9.19,-1.5557049605845625,1.1863354549717673,-2.0763629369604533,2.3835799531884287,1.1800345224439495,1.586387246976473
9.192,-1.5557049605845625,1.1863354549717673,-2.0763629369604533,2.3835799531884287,1.1800345224439495,1.586387246976473
9.194,-1.5557049605845625,1.1863354549717673,-2.0763629369604533,2.3835799531884287,1.1800345224439495,1.586387246976473
9.196,-1.5557049605845625,1.1863354549717673,-2.0763629369604533,2.3835799531884287,1.1800345224439495,1.586387246976473
9.198,-1.5557049605845625,1.1863354549717673,-2.0763629369604533,2.3835799531884287,1.1800345224439495,1.586387246976473
9.200000000000001,-1.5557049605845625,1.1863354549717673,-2.0763629369604533,2.3835799531884287,1.1800345224439495,1.586387246976473
9.202,-1.5557049605845625,1.1863354549717673,-2.0763629369604533,2.3835799531884287,1.1800345224439495,1.586387246976473
9.204,-1.5557049605845625,1.1863354549717673,-2.0763629369604533,2.3835799531884287,1.1800345224439495,1.586387246976473
9.206,-1.5557049605845625,1.1863354549717673,-2.0763629369604533,2.3835799531884287,1.1800345224439495,1.586387246976473
9.208,-1.5557049605845625,1.1863354549717673,-2.0763629369604533,2.3835799531884287,1.1800345224439495,1.586387246976473
9.21,-1.5557049605845625,1.1863354549717673,-2.0763629369604533,2.3835799531884287,1.1800345224439495,1.586387246976473
9.212,-1.5557049605845625,1.1863354549717673,-2.0763629369604533,2.3835799531884287,1.1800345224439495,1.586387246976473
9.214,-1.5557049605845625,1.1863354549717673,-2.0763629369604533,2.3835799531884287,1.1800345224439495,1.586387246976473
9.216000000000001,-1.5557049605845625,1.1863354549717673,-2.0763629369604533,2.3835799531884287,1.1800345224439495,1.586387246976473
9.218,-1.5557049605845625,1.1863354549717673,-2.0763629369604533,2.3835799531884287,1.1800345224439495,1.586387246976473
9.22,-1.5557049605845625,1.1863354549717673,-2.0763629369604533,2.3835799531884287,1.1800345224439495,1.586387246976473
9.222,-1.5557049605845625,1.1863354549717673,-2.0763629369604533,2.3835799531884287,1.1800345224439495,1.586387246976473
9.224,-1.5557049605845625,1.1863354549717673,-2.0763629369604533,2.3835799531884287,1.1800345224439495,1.586387246976473
9.226,-1.5557049605845625,1.1863354549717673,-2.0763629369604533,2.3835799531884287,1.1800345224439495,1.586387246976473
9.228,-1.5557049605845625,1.1863354549717673,-2.0763629369604533,2.3835799531884287,1.1800345224439495,1.586387246976473
9.23,-1.5557049605845625,1.1863354549717673,-2.0763629369604533,2.3835799531884287,1.1800345224439495,1.586387246976473
9.232,-1.5557049605845625,1.1863354549717673,-2.0763629369604533,2.3835799531884287,1.1800345224439495,1.586387246976473
9.234,-1.5557049605845625,1.1863354549717673,-2.0763629369604533,2.3835799531884287,1.1800345224439495,1.586387246976473
9.236,-1.5557049605845625,1.1863354549717673,-2.0763629369604533,2.3835799531884287,1.1800345224439495,1.586387246976473
9.238,-1.5557049605845625,1.1863354549717673,-2.0763629369604533,2.3835799531884287,1.1800345224439495,1.586387246976473
9.24,-1.5557049605845625,1.1863354549717673,-2.0763629369604533,2.3835799531884287,1.1800345224439495,1.586387246976473
9.242,-1.5557049605845625,1.1863354549717673,-2.0763629369604533,2.3835799531884287,1.1800345224439495,1.586387246976473
9.244,-1.5557049605845625,1.1863354549717673,-2.0763629369604533,2.3835799531884287,1.1800345224439495,1.586387246976473
9.246,-1.5557049605845625,1.1863354549717673,-2.0763629369604533,2.3835799531884287,1.1800345224439495,1.586387246976473
9.248,-1.5557049605845625,1.1863354549717673,-2.0763629369604533,2.3835799531884287,1.1800345224439495,1.586387246976473
9.25,-1.5557049605845625,1.1863354549717673,-2.0763629369604533,2.3835799531884287,1.1800345224439495,1.586387246976473
9.252,-1.5557049605845625,1.1863354549717673,-2.0763629369604533,2.3835799531884287,1.1800345224439495,1.586387246976473
9.254,-1.5557049605845625,1.1863354549717673,-2.0763629369604533,2.3835799531884287,1.1800345224439495,1.586387246976473
9.256,-1.5557049605845625,1.1863354549717673,-2.0763629369604533,2.3835799531884287,1.1800345224439495,1.586387246976473
9.258000000000001,-1.5557049605845625,1.1863354549717673,-2.0763629369604533,2.3835799531884287,1.1800345224439495,1.586387246976473
9.26,-1.5557049605845625,1.1863354549717673,-2.0763629369604533,2.3835799531884287,1.1800345224439495,1.586387246976473
9.262,-1.5557049605845625,1.1863354549717673,-2.0763629369604533,2.3835799531884287,1.1800345224439495,1.586387246976473
9.264,-1.5557049605845625,1.1863354549717673,-2.0763629369604533,2.3835799531884287,1.1800345224439495,1.586387246976473
9.266,-1.5557049605845625,1.1863354549717673,-2.0763629369604533,2.3835799531884287,1.1800345224439495,1.586387246976473
9.268,-1.5557049605845625,1.1863354549717673,-2.0763629369604533,2.3835799531884287,1.1800345224439495,1.586387246976473
9.27,-1.5557049605845625,1.1863354549717673,-2.0763629369604533,2.3835799531884287,1.1800345224439495,1.586387246976473
9.272,-1.5557049605845625,1.1863354549717673,-2.0763629369604533,2.3835799531884287,1.1800345224439495,1.586387246976473
9.274000000000001,-1.5557049605845625,1.1863354549717673,-2.0763629369604533,2.3835799531884287,1.1800345224439495,1.586387246976473
9.276,-1.5557049605845625,1.1863354549717673,-2.0763629369604533,2.3835799531884287,1.1800345224439495,1.586387246976473
9.278,-1.5557049605845625,1.1863354549717673,-2.0763629369604533,2.3835799531884287,1.1800345224439495,1.586387246976473
9.28,-1.5557049605845625,1.1863354549717673,-2.0763629369604533,2.3835799531884287,1.1800345224439495,1.586387246976473
9.282,-1.5557049605845625,1.1863354549717673,-2.0763629369604533,2.3835799531884287,1.1800345224439495,1.586387246976473
9.284,-1.5557049605845625,1.1863354549717673,-2.0763629369604533,2.3835799531884287,1.1800345224439495,1.586387246976473
9.286,-1.5557049605845625,1.1863354549717673,-2.0763629369604533,2.3835799531884287,1.1800345224439495,1.586387246976473
9.288,-1.5557049605845625,1.1863354549717673,-2.0763629369604533,2.3835799531884287,1.1800345224439495,1.586387246976473
9.290000000000001,-1.5557049605845625,1.1863354549717673,-2.0763629369604533,2.3835799531884287,1.1800345224439495,1.586387246976473
9.292,-1.5557049605845625,1.1863354549717673,-2.0763629369604533,2.3835799531884287,1.1800345224439495,1.586387246976473
9.294,-1.5557049605845625,1.1863354549717673,-2.0763629369604533,2.3835799531884287,1.1800345224439495,1.586387246976473
9.296,-1.5557049605845625,1.1863354549717673,-2.0763629369604533,2.3835799531884287,1.1800345224439495,1.586387246976473
9.298,-1.5557049605845625,1.1863354549717673,-2.0763629369604533,2.3835799531884287,1.1800345224439495,1.586387246976473
9.3,-1.5557049605845625,1.1863354549717673,-2.0763629369604533,2.3835799531884287,1.1800345224439495,1.586387246976473
9.302,-1.5557049605845625,1.1863354549717673,-2.0763629369604533,2.3835799531884287,1.1800345224439495,1.586387246976473
9.304,-1.5557049605845625,1.1863354549717673,-2.0763629369604533,2.3835799531884287,1.1800345224439495,1.586387246976473
9.306000000000001,-1.5557049605845625,1.1863354549717673,-2.0763629369604533,2.3835799531884287,1.1800345224439495,1.586387246976473
9.308,-1.5557049605845625,1.1863354549717673,-2.0763629369604533,2.3835799531884287,1.1800345224439495,1.586387246976473
9.31,-1.5557049605845625,1.1863354549717673,-2.0763629369604533,2.3835799531884287,1.1800345224439495,1.586387246976473
9.312,-1.5416057176588736,1.1786352762848455,-2.073834280352729,2.3825058281695584,1.1457715278270522,1.6023631801616498
9.314,-1.5416057176588736,1.1786352762848455,-2.073834280352729,2.3825058281695584,1.1457715278270522,1.6023631801616498
9.316,-1.5416057176588736,1.1786352762848455,-2.073834280352729,2.3825058281695584,1.1457715278270522,1.6023631801616498
9.318,-1.5416057176588736,1.1786352762848455,-2.073834280352729,2.3825058281695584,1.1457715278270522,1.6023631801616498
9.32,-1.5416057176588736,1.1786352762848455,-2.073834280352729,2.3825058281695584,1.1457715278270522,1.6023631801616498
9.322000000000001,-1.5416057176588736,1.1786352762848455,-2.073834280352729,2.3825058281695584,1.1457715278270522,1.6023631801616498
9.324,-1.5416057176588736,1.1786352762848455,-2.073834280352729,2.3825058281695584,1.1457715278270522,1.6023631801616498
9.326,-1.5416057176588736,1.1786352762848455,-2.073834280352729,2.3825058281695584,1.1457715278270522,1.6023631801616498
9.328,-1.5416057176588736,1.1786352762848455,-2.073834280352729,2.3825058281695584,1.1457715278270522,1.6023631801616498
9.33,-1.5416057176588736,1.1786352762848455,-2.073834280352729,2.3825058281695584,1.1457715278270522,1.6023631801616498
9.332,-1.5416057176588736,1.1786352762848455,-2.073834280352729,2.3825058281695584,1.1457715278270522,1.6023631801616498
9.334,-1.5416057176588736,1.1786352762848455,-2.073834280352729,2.3825058281695584,1.1457715278270522,1.6023631801616498
9.336,-1.5416057176588736,1.1786352762848455,-2.073834280352729,2.3825058281695584,1.1457715278270522,1.6023631801616498
9.338000000000001,-1.5416057176588736,1.1786352762848455,-2.073834280352729,2.3825058281695584,1.1457715278270522,1.6023631801616498
9.34,-1.5416057176588736,1.1786352762848455,-2.073834280352729,2.3825058281695584,1.1457715278270522,1.6023631801616498
9.342,-1.5416057176588736,1.1786352762848455,-2.073834280352729,2.3825058281695584,1.1457715278270522,1.6023631801616498
9.344,-1.5416057176588736,1.1786352762848455,-2.073834280352729,2.3825058281695584,1.1457715278270522,1.6023631801616498
9.346,-1.5416057176588736,1.1786352762848455,-2.073834280352729,2.3825058281695584,1.1457715278270522,1.6023631801616498
9.348,-1.5416057176588736,1.1786352762848455,-2.073834280352729,2.3825058281695584,1.1457715278270522,1.6023631801616498
9.35,-1.5416057176588736,1.1786352762848455,-2.073834280352729,2.3825058281695584,1.1457715278270522,1.6023631801616498
9.352,-1.5416057176588736,1.1786352762848455,-2.073834280352729,2.3825058281695584,1.1457715278270522,1.6023631801616498
9.354000000000001,-1.5416057176588736,1.1786352762848455,-2.073834280352729,2.3825058281695584,1.1457715278270522,1.6023631801616498
9.356,-1.5416057176588736,1.1786352762848455,-2.073834280352729,2.3825058281695584,1.1457715278270522,1.6023631801616498
9.358,-1.5416057176588736,1.1786352762848455,-2.073834280352729,2.3825058281695584,1.1457715278270522,1.6023631801616498
9.36,-1.5416057176588736,1.1786352762848455,-2.073834280352729,2.3825058281695584,1.1457715278270522,1.6023631801616498
9.362,-1.5416057176588736,1.1786352762848455,-2.073834280352729,2.3825058281695584,1.1457715278270522,1.6023631801616498
9.364,-1.5416057176588736,1.1786352762848455,-2.073834280352729,2.3825058281695584,1.1457715278270522,1.6023631801616498
9.366,-1.5416057176588736,1.1786352762848455,-2.073834280352729,2.3825058281695584,1.1457715278270522,1.6023631801616498
9.368,-1.5416057176588736,1.1786352762848455,-2.073834280352729,2.3825058281695584,1.1457715278270522,1.6023631801616498
9.370000000000001,-1.5416057176588736,1.1786352762848455,-2.073834280352729,2.3825058281695584,1.1457715278270522,1.6023631801616498
9.372,-1.5416057176588736,1.1786352762848455,-2.073834280352729,2.3825058281695584,1.1457715278270522,1.6023631801616498
9.374,-1.5416057176588736,1.1786352762848455,-2.073834280352729,2.3825058281695584,1.1457715278270522,1.6023631801616498
9.376,-1.5416057176588736,1.1786352762848455,-2.073834280352729,2.3825058281695584,1.1457715278270522,1.6023631801616498
9.378,-1.5416057176588736,1.1786352762848455,-2.073834280352729,2.3825058281695584,1.1457715278270522,1.6023631801616498
9.38,-1.5416057176588736,1.1786352762848455,-2.073834280352729,2.3825058281695584,1.1457715278270522,1.6023631801616498
9.382,-1.5416057176588736,1.1786352762848455,-2.073834280352729,2.3825058281695584,1.1457715278270522,1.6023631801616498
9.384,-1.5416057176588736,1.1786352762848455,-2.073834280352729,2.3825058281695584,1.1457715278270522,1.6023631801616498
9.386000000000001,-1.5416057176588736,1.1786352762848455,-2.073834280352729,2.3825058281695584,1.1457715278270522,1.6023631801616498
9.388,-1.5416057176588736,1.1786352762848455,-2.073834280352729,2.3825058281695584,1.1457715278270522,1.6023631801616498
9.39,-1.5416057176588736,1.1786352762848455,-2.073834280352729,2.3825058281695584,1.1457715278270522,1.6023631801616498
9.392,-1.5416057176588736,1.1786352762848455,-2.073834280352729,2.3825058281695584,1.1457715278270522,1.6023631801616498
9.394,-1.5416057176588736,1.1786352762848455,-2.073834280352729,2.3825058281695584,1.1457715278270522,1.6023631801616498
9.396,-1.5416057176588736,1.1786352762848455,-2.073834280352729,2.3825058281695584,1.1457715278270522,1.6023631801616498
9.398,-1.5416057176588736,1.1786352762848455,-2.073834280352729,2.3825058281695584,1.1457715278270522,1.6023631801616498
9.4,-1.5416057176588736,1.1786352762848455,-2.073834280352729,2.3825058281695584,1.1457715278270522,1.6023631801616498
9.402000000000001,-1.5416057176588736,1.1786352762848455,-2.073834280352729,2.3825058281695584,1.1457715278270522,1.6023631801616498
9.404,-1.5416057176588736,1.1786352762848455,-2.073834280352729,2.3825058281695584,1.1457715278270522,1.6023631801616498
9.406,-1.5416057176588736,1.1786352762848455,-2.073834280352729,2.3825058281695584,1.1457715278270522,1.6023631801616498
9.408,-1.5416057176588736,1.1786352762848455,-2.073834280352729,2.3825058281695584,1.1457715278270522,1.6023631801616498
9.41,-1.5416057176588736,1.1786352762848455,-2.073834280352729,2.3825058281695584,1.1457715278270522,1.6023631801616498
9.412,-1.5416057176588736,1.1786352762848455,-2.073834280352729,2.3825058281695584,1.1457715278270522,1.6023631801616498
9.414,-1.5416057176588736,1.1786352762848455,-2.073834280352729,2.3825058281695584,1.1457715278270522,1.6023631801616498
9.416,-1.5416057176588736,1.1786352762848455,-2.073834280352729,2.3825058281695584,1.1457715278270522,1.6023631801616498
9.418000000000001,-1.5416057176588736,1.1786352762848455,-2.073834280352729,2.3825058281695584,1.1457715278270522,1.6023631801616498
9.42,-1.5416057176588736,1.1786352762848455,-2.073834280352729,2.3825058281695584,1.1457715278270522,1.6023631801616498
9.422,-1.5416057176588736,1.1786352762848455,-2.073834280352729,2.3825058281695584,1.1457715278270522,1.6023631801616498
9.424,-1.5416057176588736,1.1786352762848455,-2.073834280352729,2.3825058281695584,1.1457715278270522,1.6023631801616498
9.426,-1.5416057176588736,1.1786352762848455,-2.073834280352729,2.3825058281695584,1.1457715278270522,1.6023631801616498
9.428,-1.5416057176588736,1.1786352762848455,-2.073834280352729,2.3825058281695584,1.1457715278270522,1.6023631801616498
9.43,-1.5416057176588736,1.1786352762848455,-2.073834280352729,2.3825058281695584,1.1457715278270522,1.6023631801616498
9.432,-1.5416057176588736,1.1786352762848455,-2.073834280352729,2.3825058281695584,1.1457715278270522,1.6023631801616498
9.434000000000001,-1.5416057176588736,1.1786352762848455,-2.073834280352729,2.3825058281695584,1.1457715278270522,1.6023631801616498
9.436,-1.5416057176588736,1.1786352762848455,-2.073834280352729,2.3825058281695584,1.1457715278270522,1.6023631801616498
9.438,-1.5416057176588736,1.1786352762848455,-2.073834280352729,2.3825058281695584,1.1457715278270522,1.6023631801616498
9.44,-1.5416057176588736,1.1786352762848455,-2.073834280352729,2.3825058281695584,1.1457715278270522,1.6023631801616498
9.442,-1.5416057176588736,1.1786352762848455,-2.073834280352729,2.3825058281695584,1.1457715278270522,1.6023631801616498
9.444,-1.5416057176588736,1.1786352762848455,-2.073834280352729,2.3825058281695584,1.1457715278270522,1.6023631801616498
9.446,-1.5416057176588736,1.1786352762848455,-2.073834280352729,2.3825058281695584,1.1457715278270522,1.6023631801616498
9.448,-1.5416057176588736,1.1786352762848455,-2.073834280352729,2.3825058281695584,1.1457715278270522,1.6023631801616498
9.450000000000001,-1.5416057176588736,1.1786352762848455,-2.073834280352729,2.3825058281695584,1.1457715278270522,1.6023631801616498
9.452,-1.5416057176588736,1.1786352762848455,-2.073834280352729,2.3825058281695584,1.1457715278270522,1.6023631801616498
9.454,-1.5416057176588736,1.1786352762848455,-2.073834280352729,2.3825058281695584,1.1457715278270522,1.6023631801616498
9.456,-1.5416057176588736,1.1786352762848455,-2.073834280352729,2.3825058281695584,1.1457715278270522,1.6023631801616498
9.458,-1.5416057176588736,1.1786352762848455,-2.073834280352729,2.3825058281695584,1.1457715278270522,1.6023631801616498
9.46,-1.5416057176588736,1.1786352762848455,-2.073834280352729,2.3825058281695584,1.1457715278270522,1.6023631801616498
9.462,-1.5416057176588736,1.1786352762848455,-2.073834280352729,2.3825058281695584,1.1457715278270522,1.6023631801616498
9.464,-1.5416057176588736,1.1786352762848455,-2.073834280352729,2.3825058281695584,1.1457715278270522,1.6023631801616498
9.466000000000001,-1.5416057176588736,1.1786352762848455,-2.073834280352729,2.3825058281695584,1.1457715278270522,1.6023631801616498
9.468,-1.5416057176588736,1.1786352762848455,-2.073834280352729,2.3825058281695584,1.1457715278270522,1.6023631801616498
9.47,-1.5416057176588736,1.1786352762848455,-2.073834280352729,2.3825058281695584,1.1457715278270522,1.6023631801616498
9.472,-1.5416057176588736,1.1786352762848455,-2.073834280352729,2.3825058281695584,1.1457715278270522,1.6023631801616498
9.474,-1.5416057176588736,1.1786352762848455,-2.073834280352729,2.3825058281695584,1.1457715278270522,1.6023631801616498
9.476,-1.5416057176588736,1.1786352762848455,-2.073834280352729,2.3825058281695584,1.1457715278270522,1.6023631801616498
9.478,-1.5416057176588736,1.1786352762848455,-2.073834280352729,2.3825058281695584,1.1457715278270522,1.6023631801616498
9.48,-1.5416057176588736,1.1786352762848455,-2.073834280352729,2.3825058281695584,1.1457715278270522,1.6023631801616498
9.482,-1.5416057176588736,1.1786352762848455,-2.073834280352729,2.3825058281695584,1.1457715278270522,1.6023631801616498
9.484,-1.5416057176588736,1.1786352762848455,-2.073834280352729,2.3825058281695584,1.1457715278270522,1.6023631801616498
9.486,-1.5416057176588736,1.1786352762848455,-2.073834280352729,2.3825058281695584,1.1457715278270522,1.6023631801616498
9.488,-1.5416057176588736,1.1786352762848455,-2.073834280352729,2.3825058281695584,1.1457715278270522,1.6023631801616498
9.49,-1.5416057176588736,1.1786352762848455,-2.073834280352729,2.3825058281695584,1.1457715278270522,1.6023631801616498
9.492,-1.5416057176588736,1.1786352762848455,-2.073834280352729,2.3825058281695584,1.1457715278270522,1.6023631801616498
9.494,-1.5416057176588736,1.1786352762848455,-2.073834280352729,2.3825058281695584,1.1457715278270522,1.6023631801616498
9.496,-1.5416057176588736,1.1786352762848455,-2.073834280352729,2.3825058281695584,1.1457715278270522,1.6023631801616498
9.498,-1.5416057176588736,1.1786352762848455,-2.073834280352729,2.3825058281695584,1.1457715278270522,1.6023631801616498
9.5,-1.5416057176588736,1.1786352762848455,-2.073834280352729,2.3825058281695584,1.1457715278270522,1.6023631801616498
9.502,-1.5416057176588736,1.1786352762848455,-2.073834280352729,2.3825058281695584,1.1457715278270522,1.6023631801616498
9.504,-1.5416057176588736,1.1786352762848455,-2.073834280352729,2.3825058281695584,1.1457715278270522,1.6023631801616498
9.506,-1.5416057176588736,1.1786352762848455,-2.073834280352729,2.3825058281695584,1.1457715278270522,1.6023631801616498
9.508000000000001,-1.5416057176588736,1.1786352762848455,-2.073834280352729,2.3825058281695584,1.1457715278270522,1.6023631801616498
9.51,-1.5416057176588736,1.1786352762848455,-2.073834280352729,2.3825058281695584,1.1457715278270522,1.6023631801616498
9.512,-1.5416057176588736,1.1786352762848455,-2.073834280352729,2.3825058281695584,1.1457715278270522,1.6023631801616498
9.514,-1.5416057176588736,1.1786352762848455,-2.073834280352729,2.3825058281695584,1.1457715278270522,1.6023631801616498
9.516,-1.5416057176588736,1.1786352762848455,-2.073834280352729,2.3825058281695584,1.1457715278270522,1.6023631801616498
9.518,-1.5416057176588736,1.1786352762848455,-2.073834280352729,2.3825058281695584,1.1457715278270522,1.6023631801616498
9.52,-1.5416057176588736,1.1786352762848455,-2.073834280352729,2.3825058281695584,1.1457715278270522,1.6023631801616498
9.522,-1.5416057176588736,1.1786352762848455,-2.073834280352729,2.3825058281695584,1.1457715278270522,1.6023631801616498
9.524000000000001,-1.5416057176588736,1.1786352762848455,-2.073834280352729,2.3825058281695584,1.1457715278270522,1.6023631801616498
9.526,-1.5416057176588736,1.1786352762848455,-2.073834280352729,2.3825058281695584,1.1457715278270522,1.6023631801616498
9.528,-1.5416057176588736,1.1786352762848455,-2.073834280352729,2.3825058281695584,1.1457715278270522,1.6023631801616498
9.53,-1.5416057176588736,1.1786352762848455,-2.073834280352729,2.3825058281695584,1.1457715278270522,1.6023631801616498
9.532,-1.5416057176588736,1.1786352762848455,-2.073834280352729,2.3825058281695584,1.1457715278270522,1.6023631801616498
9.534,-1.5416057176588736,1.1786352762848455,-2.073834280352729,2.3825058281695584,1.1457715278270522,1.6023631801616498
9.536,-1.5416057176588736,1.1786352762848455,-2.073834280352729,2.3825058281695584,1.1457715278270522,1.6023631801616498
9.538,-1.5416057176588736,1.1786352762848455,-2.073834280352729,2.3825058281695584,1.1457715278270522,1.6023631801616498
9.540000000000001,-1.5416057176588736,1.1786352762848455,-2.073834280352729,2.3825058281695584,1.1457715278270522,1.6023631801616498
9.542,-1.5416057176588736,1.1786352762848455,-2.073834280352729,2.3825058281695584,1.1457715278270522,1.6023631801616498
9.544,-1.5416057176588736,1.1786352762848455,-2.073834280352729,2.3825058281695584,1.1457715278270522,1.6023631801616498
9.546,-1.5416057176588736,1.1786352762848455,-2.073834280352729,2.3825058281695584,1.1457715278270522,1.6023631801616498
9.548,-1.5416057176588736,1.1786352762848455,-2.073834280352729,2.3825058281695584,1.1457715278270522,1.6023631801616498
9.55,-1.5416057176588736,1.1786352762848455,-2.073834280352729,2.3825058281695584,1.1457715278270522,1.6023631801616498
9.552,-1.5416057176588736,1.1786352762848455,-2.073834280352729,2.3825058281695584,1.1457715278270522,1.6023631801616498
9.554,-1.5416057176588736,1.1786352762848455,-2.073834280352729,2.3825058281695584,1.1457715278270522,1.6023631801616498
9.556000000000001,-1.5416057176588736,1.1786352762848455,-2.073834280352729,2.3825058281695584,1.1457715278270522,1.6023631801616498
9.558,-1.5416057176588736,1.1786352762848455,-2.073834280352729,2.3825058281695584,1.1457715278270522,1.6023631801616498
9.56,-1.5416057176588736,1.1786352762848455,-2.073834280352729,2.3825058281695584,1.1457715278270522,1.6023631801616498
9.562,-1.5416057176588736,1.1786352762848455,-2.073834280352729,2.3825058281695584,1.1457715278270522,1.6023631801616498
9.564,-1.5416057176588736,1.1786352762848455,-2.073834280352729,2.3825058281695584,1.1457715278270522,1.6023631801616498
9.566,-1.5416057176588736,1.1786352762848455,-2.073834280352729,2.3825058281695584,1.1457715278270522,1.6023631801616498
9.568,-1.5416057176588736,1.1786352762848455,-2.073834280352729,2.3825058281695584,1.1457715278270522,1.6023631801616498
9.57,-1.5416057176588736,1.1786352762848455,-2.073834280352729,2.3825058281695584,1.1457715278270522,1.6023631801616498
9.572000000000001,-1.5416057176588736,1.1786352762848455,-2.073834280352729,2.3825058281695584,1.1457715278270522,1.6023631801616498
9.574,-1.5416057176588736,1.1786352762848455,-2.073834280352729,2.3825058281695584,1.1457715278270522,1.6023631801616498
9.576,-1.5416057176588736,1.1786352762848455,-2.073834280352729,2.3825058281695584,1.1457715278270522,1.6023631801616498
9.578,-1.5416057176588736,1.1786352762848455,-2.073834280352729,2.3825058281695584,1.1457715278270522,1.6023631801616498
9.58,-1.5416057176588736,1.1786352762848455,-2.073834280352729,2.3825058281695584,1.1457715278270522,1.6023631801616498
9.582,-1.5416057176588736,1.1786352762848455,-2.073834280352729,2.3825058281695584,1.1457715278270522,1.6023631801616498
9.584,-1.5416057176588736,1.1786352762848455,-2.073834280352729,2.3825058281695584,1.1457715278270522,1.6023631801616498
9.586,-1.5416057176588736,1.1786352762848455,-2.073834280352729,2.3825058281695584,1.1457715278270522,1.6023631801616498
9.588000000000001,-1.5416057176588736,1.1786352762848455,-2.073834280352729,2.3825058281695584,1.1457715278270522,1.6023631801616498
9.59,-1.5416057176588736,1.1786352762848455,-2.073834280352729,2.3825058281695584,1.1457715278270522,1.6023631801616498
9.592,-1.5416057176588736,1.1786352762848455,-2.073834280352729,2.3825058281695584,1.1457715278270522,1.6023631801616498
9.594,-1.5416057176588736,1.1786352762848455,-2.073834280352729,2.3825058281695584,1.1457715278270522,1.6023631801616498
9.596,-1.5416057176588736,1.1786352762848455,-2.073834280352729,2.3825058281695584,1.1457715278270522,1.6023631801616498
9.598,-1.5416057176588736,1.1786352762848455,-2.073834280352729,2.3825058281695584,1.1457715278270522,1.6023631801616498
9.6,-1.5416057176588736,1.1786352762848455,-2.073834280352729,2.3825058281695584,1.1457715278270522,1.6023631801616498
9.602,-1.5416057176588736,1.1786352762848455,-2.073834280352729,2.3825058281695584,1.1457715278270522,1.6023631801616498
9.604000000000001,-1.5416057176588736,1.1786352762848455,-2.073834280352729,2.3825058281695584,1.1457715278270522,1.6023631801616498
9.606,-1.5416057176588736,1.1786352762848455,-2.073834280352729,2.3825058281695584,1.1457715278270522,1.6023631801616498
9.608,-1.5416057176588736,1.1786352762848455,-2.073834280352729,2.3825058281695584,1.1457715278270522,1.6023631801616498
9.61,-1.5416057176588736,1.1786352762848455,-2.073834280352729,2.3825058281695584,1.1457715278270522,1.6023631801616498
9.612,-1.5416057176588736,1.1786352762848455,-2.073834280352729,2.3825058281695584,1.1457715278270522,1.6023631801616498
9.614,-1.5416057176588736,1.1786352762848455,-2.073834280352729,2.3825058281695584,1.1457715278270522,1.6023631801616498
9.616,-1.5416057176588736,1.1786352762848455,-2.073834280352729,2.3825058281695584,1.1457715278270522,1.6023631801616498
9.618,-1.5416057176588736,1.1786352762848455,-2.073834280352729,2.3825058281695584,1.1457715278270522,1.6023631801616498
9.620000000000001,-1.5416057176588736,1.1786352762848455,-2.073834280352729,2.3825058281695584,1.1457715278270522,1.6023631801616498
9.622,-1.5416057176588736,1.1786352762848455,-2.073834280352729,2.3825058281695584,1.1457715278270522,1.6023631801616498
9.624,-1.5416057176588736,1.1786352762848455,-2.073834280352729,2.3825058281695584,1.1457715278270522,1.6023631801616498
9.626,-1.5416057176588736,1.1786352762848455,-2.073834280352729,2.3825058281695584,1.1457715278270522,1.6023631801616498
9.628,-1.5416057176588736,1.1786352762848455,-2.073834280352729,2.3825058281695584,1.1457715278270522,1.6023631801616498
9.63,-1.5416057176588736,1.1786352762848455,-2.073834280352729,2.3825058281695584,1.1457715278270522,1.6023631801616498
9.632,-1.5416057176588736,1.1786352762848455,-2.073834280352729,2.3825058281695584,1.1457715278270522,1.6023631801616498
9.634,-1.5416057176588736,1.1786352762848455,-2.073834280352729,2.3825058281695584,1.1457715278270522,1.6023631801616498
9.636000000000001,-1.5416057176588736,1.1786352762848455,-2.073834280352729,2.3825058281695584,1.1457715278270522,1.6023631801616498
9.638,-1.5416057176588736,1.1786352762848455,-2.073834280352729,2.3825058281695584,1.1457715278270522,1.6023631801616498
9.64,-1.5416057176588736,1.1786352762848455,-2.073834280352729,2.3825058281695584,1.1457715278270522,1.6023631801616498
9.642,-1.5416057176588736,1.1786352762848455,-2.073834280352729,2.3825058281695584,1.1457715278270522,1.6023631801616498
9.644,-1.5416057176588736,1.1786352762848455,-2.073834280352729,2.3825058281695584,1.1457715278270522,1.6023631801616498
9.646,-1.5416057176588736,1.1786352762848455,-2.073834280352729,2.3825058281695584,1.1457715278270522,1.6023631801616498
9.648,-1.5416057176588736,1.1786352762848455,-2.073834280352729,2.3825058281695584,1.1457715278270522,1.6023631801616498
9.65,-1.5416057176588736,1.1786352762848455,-2.073834280352729,2.3825058281695584,1.1457715278270522,1.6023631801616498
9.652000000000001,-1.5416057176588736,1.1786352762848455,-2.073834280352729,2.3825058281695584,1.1457715278270522,1.6023631801616498
9.654,-1.5416057176588736,1.1786352762848455,-2.073834280352729,2.3825058281695584,1.1457715278270522,1.6023631801616498
9.656,-1.5416057176588736,1.1786352762848455,-2.073834280352729,2.3825058281695584,1.1457715278270522,1.6023631801616498
9.658,-1.5416057176588736,1.1786352762848455,-2.073834280352729,2.3825058281695584,1.1457715278270522,1.6023631801616498
9.66,-1.5416057176588736,1.1786352762848455,-2.073834280352729,2.3825058281695584,1.1457715278270522,1.6023631801616498
9.662,-1.5416057176588736,1.1786352762848455,-2.073834280352729,2.3825058281695584,1.1457715278270522,1.6023631801616498
9.664,-1.5416057176588736,1.1786352762848455,-2.073834280352729,2.3825058281695584,1.1457715278270522,1.6023631801616498
9.666,-1.5264950013271972,1.1695822053301546,-2.070767318318212,2.3806025038515166,1.1074421700090724,1.6201248658333451
9.668000000000001,-1.5264950013271972,1.1695822053301546,-2.070767318318212,2.3806025038515166,1.1074421700090724,1.6201248658333451
9.67,-1.5264950013271972,1.1695822053301546,-2.070767318318212,2.3806025038515166,1.1074421700090724,1.6201248658333451
9.672,-1.5264950013271972,1.1695822053301546,-2.070767318318212,2.3806025038515166,1.1074421700090724,1.6201248658333451
9.674,-1.5264950013271972,1.1695822053301546,-2.070767318318212,2.3806025038515166,1.1074421700090724,1.6201248658333451
9.676,-1.5264950013271972,1.1695822053301546,-2.070767318318212,2.3806025038515166,1.1074421700090724,1.6201248658333451
9.678,-1.5264950013271972,1.1695822053301546,-2.070767318318212,2.3806025038515166,1.1074421700090724,1.6201248658333451
9.68,-1.5264950013271972,1.1695822053301546,-2.070767318318212,2.3806025038515166,1.1074421700090724,1.6201248658333451
9.682,-1.5264950013271972,1.1695822053301546,-2.070767318318212,2.3806025038515166,1.1074421700090724,1.6201248658333451
9.684000000000001,-1.5264950013271972,1.1695822053301546,-2.070767318318212,2.3806025038515166,1.1074421700090724,1.6201248658333451
9.686,-1.5264950013271972,1.1695822053301546,-2.070767318318212,2.3806025038515166,1.1074421700090724,1.6201248658333451
9.688,-1.5264950013271972,1.1695822053301546,-2.070767318318212,2.3806025038515166,1.1074421700090724,1.6201248658333451
9.69,-1.5264950013271972,1.1695822053301546,-2.070767318318212,2.3806025038515166,1.1074421700090724,1.6201248658333451
9.692,-1.5264950013271972,1.1695822053301546,-2.070767318318212,2.3806025038515166,1.1074421700090724,1.6201248658333451
9.694,-1.5264950013271972,1.1695822053301546,-2.070767318318212,2.3806025038515166,1.1074421700090724,1.6201248658333451
9.696,-1.5264950013271972,1.1695822053301546,-2.070767318318212,2.3806025038515166,1.1074421700090724,1.6201248658333451
9.698,-1.5264950013271972,1.1695822053301546,-2.070767318318212,2.3806025038515166,1.1074421700090724,1.6201248658333451
9.700000000000001,-1.5264950013271972,1.1695822053301546,-2.070767318318212,2.3806025038515166,1.1074421700090724,1.6201248658333451
9.702,-1.5264950013271972,1.1695822053301546,-2.070767318318212,2.3806025038515166,1.1074421700090724,1.6201248658333451
9.704,-1.5264950013271972,1.1695822053301546,-2.070767318318212,2.3806025038515166,1.1074421700090724,1.6201248658333451
9.706,-1.5264950013271972,1.1695822053301546,-2.070767318318212,2.3806025038515166,1.1074421700090724,1.6201248658333451
9.708,-1.5264950013271972,1.1695822053301546,-2.070767318318212,2.3806025038515166,1.1074421700090724,1.6201248658333451
9.71,-1.5264950013271972,1.1695822053301546,-2.070767318318212,2.3806025038515166,1.1074421700090724,1.6201248658333451
9.712,-1.5264950013271972,1.1695822053301546,-2.070767318318212,2.3806025038515166,1.1074421700090724,1.6201248658333451
9.714,-1.5264950013271972,1.1695822053301546,-2.070767318318212,2.3806025038515166,1.1074421700090724,1.6201248658333451
9.716000000000001,-1.5264950013271972,1.1695822053301546,-2.070767318318212,2.3806025038515166,1.1074421700090724,1.6201248658333451
9.718,-1.5264950013271972,1.1695822053301546,-2.070767318318212,2.3806025038515166,1.1074421700090724,1.6201248658333451
9.72,-1.5264950013271972,1.1695822053301546,-2.070767318318212,2.3806025038515166,1.1074421700090724,1.6201248658333451
9.722,-1.5264950013271972,1.1695822053301546,-2.070767318318212,2.3806025038515166,1.1074421700090724,1.6201248658333451
9.724,-1.5264950013271972,1.1695822053301546,-2.070767318318212,2.3806025038515166,1.1074421700090724,1.6201248658333451
9.726,-1.5264950013271972,1.1695822053301546,-2.070767318318212,2.3806025038515166,1.1074421700090724,1.6201248658333451
9.728,-1.5264950013271972,1.1695822053301546,-2.070767318318212,2.3806025038515166,1.1074421700090724,1.6201248658333451
9.73,-1.5264950013271972,1.1695822053301546,-2.070767318318212,2.3806025038515166,1.1074421700090724,1.6201248658333451
9.732,-1.5264950013271972,1.1695822053301546,-2.070767318318212,2.3806025038515166,1.1074421700090724,1.6201248658333451
9.734,-1.5264950013271972,1.1695822053301546,-2.070767318318212,2.3806025038515166,1.1074421700090724,1.6201248658333451
9.736,-1.5264950013271972,1.1695822053301546,-2.070767318318212,2.3806025038515166,1.1074421700090724,1.6201248658333451
9.738,-1.5264950013271972,1.1695822053301546,-2.070767318318212,2.3806025038515166,1.1074421700090724,1.6201248658333451
9.74,-1.5264950013271972,1.1695822053301546,-2.070767318318212,2.3806025038515166,1.1074421700090724,1.6201248658333451
9.742,-1.5264950013271972,1.1695822053301546,-2.070767318318212,2.3806025038515166,1.1074421700090724,1.6201248658333451
9.744,-1.5264950013271972,1.1695822053301546,-2.070767318318212,2.3806025038515166,1.1074421700090724,1.6201248658333451
9.746,-1.5264950013271972,1.1695822053301546,-2.070767318318212,2.3806025038515166,1.1074421700090724,1.6201248658333451
9.748,-1.5264950013271972,1.1695822053301546,-2.070767318318212,2.3806025038515166,1.1074421700090724,1.6201248658333451
9.75,-1.5264950013271972,1.1695822053301546,-2.070767318318212,2.3806025038515166,1.1074421700090724,1.6201248658333451
9.752,-1.5264950013271972,1.1695822053301546,-2.070767318318212,2.3806025038515166,1.1074421700090724,1.6201248658333451
9.754,-1.5264950013271972,1.1695822053301546,-2.070767318318212,2.3806025038515166,1.1074421700090724,1.6201248658333451
9.756,-1.5264950013271972,1.1695822053301546,-2.070767318318212,2.3806025038515166,1.1074421700090724,1.6201248658333451
9.758000000000001,-1.5264950013271972,1.1695822053301546,-2.070767318318212,2.3806025038515166,1.1074421700090724,1.6201248658333451
9.76,-1.5264950013271972,1.1695822053301546,-2.070767318318212,2.3806025038515166,1.1074421700090724,1.6201248658333451
9.762,-1.5264950013271972,1.1695822053301546,-2.070767318318212,2.3806025038515166,1.1074421700090724,1.6201248658333451
9.764,-1.5264950013271972,1.1695822053301546,-2.070767318318212,2.3806025038515166,1.1074421700090724,1.6201248658333451
9.766,-1.5264950013271972,1.1695822053301546,-2.070767318318212,2.3806025038515166,1.1074421700090724,1.6201248658333451
9.768,-1.5264950013271972,1.1695822053301546,-2.070767318318212,2.3806025038515166,1.1074421700090724,1.6201248658333451
9.77,-1.5264950013271972,1.1695822053301546,-2.070767318318212,2.3806025038515166,1.1074421700090724,1.6201248658333451
9.772,-1.5264950013271972,1.1695822053301546,-2.070767318318212,2.3806025038515166,1.1074421700090724,1.6201248658333451
9.774000000000001,-1.5264950013271972,1.1695822053301546,-2.070767318318212,2.3806025038515166,1.1074421700090724,1.6201248658333451
9.776,-1.5264950013271972,1.1695822053301546,-2.070767318318212,2.3806025038515166,1.1074421700090724,1.6201248658333451
9.778,-1.5264950013271972,1.1695822053301546,-2.070767318318212,2.3806025038515166,1.1074421700090724,1.6201248658333451
9.78,-1.5264950013271972,1.1695822053301546,-2.070767318318212,2.3806025038515166,1.1074421700090724,1.6201248658333451
9.782,-1.5264950013271972,1.1695822053301546,-2.070767318318212,2.3806025038515166,1.1074421700090724,1.6201248658333451
9.784,-1.5264950013271972,1.1695822053301546,-2.070767318318212,2.3806025038515166,1.1074421700090724,1.6201248658333451
9.786,-1.5264950013271972,1.1695822053301546,-2.070767318318212,2.3806025038515166,1.1074421700090724,1.6201248658333451
9.788,-1.5264950013271972,1.1695822053301546,-2.070767318318212,2.3806025038515166,1.1074421700090724,1.6201248658333451
9.790000000000001,-1.5264950013271972,1.1695822053301546,-2.070767318318212,2.3806025038515166,1.1074421700090724,1.6201248658333451
9.792,-1.5264950013271972,1.1695822053301546,-2.070767318318212,2.3806025038515166,1.1074421700090724,1.6201248658333451
9.794,-1.5264950013271972,1.1695822053301546,-2.070767318318212,2.3806025038515166,1.1074421700090724,1.6201248658333451
9.796,-1.5264950013271972,1.1695822053301546,-2.070767318318212,2.3806025038515166,1.1074421700090724,1.6201248658333451
9.798,-1.5264950013271972,1.1695822053301546,-2.070767318318212,2.3806025038515166,1.1074421700090724,1.6201248658333451
9.8,-1.5264950013271972,1.1695822053301546,-2.070767318318212,2.3806025038515166,1.1074421700090724,1.6201248658333451
9.802,-1.5264950013271972,1.1695822053301546,-2.070767318318212,2.3806025038515166,1.1074421700090724,1.6201248658333451
9.804,-1.5264950013271972,1.1695822053301546,-2.070767318318212,2.3806025038515166,1.1074421700090724,1.6201248658333451
9.806000000000001,-1.5264950013271972,1.1695822053301546,-2.070767318318212,2.3806025038515166,1.1074421700090724,1.6201248658333451
9.808,-1.5264950013271972,1.1695822053301546,-2.070767318318212,2.3806025038515166,1.1074421700090724,1.6201248658333451
9.81,-1.5264950013271972,1.1695822053301546,-2.070767318318212,2.3806025038515166,1.1074421700090724,1.6201248658333451
9.812,-1.5264950013271972,1.1695822053301546,-2.070767318318212,2.3806025038515166,1.1074421700090724,1.6201248658333451
9.814,-1.5264950013271972,1.1695822053301546,-2.070767318318212,2.3806025038515166,1.1074421700090724,1.6201248658333451
9.816,-1.5264950013271972,1.1695822053301546,-2.070767318318212,2.3806025038515166,1.1074421700090724,1.6201248658333451
9.818,-1.5264950013271972,1.1695822053301546,-2.070767318318212,2.3806025038515166,1.1074421700090724,1.6201248658333451
9.82,-1.5264950013271972,1.1695822053301546,-2.070767318318212,2.3806025038515166,1.1074421700090724,1.6201248658333451
9.822000000000001,-1.5264950013271972,1.1695822053301546,-2.070767318318212,2.3806025038515166,1.1074421700090724,1.6201248658333451
9.824,-1.5264950013271972,1.1695822053301546,-2.070767318318212,2.3806025038515166,1.1074421700090724,1.6201248658333451
9.826,-1.5264950013271972,1.1695822053301546,-2.070767318318212,2.3806025038515166,1.1074421700090724,1.6201248658333451
9.828,-1.5264950013271972,1.1695822053301546,-2.070767318318212,2.3806025038515166,1.1074421700090724,1.6201248658333451
9.83,-1.5264950013271972,1.1695822053301546,-2.070767318318212,2.3806025038515166,1.1074421700090724,1.6201248658333451
9.832,-1.5264950013271972,1.1695822053301546,-2.070767318318212,2.3806025038515166,1.1074421700090724,1.6201248658333451
9.834,-1.5264950013271972,1.1695822053301546,-2.070767318318212,2.3806025038515166,1.1074421700090724,1.6201248658333451
9.836,-1.5264950013271972,1.1695822053301546,-2.070767318318212,2.3806025038515166,1.1074421700090724,1.6201248658333451
9.838000000000001,-1.5264950013271972,1.1695822053301546,-2.070767318318212,2.3806025038515166,1.1074421700090724,1.6201248658333451
9.84,-1.5264950013271972,1.1695822053301546,-2.070767318318212,2.3806025038515166,1.1074421700090724,1.6201248658333451
9.842,-1.5264950013271972,1.1695822053301546,-2.070767318318212,2.3806025038515166,1.1074421700090724,1.6201248658333451
9.844,-1.5264950013271972,1.1695822053301546,-2.070767318318212,2.3806025038515166,1.1074421700090724,1.6201248658333451
9.846,-1.5264950013271972,1.1695822053301546,-2.070767318318212,2.3806025038515166,1.1074421700090724,1.6201248658333451
9.848,-1.5264950013271972,1.1695822053301546,-2.070767318318212,2.3806025038515166,1.1074421700090724,1.6201248658333451
9.85,-1.5264950013271972,1.1695822053301546,-2.070767318318212,2.3806025038515166,1.1074421700090724,1.6201248658333451
9.852,-1.5264950013271972,1.1695822053301546,-2.070767318318212,2.3806025038515166,1.1074421700090724,1.6201248658333451
9.854000000000001,-1.5264950013271972,1.1695822053301546,-2.070767318318212,2.3806025038515166,1.1074421700090724,1.6201248658333451
9.856,-1.5264950013271972,1.1695822053301546,-2.070767318318212,2.3806025038515166,1.1074421700090724,1.6201248658333451
9.858,-1.5264950013271972,1.1695822053301546,-2.070767318318212,2.3806025038515166,1.1074421700090724,1.6201248658333451
9.86,-1.5264950013271972,1.1695822053301546,-2.070767318318212,2.3806025038515166,1.1074421700090724,1.6201248658333451
9.862,-1.5264950013271972,1.1695822053301546,-2.070767318318212,2.3806025038515166,1.1074421700090724,1.6201248658333451
9.864,-1.5264950013271972,1.1695822053301546,-2.070767318318212,2.3806025038515166,1.1074421700090724,1.6201248658333451
9.866,-1.5264950013271972,1.1695822053301546,-2.070767318318212,2.3806025038515166,1.1074421700090724,1.6201248658333451
9.868,-1.5264950013271972,1.1695822053301546,-2.070767318318212,2.3806025038515166,1.1074421700090724,1.6201248658333451
9.870000000000001,-1.5264950013271972,1.1695822053301546,-2.070767318318212,2.3806025038515166,1.1074421700090724,1.6201248658333451
9.872,-1.5264950013271972,1.1695822053301546,-2.070767318318212,2.3806025038515166,1.1074421700090724,1.6201248658333451
9.874,-1.5264950013271972,1.1695822053301546,-2.070767318318212,2.3806025038515166,1.1074421700090724,1.6201248658333451
9.876,-1.5264950013271972,1.1695822053301546,-2.070767318318212,2.3806025038515166,1.1074421700090724,1.6201248658333451
9.878,-1.5264950013271972,1.1695822053301546,-2.070767318318212,2.3806025038515166,1.1074421700090724,1.6201248658333451
9.88,-1.5264950013271972,1.1695822053301546,-2.070767318318212,2.3806025038515166,1.1074421700090724,1.6201248658333451
9.882,-1.5264950013271972,1.1695822053301546,-2.070767318318212,2.3806025038515166,1.1074421700090724,1.6201248658333451
9.884,-1.5264950013271972,1.1695822053301546,-2.070767318318212,2.3806025038515166,1.1074421700090724,1.6201248658333451
9.886000000000001,-1.5264950013271972,1.1695822053301546,-2.070767318318212,2.3806025038515166,1.1074421700090724,1.6201248658333451
9.888,-1.5264950013271972,1.1695822053301546,-2.070767318318212,2.3806025038515166,1.1074421700090724,1.6201248658333451
9.89,-1.5264950013271972,1.1695822053301546,-2.070767318318212,2.3806025038515166,1.1074421700090724,1.6201248658333451
9.892,-1.5264950013271972,1.1695822053301546,-2.070767318318212,2.3806025038515166,1.1074421700090724,1.6201248658333451
9.894,-1.5264950013271972,1.1695822053301546,-2.070767318318212,2.3806025038515166,1.1074421700090724,1.6201248658333451
9.896,-1.5264950013271972,1.1695822053301546,-2.070767318318212,2.3806025038515166,1.1074421700090724,1.6201248658333451
9.898,-1.5264950013271972,1.1695822053301546,-2.070767318318212,2.3806025038515166,1.1074421700090724,1.6201248658333451
9.9,-1.5264950013271972,1.1695822053301546,-2.070767318318212,2.3806025038515166,1.1074421700090724,1.6201248658333451
9.902000000000001,-1.5264950013271972,1.1695822053301546,-2.070767318318212,2.3806025038515166,1.1074421700090724,1.6201248658333451
9.904,-1.5264950013271972,1.1695822053301546,-2.070767318318212,2.3806025038515166,1.1074421700090724,1.6201248658333451
9.906,-1.5264950013271972,1.1695822053301546,-2.070767318318212,2.3806025038515166,1.1074421700090724,1.6201248658333451
9.908,-1.5264950013271972,1.1695822053301546,-2.070767318318212,2.3806025038515166,1.1074421700090724,1.6201248658333451
9.91,-1.5264950013271972,1.1695822053301546,-2.070767318318212,2.3806025038515166,1.1074421700090724,1.6201248658333451
9.912,-1.5264950013271972,1.1695822053301546,-2.070767318318212,2.3806025038515166,1.1074421700090724,1.6201248658333451
9.914,-1.5264950013271972,1.1695822053301546,-2.070767318318212,2.3806025038515166,1.1074421700090724,1.6201248658333451
9.916,-1.5264950013271972,1.1695822053301546,-2.070767318318212,2.3806025038515166,1.1074421700090724,1.6201248658333451
9.918000000000001,-1.5264950013271972,1.1695822053301546,-2.070767318318212,2.3806025038515166,1.1074421700090724,1.6201248658333451
9.92,-1.5264950013271972,1.1695822053301546,-2.070767318318212,2.3806025038515166,1.1074421700090724,1.6201248658333451
9.922,-1.5264950013271972,1.1695822053301546,-2.070767318318212,2.3806025038515166,1.1074421700090724,1.6201248658333451
9.924,-1.5264950013271972,1.1695822053301546,-2.070767318318212,2.3806025038515166,1.1074421700090724,1.6201248658333451
9.926,-1.5264950013271972,1.1695822053301546,-2.070767318318212,2.3806025038515166,1.1074421700090724,1.6201248658333451
9.928,-1.5264950013271972,1.1695822053301546,-2.070767318318212,2.3806025038515166,1.1074421700090724,1.6201248658333451
9.93,-1.5264950013271972,1.1695822053301546,-2.070767318318212,2.3806025038515166,1.1074421700090724,1.6201248658333451
9.932,-1.5264950013271972,1.1695822053301546,-2.070767318318212,2.3806025038515166,1.1074421700090724,1.6201248658333451
9.934000000000001,-1.5264950013271972,1.1695822053301546,-2.070767318318212,2.3806025038515166,1.1074421700090724,1.6201248658333451
9.936,-1.5264950013271972,1.1695822053301546,-2.070767318318212,2.3806025038515166,1.1074421700090724,1.6201248658333451
9.938,-1.5264950013271972,1.1695822053301546,-2.070767318318212,2.3806025038515166,1.1074421700090724,1.6201248658333451
9.94,-1.5264950013271972,1.1695822053301546,-2.070767318318212,2.3806025038515166,1.1074421700090724,1.6201248658333451
9.942,-1.5264950013271972,1.1695822053301546,-2.070767318318212,2.3806025038515166,1.1074421700090724,1.6201248658333451
9.944,-1.5264950013271972,1.1695822053301546,-2.070767318318212,2.3806025038515166,1.1074421700090724,1.6201248658333451
9.946,-1.5264950013271972,1.1695822053301546,-2.070767318318212,2.3806025038515166,1.1074421700090724,1.6201248658333451
9.948,-1.5264950013271972,1.1695822053301546,-2.070767318318212,2.3806025038515166,1.1074421700090724,1.6201248658333451
9.950000000000001,-1.5264950013271972,1.1695822053301546,-2.070767318318212,2.3806025038515166,1.1074421700090724,1.6201248658333451
9.952,-1.5264950013271972,1.1695822053301546,-2.070767318318212,2.3806025038515166,1.1074421700090724,1.6201248658333451
9.954,-1.5264950013271972,1.1695822053301546,-2.070767318318212,2.3806025038515166,1.1074421700090724,1.6201248658333451
9.956,-1.5264950013271972,1.1695822053301546,-2.070767318318212,2.3806025038515166,1.1074421700090724,1.6201248658333451
9.958,-1.5264950013271972,1.1695822053301546,-2.070767318318212,2.3806025038515166,1.1074421700090724,1.6201248658333451
9.96,-1.5264950013271972,1.1695822053301546,-2.070767318318212,2.3806025038515166,1.1074421700090724,1.6201248658333451
9.962,-1.5264950013271972,1.1695822053301546,-2.070767318318212,2.3806025038515166,1.1074421700090724,1.6201248658333451
9.964,-1.5264950013271972,1.1695822053301546,-2.070767318318212,2.3806025038515166,1.1074421700090724,1.6201248658333451
9.966000000000001,-1.5264950013271972,1.1695822053301546,-2.070767318318212,2.3806025038515166,1.1074421700090724,1.6201248658333451
9.968,-1.5264950013271972,1.1695822053301546,-2.070767318318212,2.3806025038515166,1.1074421700090724,1.6201248658333451
9.97,-1.5264950013271972,1.1695822053301546,-2.070767318318212,2.3806025038515166,1.1074421700090724,1.6201248658333451
9.972,-1.5264950013271972,1.1695822053301546,-2.070767318318212,2.3806025038515166,1.1074421700090724,1.6201248658333451
9.974,-1.5264950013271972,1.1695822053301546,-2.070767318318212,2.3806025038515166,1.1074421700090724,1.6201248658333451
9.976,-1.5264950013271972,1.1695822053301546,-2.070767318318212,2.3806025038515166,1.1074421700090724,1.6201248658333451
9.978,-1.5264950013271972,1.1695822053301546,-2.070767318318212,2.3806025038515166,1.1074421700090724,1.6201248658333451
9.98,-1.5264950013271972,1.1695822053301546,-2.070767318318212,2.3806025038515166,1.1074421700090724,1.6201248658333451
9.982000000000001,-1.5264950013271972,1.1695822053301546,-2.070767318318212,2.3806025038515166,1.1074421700090724,1.6201248658333451
9.984,-1.5264950013271972,1.1695822053301546,-2.070767318318212,2.3806025038515166,1.1074421700090724,1.6201248658333451
9.986,-1.5264950013271972,1.1695822053301546,-2.070767318318212,2.3806025038515166,1.1074421700090724,1.6201248658333451
9.988,-1.5264950013271972,1.1695822053301546,-2.070767318318212,2.3806025038515166,1.1074421700090724,1.6201248658333451
9.99,-1.5264950013271972,1.1695822053301546,-2.070767318318212,2.3806025038515166,1.1074421700090724,1.6201248658333451
9.992,-1.5264950013271972,1.1695822053301546,-2.070767318318212,2.3806025038515166,1.1074421700090724,1.6201248658333451
9.994,-1.5264950013271972,1.1695822053301546,-2.070767318318212,2.3806025038515166,1.1074421700090724,1.6201248658333451
9.996,-1.5264950013271972,1.1695822053301546,-2.070767318318212,2.3806025038515166,1.1074421700090724,1.6201248658333451
9.998,-1.5264950013271972,1.1695822053301546,-2.070767318318212,2.3806025038515166,1.1074421700090724,1.6201248658333451
