time,desired_x,desired_y,desired_z,actual_x,actual_y,actual_z,error_x,error_y,error_z,error_norm
0.0,0.1,-0.7,0.3,-0.04652447116244632,-0.7457208461809416,0.0019078547748924146,-0.14652447116244632,-0.04572084618094163,-0.2980921452251076,0.3352890446612333
0.001,0.09999995000000417,-0.6999000000166666,0.3,-0.04652447116244632,-0.7457208461809416,0.0019078547748924146,-0.14652442116245049,-0.04582084616427495,-0.2980921452251076,0.3353026736921553
0.002,0.09999980000006667,-0.6998000001333332,0.3,-0.046471855222613316,-0.7460136087778485,0.005321537348116467,-0.14647165522268,-0.04621360864451529,-0.2946784626518835,0.33230263278899486
0.003,0.0999995500003375,-0.6997000004499998,0.3,-0.046451099965330256,-0.7463296210674684,0.008782098005210015,-0.14645064996566776,-0.04662962061746856,-0.29121790199479,0.3292870796683992
0.004,0.09999920000106667,-0.6996000010666658,0.3,-0.04639646041742262,-0.746601306540132,0.01219535865564872,-0.14639566041848928,-0.04700130547346626,-0.28780464134435124,0.3263009710143786
0.005,0.09999875000260416,-0.6995000020833306,0.3,-0.04630776804744809,-0.7468291432894028,0.015560800615643328,-0.14630651805005226,-0.04732914120607212,-0.2844391993843567,0.32334393913857173
0.006,0.0999982000054,-0.6994000035999934,0.3,-0.04618486721888065,-0.7470136008972265,0.018877922424133414,-0.14618306722428065,-0.047613597297233023,-0.2811220775758666,0.32041561493044185
0.007,0.09999755001000415,-0.6993000057166526,0.3,-0.04602761497193104,-0.7471551399692652,0.022146239752393382,-0.14602516498193518,-0.04785513425261256,-0.2778537602476066,0.3175156291681898
0.008,0.09999680001706664,-0.699200008533306,0.3,-0.04583589169381064,-0.7472542117243997,0.02536528420023984,-0.14583269171087726,-0.04805420319109366,-0.2746347157997602,0.31464361989143486
0.009000000000000001,0.09999595002733742,-0.6991000121499508,0.3,-0.0456096026216424,-0.7473112573372942,0.028534602847808815,-0.14560555264897984,-0.04821124518734343,-0.2714653971521912,0.31179923504672985
0.01,0.09999500004166653,-0.6990000166665833,0.3,-0.04534864191983145,-0.7473267076155122,0.03165376198203715,-0.145343641961498,-0.04832669094892894,-0.26834623801796287,0.30898211400516146
0.011,0.09999395006100392,-0.6989000221831991,0.3,-0.04505291519127704,-0.7473009826830673,0.03472234466078644,-0.14504686525228097,-0.048400960499868195,-0.26527765533921355,0.30619190145902575
0.012,0.09999280008639959,-0.6988000287997926,0.3,-0.04472233965919688,-0.7472344915939688,0.0377399505716908,-0.14471513974559647,-0.04843446279417618,-0.26226004942830916,0.30342824915272326
0.013000000000000001,0.0999915501190035,-0.6987000366163573,0.3,-0.04435684398022729,-0.7471276319623357,0.04070619593081512,-0.14434839409923078,-0.0484275953459784,-0.2592938040691849,0.3006908174499007
0.014,0.09999020016006563,-0.6986000457328851,0.3,-0.04395636805691405,-0.7469807896080032,0.043620713381831266,-0.14394656821697968,-0.04838074387511804,-0.2563792866181687,0.29797927694085785
0.015,0.09998875021093592,-0.6985000562493672,0.3,-0.04352086285606761,-0.7467943382174487,0.04648315189540625,-0.14350961306700355,-0.0482942819680815,-0.25351684810459374,0.29529331009411863
0.016,0.09998720027306435,-0.6984000682657928,0.3,-0.04305029023341773,-0.7465686390199232,0.049293176669157834,-0.14303749050648207,-0.04816857075413039,-0.25070682333084215,0.29263261295270854
0.017,0.09998555034800083,-0.6983000818821501,0.3,-0.04254462276492176,-0.7463040404786759,0.05205046902853082,-0.1425301731129226,-0.04800395859652584,-0.24794953097146916,0.28999689687565317
0.018000000000000002,0.09998380043739528,-0.6982000971984254,0.3,-0.04200384358503743,-0.7460008779971541,0.05475472632894042,-0.14198764402243272,-0.04780078079872874,-0.24524527367105958,0.28738589032518996
0.019,0.09998195054299763,-0.6981001143146032,0.3,-0.04142794623227605,-0.745659473640073,0.05740566185950706,-0.14140989677527369,-0.04755935932546984,-0.24259433814049292,0.28479934070019636
0.02,0.09998000066665778,-0.6980001333306667,0.3,-0.04081693450232741,-0.7452801358692469,0.060003004748707095,-0.1407969351689852,-0.047280002538580224,-0.2399969952512929,0.28223701621629416
0.021,0.0999779508103256,-0.6979001543465966,0.3,-0.04017082230904132,-0.7448631592940673,0.06254649987223584,-0.1401487731193669,-0.04696300494747074,-0.23745350012776414,0.2796987078330646
0.022,0.09997580097605092,-0.697800177462372,0.3,-0.03948963355353419,-0.7444088244365455,0.06503590776338083,-0.1394654345295851,-0.04660864697417355,-0.23496409223661915,0.27718423122874003
0.023,0.09997355116598361,-0.6977002027779697,0.3,-0.038773402001672286,-0.7439173975108051,0.06747100452618085,-0.1387469531676559,-0.046217194732835365,-0.23252899547381914,0.27469342882264935
0.024,0.09997120138237346,-0.6976002303933645,0.3,-0.038022171170178,-0.7433891302169496,0.06985158175163467,-0.13799337255255145,-0.04578889982358514,-0.23014841824836532,0.27222617184559256
0.025,0.09996875162757027,-0.6975002604085287,0.3,-0.03723599422158962,-0.742824259549211,0.07217744643721133,-0.1372047458491599,-0.0453239991406823,-0.22782255356278866,0.2697823624581615
0.026000000000000002,0.09996620190402378,-0.6974002929234323,0.3,-0.036414933868282116,-0.7422230076183105,0.07444842090990615,-0.1363811357723059,-0.044822714694878196,-0.22555157909009382,0.2673619359168343
0.027,0.0999635522142837,-0.6973003280380428,0.3,-0.035559062285764234,-0.7415855814879562,0.07666434275306211,-0.13552261450004793,-0.04428525344991341,-0.22333565724693788,0.26496486278745224
0.028,0.09996080256099975,-0.6972003658523249,0.3,-0.0346724851575899,-0.7409222737164459,0.07882892900728897,-0.13463328771858965,-0.043721907864121,-0.22117107099271102,0.2625916412098033
0.029,0.09995795294692156,-0.697100406466241,0.3,-0.03375888078087837,-0.740242367767391,0.08094552919511126,-0.1337168337277999,-0.04314196130115,-0.2190544708048887,0.2602427359729909
0.03,0.09995500337489877,-0.6970004499797504,0.3,-0.03281895308823711,-0.7395459436788597,0.08301402408719626,-0.1327739564631359,-0.042545493699109316,-0.21698597591280372,0.2579185070750207
0.031,0.09995195384788091,-0.6969004964928095,0.3,-0.03186038638735168,-0.7388418144294189,0.08504265524822804,-0.13181234023523258,-0.04194131793660938,-0.21495734475177194,0.25561734536466924
0.032,0.09994880436891755,-0.6968005461053719,0.3,-0.030889167936589634,-0.7381360541648861,0.0870394930724607,-0.1308379723055072,-0.04133550805951425,-0.2129605069275393,0.2533364891490946
0.033,0.09994555494115814,-0.696700598917388,0.3,-0.02990933155541188,-0.7374320580224057,0.08900921826213141,-0.12985488649657,-0.04073145910501774,-0.21099078173786856,0.25107459705477514
0.034,0.09994220556785212,-0.6966006550288049,0.3,-0.028922705373766164,-0.7366897833241746,0.09092363628691903,-0.12886491094161828,-0.0400891282953697,-0.20907636371308097,0.2488498128248409
0.035,0.09993875625234887,-0.6965007145395663,0.3,-0.02793701258026525,-0.7359764600814372,0.0928462140686585,-0.12787576883261412,-0.039475745541870944,-0.20715378593134148,0.24662367641065355
0.036000000000000004,0.09993520699809769,-0.696400777549613,0.3,-0.02697517507557927,-0.735221784650619,0.09471396536713143,-0.12691038207367694,-0.038821007101006,-0.20528603463286854,0.24444973243125123
0.037,0.09993155780864782,-0.6963008441588818,0.3,-0.02601591978967356,-0.7344951812146396,0.09659386956329673,-0.12594747759832137,-0.03819433705575781,-0.20340613043670325,0.24227180685284375
0.038,0.0999278086876485,-0.6962009144673063,0.3,-0.025082640276007068,-0.733727338490913,0.09841892052215183,-0.12501044896365557,-0.03752642402360673,-0.20158107947784815,0.2401474056773231
0.039,0.09992395963884881,-0.6961009885748158,0.3,-0.024153931768860146,-0.7329860303363327,0.10025858017709077,-0.12407789140770896,-0.03688504176151686,-0.19974141982290922,0.23801778134165466
0.04,0.09992001066609779,-0.6960010665813365,0.3,-0.023252350355223134,-0.7322037033396365,0.10204335175828895,-0.12317236102132093,-0.03620263675829993,-0.19795664824171105,0.23594256930641522
0.041,0.09991596177334446,-0.6959011485867903,0.3,-0.022356564915816668,-0.7314465560945044,0.10384496654986591,-0.12227252668916112,-0.035545407507714066,-0.19615503345013408,0.2338607361778892
0.042,0.09991181296463766,-0.6958012346910951,0.3,-0.021488479255323004,-0.7306486677990706,0.10559165810497127,-0.12140029221996067,-0.034847433107975445,-0.1944083418950287,0.23183394476150604
0.043000000000000003,0.09990756424412622,-0.6957013249941649,0.3,-0.020626951870750337,-0.7298747441171012,0.10735722792002264,-0.12053451611487656,-0.034173419122936255,-0.19264277207997735,0.2297991074487832
0.044,0.09990321561605889,-0.6956014195959095,0.3,-0.01979335710187008,-0.7290603848987431,0.10906784374987792,-0.11969657271792897,-0.033458965302833654,-0.19093215625012205,0.22781979758106122
0.045,0.09989876708478425,-0.6955015185962339,0.3,-0.01896680251143515,-0.7282688879198975,0.11079919171411114,-0.1188655695962194,-0.03276736932366364,-0.18920080828588887,0.22583106514352874
0.046,0.09989421865475084,-0.6954016220950394,0.3,-0.018168218003139475,-0.7274372714328154,0.11247556221994519,-0.11806243665789032,-0.03203564933777603,-0.1875244377800548,0.22389827275532287
0.047,0.09988957033050712,-0.6953017301922225,0.3,-0.017376985257453265,-0.7266275102055862,0.11417435335049866,-0.11726655558796038,-0.031325780013363724,-0.18582564664950132,0.2219547713062623
0.048,0.09988482211670138,-0.695201842987675,0.3,-0.016613651928542944,-0.7257779461382587,0.11581815254415677,-0.11649847404524433,-0.03057610315058379,-0.1841818474558432,0.22006759295951117
0.049,0.09987997401808185,-0.695101960581284,0.3,-0.01585787791645192,-0.7249493140806786,0.11748590941215648,-0.11573785193453377,-0.029847353499394602,-0.1825140905878435,0.21816853151736945
0.05,0.09987502603949663,-0.6950020830729321,0.3,-0.01512987704889171,-0.7240811909354803,0.11909866988630871,-0.11500490308838834,-0.029079107862548192,-0.18090133011369128,0.21632617383329744
0.051000000000000004,0.09986997818589369,-0.6949022105624967,0.3,-0.014409578767484985,-0.7232331520454571,0.12073678615623823,-0.11427955695337867,-0.028330941482960448,-0.17926321384376176,0.2144708819871959
0.052000000000000005,0.09986483046232089,-0.6948023431498503,0.3,-0.013716903242653233,-0.7223459258829398,0.1223199122057935,-0.11358173370497412,-0.027543582733089433,-0.1776800877942065,0.2126726893133181
0.053,0.09985958287392593,-0.6947024809348603,0.3,-0.013032032962345688,-0.7214780055680822,0.12392966459988135,-0.11289161583627162,-0.02677552463322186,-0.17607033540011863,0.21086063798968946
0.054,0.09985423542595645,-0.694602624017389,0.3,-0.012374629694590328,-0.7205711923161735,0.12548444393551172,-0.11222886512054678,-0.025968568298784467,-0.17451555606448826,0.2091061070706259
0.055,0.09984878812375986,-0.6945027724972932,0.3,-0.011725107675402954,-0.7196829709932941,0.12706700297645646,-0.11157389579916281,-0.02518019849600095,-0.17293299702354353,0.20733691923930325
0.056,0.09984324097278345,-0.6944029264744244,0.3,-0.011102902632130693,-0.7187561409040177,0.12859461731811211,-0.11094614360491414,-0.024353214429593373,-0.17140538268188787,0.20562570619010748
0.057,0.09983759397857439,-0.6943030860486287,0.3,-0.010488636279302188,-0.7178472492757004,0.1301510570839954,-0.11032623025787658,-0.023544163227071757,-0.16984894291600458,0.2038991616330513
0.058,0.09983184714677967,-0.6942032513197465,0.3,-0.009901548992293382,-0.716900022692572,0.1316525918283906,-0.10973339613907306,-0.022696771372825553,-0.1683474081716094,0.20223108439867374
0.059000000000000004,0.09982600048314613,-0.6941034223876125,0.3,-0.009322455399729757,-0.7159705037883223,0.13318330304600584,-0.10914845588287589,-0.02186708140070981,-0.16681669695399415,0.20054766279675784
0.06,0.09982005399352042,-0.6940035993520555,0.3,-0.008770432289491079,-0.7150029122776911,0.13465916133317346,-0.1085904862830115,-0.020999312925635616,-0.16534083866682653,0.1989232459658228
0.061,0.09981400768384904,-0.6939037823128987,0.3,-0.008226458079204406,-0.7140529423004011,0.13616432245340665,-0.10804046576305346,-0.02014915998750233,-0.16383567754659334,0.19728370466830453
0.062,0.09980786156017829,-0.6938039713699591,0.3,-0.007709474998699263,-0.7130651509318043,0.13761469539137688,-0.10751733655887755,-0.019261179561845254,-0.1623853046086231,0.19570375022381126
0.063,0.0998016156286543,-0.6937041666230477,0.3,-0.007200590957610581,-0.712094897514883,0.13909450718236657,-0.10700220658626489,-0.018390730891835294,-0.16090549281763342,0.19410890967689015
0.064,0.09979526989552301,-0.693604368171969,0.3,-0.0067186425315823375,-0.7110870635111406,0.14051960806617458,-0.10651391242710534,-0.017482695339171572,-0.1594803919338254,0.19257428070284444
0.065,0.09978882436713012,-0.6935045761165217,0.3,-0.0062448340214294185,-0.7100966867768174,0.14197429339908263,-0.10603365838855953,-0.016592110660295645,-0.15802570660091736,0.19102502138239497
0.066,0.09978227904992118,-0.6934047905564977,0.3,-0.005797926160491677,-0.7090689603590815,0.14337435754403216,-0.10558020521041286,-0.015664169802583783,-0.15662564245596783,0.1895366397893076
0.067,0.09977563395044152,-0.6933050115916826,0.3,-0.005359187289480358,-0.7080586136114769,0.14480416126502765,-0.10513482123992188,-0.014753602019794365,-0.15519583873497234,0.1880339005880598
0.068,0.09976888907533621,-0.6932052393218554,0.3,-0.004949010970528578,-0.7070161708045263,0.14618363961759406,-0.10471790004586479,-0.013810931482670874,-0.15381636038240593,0.18659060303167715
0.069,0.09976204443135014,-0.6931054738467882,0.3,-0.004547027707268503,-0.7059910192746113,0.14759303208815586,-0.10430907213861865,-0.012885545427823053,-0.15240696791184413,0.18513320523200025
0.07,0.09975510002532796,-0.6930057152662467,0.3,-0.004174889133734552,-0.7049378317662074,0.14895521699058883,-0.10392998915906251,-0.011932116499960732,-0.15104478300941115,0.18373444022591842
0.07100000000000001,0.09974805586421406,-0.6929059636799892,0.3,-0.0038109632019129452,-0.7039018420523177,0.1503475066721164,-0.10355901906612701,-0.010995878372328405,-0.14965249332788358,0.18232182680735112
0.07200000000000001,0.09974091195505262,-0.6928062191877676,0.3,-0.003476909387447831,-0.7028381768055584,0.1516931815392315,-0.10321782134250046,-0.010031957617790743,-0.14830681846076849,0.1809681497344017
0.073,0.09973366830498753,-0.6927064818893262,0.3,-0.003151058391045715,-0.7017916170869755,0.15306916354258182,-0.10288472669603324,-0.009085135197649308,-0.14693083645741817,0.17960088354725204
0.074,0.09972632492126245,-0.6926067518844021,0.3,-0.0028551443297172782,-0.7007178237653421,0.15439920047706354,-0.10258146925097972,-0.008111071880939957,-0.14560079952293645,0.17829284938680465
0.075,0.09971888181122075,-0.6925070292727257,0.3,-0.0025673992903699483,-0.6996610442153807,0.15575975869873196,-0.1022862811015907,-0.007154014942654996,-0.14424024130126803,0.1769714961287308
0.076,0.09971133898230555,-0.6924073141540193,0.3,-0.0023096571388719553,-0.6985774381960221,0.15707503773395262,-0.10202099612117752,-0.006170124042002789,-0.14292496226604737,0.1757097006969225
0.077,0.09970369644205967,-0.6923076066279982,0.3,-0.002060028316011299,-0.6975107544284613,0.15842106391821859,-0.10176372475807097,-0.005203147800463159,-0.1415789360817814,0.17443486912231465
0.078,0.09969595419812569,-0.6922079067943698,0.3,-0.0018404726873994248,-0.6964176199343705,0.15972247466820197,-0.10153642688552511,-0.004209713140000626,-0.14027752533179802,0.17321995203386334
0.079,0.0996881122582458,-0.6921082147528339,0.3,-0.001628954161806695,-0.6953413162165187,0.16105487005049574,-0.10131706642005249,-0.0032331014636848288,-0.13894512994950425,0.17199229642552144
0.08,0.09968017063026195,-0.6920085306030826,0.3,-0.0014475849008083602,-0.6942389061316272,0.16234331093248777,-0.10112775553107031,-0.002230375528544548,-0.13765668906751222,0.17082494419369787
0.081,0.09967212932211578,-0.6919088544448001,0.3,-0.0012741568775940099,-0.6931532352622088,0.16366298545552438,-0.10094628619970979,-0.0012443808174087412,-0.1363370145444756,0.1696451670871676
0.082,0.09966398834184859,-0.6918091863776625,0.3,-0.0011309609947175794,-0.6920417711506359,0.16493936296221332,-0.10079494933656616,-0.00023258477297338764,-0.13506063703778667,0.168526115437609
0.083,0.09965574769760138,-0.6917095265013378,0.3,-0.00099559144976058,-0.6909469545258001,0.16624723454459334,-0.10065133914736196,0.0007625719755376403,-0.13375276545540665,0.1673949696231765
0.084,0.09964740739761475,-0.6916098749154859,0.3,-0.000890544511472989,-0.6898266267320674,0.16751246250689725,-0.10053795190908774,0.0017832481834184621,-0.13248753749310274,0.1663250051529956
0.085,0.09963896745022904,-0.6915102317197583,0.3,-0.0007931904044112051,-0.6887228544831363,0.16880945630357239,-0.10043215785464024,0.002787377236622035,-0.1311905436964276,0.1652432950487338
0.08600000000000001,0.09963042786388421,-0.6914105970137984,0.3,-0.0007263536029416123,-0.6875940947393829,0.1700645516135361,-0.10035678146682582,0.003816502274415434,-0.1299354483864639,0.1642232322888034
0.08700000000000001,0.09962178864711979,-0.6913109708972407,0.3,-0.0006670633041335333,-0.686481838824979,0.17135163915583962,-0.10028885195125332,0.004829132072261655,-0.12864836084416037,0.16319183524355943
0.088,0.09961304980857502,-0.6912113534697114,0.3,-0.0006384462135855459,-0.6853449271747162,0.1725973779071647,-0.10025149602216057,0.005866426294995231,-0.1274026220928353,0.16222270349209966
0.089,0.09960421135698876,-0.6911117448308279,0.3,-0.000617226647762148,-0.6842248052699644,0.17387487636790583,-0.1002214380047509,0.006886939560863503,-0.12612512363209416,0.16124302584442576
0.09,0.09959527330119944,-0.6910121450801988,0.3,-0.0006263604665907377,-0.6830804860854776,0.1751117604331296,-0.10022163376779017,0.007931658994721258,-0.1248882395668704,0.16032579166062338
0.091,0.0995862356501451,-0.6909125543174239,0.3,-0.0006427074474535249,-0.681953261062042,0.17638016713927004,-0.10022894309759862,0.008959293255381917,-0.12361983286072994,0.15939878621436362
0.092,0.09957709841286343,-0.690812972642094,0.3,-0.0006669134382220471,-0.6808102145248879,0.17761808445030147,-0.10024401185108547,0.010002758117206079,-0.12238191554969852,0.15851261885277598
0.093,0.09956786159849162,-0.6907134001537906,0.3,-0.0006968625689414282,-0.679685132150167,0.17888644214883434,-0.10026472416743305,0.011028268003623554,-0.12111355785116565,0.15761704064884238
0.094,0.09955852521626654,-0.6906138369520862,0.3,-0.0007280082315011607,-0.6785438589426628,0.18012396300802702,-0.1002865334477677,0.012069978009423443,-0.11987603699197297,0.1567588511217758
0.095,0.09954908927552453,-0.6905142831365442,0.3,-0.0007636745273148088,-0.6774213158768607,0.18139095509466052,-0.10031276380283934,0.013092967259683452,-0.11860904490533947,0.15589157099338055
0.096,0.09953955378570153,-0.6904147388067182,0.3,-0.0007992512241395133,-0.6762809302782514,0.18262512226406588,-0.10033880500984105,0.014133808528466796,-0.11737487773593411,0.15506289774748744
0.097,0.09952991875633305,-0.6903152040621526,0.3,-0.0008385683191650464,-0.675159848565604,0.18388804341822942,-0.10036848707549809,0.015155355496548673,-0.11611195658177056,0.1542254987325318
0.098,0.0995201841970541,-0.6902156790023822,0.3,-0.0008771352814190905,-0.6740201261925339,0.1851170662533029,-0.10039731947847319,0.0161955528098483,-0.11488293374669709,0.15342752737213486
0.099,0.09951035011759926,-0.690116163726932,0.3,-0.0009189294094479258,-0.6729001602765984,0.18637428643071366,-0.1004292795270472,0.017216003450333583,-0.11362571356928633,0.1526212100111029
0.1,0.09950041652780259,-0.6900166583353171,0.3,-0.0009596881309335142,-0.6717612715496031,0.18759709647575323,-0.1004601046587361,0.018255386785714034,-0.11240290352424676,0.15185487972212602
0.101,0.09949038343759767,-0.6899171629270432,0.3,-0.0010033215532300951,-0.670642514013889,0.18884765234771098,-0.10049370499082777,0.019274648913154224,-0.11115234765228901,0.1510805785735685
0.10200000000000001,0.09948025085701762,-0.6898176776016054,0.3,-0.0010458585775847268,-0.6695048617505943,0.19006363101879983,-0.10052610943460234,0.02031281585101108,-0.10993636898120016,0.15034664742063697
0.10300000000000001,0.09947001879619499,-0.6897182024584892,0.3,-0.0010910148115412521,-0.6683876640979826,0.19130697520482728,-0.10056103360773624,0.02133053836050669,-0.1086930247951727,0.1496051034762161
0.10400000000000001,0.09945968726536186,-0.6896187375971696,0.3,-0.001135146793133715,-0.6672517845447465,0.19251578649767112,-0.10059483405849558,0.02236695305242309,-0.10748421350232887,0.14890418859226148
0.105,0.09944925627484974,-0.6895192831171117,0.3,-0.0011817011158459095,-0.6661366479715606,0.1937516333539279,-0.10063095739069565,0.023382635145551167,-0.1062483666460721,0.14819599396298178
0.106,0.09943872583508966,-0.6894198391177697,0.3,-0.001227381395938948,-0.6650031504675432,0.19495312083960062,-0.1006661072310286,0.024416688650226503,-0.10504687916039937,0.14752859604507393
0.107,0.099428095956612,-0.6893204056985878,0.3,-0.0012753226898257544,-0.6638906592599276,0.19618135140520293,-0.10070341864643775,0.02542974643866014,-0.10381864859479706,0.14685422134574208
0.108,0.09941736665004669,-0.6892209829589993,0.3,-0.0013225849158226902,-0.6627601894458768,0.19737547462495741,-0.10073995156586937,0.02646079351312247,-0.10262452537504257,0.14622073944311242
0.109,0.09940653792612301,-0.6891215709984267,0.3,-0.0013719684619087902,-0.6616509703546296,0.1985960778552828,-0.1007785063880318,0.02747060064379714,-0.10140392214471719,0.14558055047246327
0.11,0.09939560979566969,-0.6890221699162825,0.3,-0.0014208925387949392,-0.660524187745121,0.19978287288886712,-0.10081650233446462,0.028497982171161507,-0.10021712711113287,0.14498129085227485
0.111,0.09938458226961486,-0.6889227798119674,0.3,-0.0014718114859317913,-0.6594188852111288,0.20099590917203922,-0.10085639375554664,0.029503894600838576,-0.09900409082796077,0.1443755587302171
0.112,0.09937345535898603,-0.6888234007848715,0.3,-0.0015225030067540918,-0.6582964495393623,0.2021754640547123,-0.10089595836574013,0.030526951245509193,-0.0978245359452877,0.14381074021017257
0.113,0.09936222907491013,-0.6887240329343738,0.3,-0.0015750711242475263,-0.6571957106015949,0.2033810424272968,-0.10093730019915766,0.03152832233277891,-0.0966189575727032,0.14323964759468763
0.114,0.09935090342861343,-0.6886246763598424,0.3,-0.0016276489456641882,-0.6560782735293884,0.20455348169855794,-0.10097855237427761,0.03254640283045396,-0.09544651830144205,0.14270940485011638
0.115,0.09933947843142159,-0.6885253311606335,0.3,-0.0016819902009935217,-0.6549827386555694,0.20575174549328315,-0.10102146863241511,0.033542592505064084,-0.09424825450671684,0.14217304988700807
0.116,0.09932795409475959,-0.6884259974360927,0.3,-0.001736578946610931,-0.6538709387700659,0.20691722036877883,-0.10106453304137052,0.03455505866602682,-0.09308277963122116,0.1416774356845765
0.117,0.09931633043015177,-0.6883266752855534,0.3,-0.0017928212164402407,-0.6527812363158729,0.2081083380591831,-0.10110915164659201,0.03554543896968043,-0.09189166194081688,0.14117583473274098
0.11800000000000001,0.09930460744922182,-0.6882273648083378,0.3,-0.0018495467651052297,-0.6516756961438267,0.2092670200705688,-0.10115415421432705,0.036551668664511094,-0.09073297992943119,0.14071482169213953
0.11900000000000001,0.09929278516369267,-0.6881280661037564,0.3,-0.0019078180524967348,-0.6505924390393961,0.2104511793237381,-0.1012006032161894,0.03753562706436031,-0.08954882067626188,0.14024791148157842
0.12,0.09928086358538663,-0.6880287792711081,0.3,-0.001966804836964639,-0.6494937633032705,0.21160325610143674,-0.10124766842235126,0.038535015967837594,-0.08839674389856325,0.13982139374384758
0.121,0.09926884272622528,-0.6879295044096793,0.3,-0.002027231010116523,-0.6484175471102238,0.21278065981512914,-0.10129607373634181,0.03951195729945545,-0.08721934018487085,0.1393890333789449
0.122,0.09925672259822949,-0.6878302416187452,0.3,-0.0020886004151100604,-0.6473263217513332,0.21392633219866244,-0.10134532301333954,0.040503919867411975,-0.08607366780133754,0.13899682841733788
0.123,0.09924450321351935,-0.6877309909975684,0.3,-0.0021513038710031865,-0.6462577235658333,0.21509719576928188,-0.10139580708452253,0.04147326743173507,-0.08490280423071811,0.13859880148120174
0.124,0.09923218458431429,-0.6876317526453997,0.3,-0.002215173299772777,-0.6451745152435664,0.2162366757431459,-0.10144735788408707,0.04245723740183327,-0.0837633242568541,0.13824065219759546
0.125,0.09921976672293291,-0.6875325266614772,0.3,-0.002280272190787448,-0.6441140931238774,0.21740122510025967,-0.10150003891372036,0.04341843353759989,-0.08259877489974032,0.13787666911150595
0.126,0.09920724964179307,-0.687433313145027,0.3,-0.002346754538687608,-0.6430394490123909,0.21853473424603284,-0.10155400418048069,0.04439386413263613,-0.08146526575396715,0.13755224629965349
0.127,0.09919463335341186,-0.6873341121952626,0.3,-0.002414362342344968,-0.641987741733531,0.2196932043671343,-0.10160899569575682,0.04534637046173162,-0.08030679563286569,0.1372219470244166
0.128,0.09918191787040556,-0.6872349239113851,0.3,-0.0024835657185418164,-0.6409221895060172,0.22082097264117684,-0.10166548358894738,0.04631273440536787,-0.07917902735882315,0.13693085223924498
0.129,0.09916910320548966,-0.6871357483925825,0.3,-0.002553791016642798,-0.6398797165200464,0.22197360637013486,-0.10172289422213246,0.04725603187253613,-0.07802639362986513,0.13663380935971872
0.13,0.09915618937147881,-0.6870365857380305,0.3,-0.0026258186172662262,-0.6388237644527706,0.22309587108934842,-0.10178200798874504,0.048212821285259944,-0.07690412891065157,0.13637557820229942
0.131,0.09914317638128685,-0.6869374360468916,0.3,-0.0026987650029837718,-0.6377910259797716,0.22424291814960357,-0.10184194138427062,0.04914641006712006,-0.07575708185039642,0.1361113004048172
0.132,0.09913006424792678,-0.6868382994183156,0.3,-0.0027737150767993754,-0.6367451631338602,0.22535992311279926,-0.10190377932472616,0.05009313628445544,-0.07464007688720073,0.1358854062112733
0.133,0.09911685298451073,-0.6867391759514391,0.3,-0.0028494811400331943,-0.6357226403372105,0.22650163924812064,-0.10196633412454392,0.051016535614228586,-0.07349836075187935,0.13565334214124392
0.134,0.09910354260424993,-0.6866400657453855,0.3,-0.0029274470106610134,-0.6346873367919925,0.22761363394836626,-0.10203098961491094,0.05195272895339298,-0.07238636605163373,0.13545920004807313
0.135,0.0990901331204548,-0.6865409688992651,0.3,-0.0030061263712925154,-0.6336754920090357,0.22875028014974788,-0.1020962594917473,0.05286547689022936,-0.07124971985025211,0.1352587425188368
0.136,0.0990766245465348,-0.6864418855121747,0.3,-0.0030872596721978757,-0.6326513952765161,0.22985758309719886,-0.10216388421873268,0.05379049023565852,-0.07014241690280112,0.1350956502905162
0.137,0.09906301689599852,-0.6863428156831975,0.3,-0.0031690081414941645,-0.631650896454519,0.2309894581616167,-0.10223202503749268,0.054691919228678554,-0.06901054183838329,0.1349260829380668
0.138,0.0990493101824536,-0.6862437595114037,0.3,-0.003253509467385965,-0.6306388015300824,0.23209230136639705,-0.10230281964983956,0.05560495798132126,-0.06790769863360294,0.13479330025681668
0.139,0.09903550441960673,-0.6861447170958491,0.3,-0.0033385353527463912,-0.6296504906284591,0.23321958985917418,-0.10237403977235313,0.056494226467389996,-0.06678041014082581,0.13465387043095714
0.14,0.09902159962126372,-0.6860456885355763,0.3,-0.0034264778290267264,-0.6286507887786928,0.23431780736903302,-0.10244807745029044,0.0573948997568835,-0.06568219263096697,0.13455085848917825
0.14100000000000001,0.09900759580132934,-0.6859466739296138,0.3,-0.003514854609914707,-0.6276750535300522,0.23544035269358385,-0.10252245041124405,0.058271620399561685,-0.06455964730641614,0.13444100060117617
0.14200000000000002,0.09899349297380738,-0.6858476733769762,0.3,-0.003606306416831427,-0.6266881224484927,0.236533777422821,-0.10259979939063882,0.05915955092848346,-0.06346622257717899,0.13436715636373042
0.14300000000000002,0.09897929115280073,-0.685748686976664,0.3,-0.003698102448630794,-0.6257253363115306,0.23765142243455095,-0.10267739360143152,0.060023350665133424,-0.06234857756544904,0.13428624243118756
0.14400000000000002,0.09896499035251116,-0.6856497148276637,0.3,-0.003793128854190829,-0.6247515470737018,0.23873989274160404,-0.102758119206702,0.06089816775396184,-0.06126010725839595,0.13424089779198675
0.145,0.09895059058723948,-0.6855507570289473,0.3,-0.0038884094669250358,-0.6238020769212912,0.2398524855064069,-0.10283900005416452,0.061748680107656106,-0.060147514493593096,0.13418823691715712
0.146,0.09893609187138547,-0.6854518136794727,0.3,-0.003987072752740496,-0.6228417941297136,0.24093584512698432,-0.10292316462412596,0.06261001954975909,-0.05906415487301567,0.13417066279604395
0.147,0.09892149421944782,-0.6853528848781832,0.3,-0.004085900202121184,-0.6219060004023558,0.24204323884272946,-0.103007394421569,0.06344688447582747,-0.057956761157270525,0.13414550540010867
0.148,0.09890679764602421,-0.6852539707240076,0.3,-0.004188259599743588,-0.6209595821949514,0.24312133670772634,-0.1030950572457678,0.06429438852905622,-0.056878663292273646,0.13415491628244272
0.149,0.09889200216581118,-0.6851550713158602,0.3,-0.004290693017257003,-0.6200378189046493,0.2442233895255304,-0.10318269518306818,0.06511725241121091,-0.05577661047446958,0.13415645874443774
0.15,0.09887710779360423,-0.68505618675264,0.3,-0.0043968046743617095,-0.6191056169507738,0.24529607958397281,-0.10327391246796594,0.0659505698018662,-0.054703920416027174,0.13419201750668686
0.151,0.09886211454429773,-0.6849573171332319,0.3,-0.004502900040525941,-0.6181982316726652,0.2463926544347911,-0.10336501458482367,0.06675908546056675,-0.05360734556520888,0.1342194070550149
0.152,0.09884702243288493,-0.6848584625565055,0.3,-0.004612817005319531,-0.6172805911599775,0.24745979548357988,-0.10345983943820446,0.06757787139652804,-0.05254020451642011,0.13428023000312436
0.153,0.09883183147445793,-0.6847596231213152,0.3,-0.0047226271371404935,-0.6163879250150712,0.24855075991161674,-0.10355445861159843,0.068371698106244,-0.05144924008838325,0.13433256978836042
0.154,0.09881654168420767,-0.6846607989265006,0.3,-0.004836399353379987,-0.6154851846278879,0.2496122154316777,-0.10365294103758765,0.06917561429861263,-0.0503877845683223,0.13441773184009506
0.155,0.09880115307742399,-0.6845619900708856,0.3,-0.0049499739000203186,-0.6146075722574833,0.2506974414342099,-0.1037511269774443,0.06995441781340228,-0.04930255856579008,0.13449408612216
0.156,0.09878566566949545,-0.6844631966532794,0.3,-0.005067648207968109,-0.6137200641471067,0.2517530794326778,-0.10385331387746356,0.0707431325061727,-0.048246920567322216,0.134602626067794
0.157,0.09877007947590949,-0.6843644187724752,0.3,-0.0051850336509688295,-0.6128578336793318,0.25283244330592136,-0.10395511312687832,0.07150658509314345,-0.04716755669407863,0.13470202545394094
0.158,0.09875439451225226,-0.6842656565272509,0.3,-0.00530665015293293,-0.6119858110070405,0.2538822081916434,-0.10406104466518519,0.07227984552021038,-0.04611779180835657,0.134832962611203
0.159,0.09873861079420876,-0.6841669100163688,0.3,-0.005427884806256673,-0.6111392181918971,0.2549556558608354,-0.10416649560046543,0.07302769182447166,-0.04504434413916458,0.13495442014924625
0.16,0.0987227283375627,-0.6840681793385753,0.3,-0.005553465255467325,-0.6102828837474945,0.2559994637763404,-0.10427619359303002,0.07378529559108082,-0.04400053622365957,0.13510677845202224
0.161,0.09870674715819652,-0.6839694645926012,0.3,-0.005678569044712308,-0.6094521297076236,0.2570669170787967,-0.10438531620290883,0.07451733488497758,-0.04293308292120329,0.13524931440218127
0.162,0.09869066727209141,-0.6838707658771612,0.3,-0.005808128127103244,-0.6086116752292553,0.2581046824973913,-0.10449879539919465,0.07525909064790592,-0.041895317502608664,0.13542210526231252
0.163,0.09867448869532726,-0.683772083290954,0.3,-0.005937114398739261,-0.6077969494302782,0.2591660620130064,-0.10461160309406652,0.07597513386067578,-0.040833937986993585,0.13558472981344083
0.164,0.09865821144408263,-0.683673416932662,0.3,-0.006070662178426448,-0.6069725593772319,0.26019770281018395,-0.10472887362250907,0.0767008575554301,-0.03980229718981604,0.1357769545304515
0.165,0.09864183553463478,-0.6835747669009519,0.3,-0.006201737722460049,-0.6061746038097691,0.2612532326728666,-0.10484357325709483,0.0774001630911828,-0.03874676732713339,0.13595687580317709
0.166,0.09862536098335961,-0.6834761332944734,0.3,-0.0063373110652924156,-0.6053668358732734,0.2622787367000772,-0.10496267204865203,0.07810929742119999,-0.037721263299922814,0.13616577606788155
0.167,0.09860878780673167,-0.6833775162118603,0.3,-0.006457984316055515,-0.6045894377170401,0.26333004964378987,-0.10506677212278719,0.07878807849482017,-0.036669950356210124,0.1363498191283529
0.168,0.09859211602132416,-0.6832789157517295,0.3,-0.006582062864616649,-0.6038010743344021,0.2643496900352068,-0.1051741788859408,0.07947784141732739,-0.03565030996479318,0.13656236590391788
0.169,0.09857534564380882,-0.6831803320126817,0.3,-0.006686516064976077,-0.6030444938156927,0.26539555292415706,-0.1052618617087849,0.080135838196989,-0.034604447075842926,0.13674531016220692
0.17,0.09855847669095608,-0.6830817650933003,0.3,-0.006793622649491852,-0.6022767180160008,0.2664089927706178,-0.10535209934044792,0.08080504707729952,-0.033591007229382186,0.1369557455358796
0.171,0.09854150917963483,-0.6829832150921525,0.3,-0.006879344259810183,-0.6015412393171936,0.2674485677758486,-0.10542085343944502,0.08144197577495893,-0.03255143222415141,0.13713477858615394
0.17200000000000001,0.09852444312681263,-0.6828846821077883,0.3,-0.006967259039678649,-0.6007945972594785,0.26845525512057156,-0.10549170216649129,0.08209008484830982,-0.03154474487942843,0.13734027881832275
0.17300000000000001,0.09850727854955553,-0.6827861662387404,0.3,-0.007033259074079031,-0.6000804274428067,0.2694878337521698,-0.10554053762363456,0.08270573879593379,-0.030512166247830208,0.13751376876808474
0.17400000000000002,0.09849001546502806,-0.682687667583525,0.3,-0.0071012121969080445,-0.5993552123445506,0.27048718407373884,-0.1055912276619361,0.08333245523897437,-0.02951281592626115,0.13771278720296043
0.17500000000000002,0.09847265389049335,-0.6825891862406404,0.3,-0.00714728431500097,-0.5986625053522784,0.27151214130215406,-0.10561993820549433,0.08392668088836197,-0.028487858697845925,0.13787972006302385
0.176,0.09845519384331296,-0.6824907223085681,0.3,-0.007195218728332769,-0.5979588949902664,0.2725035921392701,-0.10565041257164573,0.08453182731830167,-0.027496407860729877,0.1380713292163646
0.177,0.0984376353409469,-0.6823922758857721,0.3,-0.007221591295635252,-0.597287764130896,0.27352036504572985,-0.10565922663658216,0.0851045117548761,-0.026479634954270137,0.13823104268502023
0.178,0.09841997840095373,-0.6822938470706987,0.3,-0.007249830485909384,-0.5966058739267971,0.2745033919372646,-0.10566980888686311,0.08568797314390164,-0.025496608062735404,0.1384146461701251
0.179,0.09840222304099036,-0.6821954359617769,0.3,-0.007256983382141868,-0.5959564004557412,0.275511469711311,-0.10565920642313223,0.08623903550603573,-0.02448853028868897,0.13856668886380086
0.18,0.09838436927881215,-0.6820970426574176,0.3,-0.007266064251594189,-0.5952963059594762,0.27648558962178105,-0.10565043353040635,0.0868007366979413,-0.023514410378218942,0.1387418808143505
0.181,0.09836641713227284,-0.6819986672560141,0.3,-0.007254623883441242,-0.594668544961914,0.2774845078031939,-0.10562104101571408,0.08733012229410009,-0.022515492196806097,0.13888593144739342
0.182,0.09834836661932461,-0.6819003098559417,0.3,-0.007245204099207318,-0.5940302926389684,0.2784492785470415,-0.10559357071853193,0.0878700172169733,-0.0215507214529585,0.13905242068350984
0.183,0.09833021775801797,-0.6818019705555581,0.3,-0.007215879535471221,-0.5934242771427273,0.2794386150056955,-0.10554609729348918,0.08837769341283086,-0.020561384994304488,0.1391882390855744
0.184,0.09831197056650175,-0.6817036494532025,0.3,-0.007188682393862857,-0.5928078902875121,0.280393633425825,-0.10550065296036461,0.08889575916569037,-0.01960636657417497,0.13934580504252234
0.185,0.09829362506302315,-0.6816053466471959,0.3,-0.007142225130114421,-0.5922236341979268,0.28137300514459745,-0.10543585019313757,0.08938171244926907,-0.018626994855402534,0.13947320159678261
0.186,0.09827518126592769,-0.681507062235841,0.3,-0.007098005282901384,-0.5916291165724836,0.2823179049494662,-0.10537318654882907,0.08987794566335738,-0.017682095050533808,0.13962166753586588
0.187,0.09825663919365915,-0.6814087963174223,0.3,-0.00703518344613277,-0.5910666168138256,0.2832869652479159,-0.10529182263979192,0.0903421795035968,-0.016713034752084077,0.13974048390818558
0.188,0.09823799886475959,-0.6813105489902059,0.3,-0.006974705108645909,-0.5904939550889414,0.28422141480933594,-0.1052127039734055,0.09081659390126451,-0.015778585190664052,0.13987970029937044
0.189,0.09821926029786937,-0.6812123203524388,0.3,-0.006896286827098624,-0.5899531932056689,0.2851798508561877,-0.105115547124968,0.09125912714676998,-0.0148201491438123,0.13998979732686428
0.19,0.09820042351172703,-0.6811141105023499,0.3,-0.006820309813391521,-0.5894023587029013,0.28610355107053065,-0.10502073332511855,0.09171175179944868,-0.01389644892946934,0.14011963152648774
0.191,0.09818148852516938,-0.6810159195381489,0.3,-0.006727052531435351,-0.5888833020896037,0.28705108161292814,-0.10490854105660473,0.09213261744854517,-0.01294891838707185,0.14022088172572705
0.192,0.09816245535713136,-0.6809177475580267,0.3,-0.006636323334584615,-0.5883542520838788,0.2879637638602507,-0.10479877869171597,0.09256349547414788,-0.012036236139749301,0.14034121165958224
0.193,0.09814332402664618,-0.6808195946601554,0.3,-0.006528967030552783,-0.5878568549576512,0.28890013713009444,-0.10467229105719895,0.09296273970250424,-0.011099862869905552,0.14043349473643826
0.194,0.09812409455284514,-0.6807214609426878,0.3,-0.006424213205078289,-0.5873495336901043,0.28980156134127266,-0.10454830775792343,0.09337192725258348,-0.010198438658727327,0.1405442051632974
0.195,0.09810476695495773,-0.6806233465037578,0.3,-0.0063034761880925595,-0.5868737378825445,0.29072655311343387,-0.10440824314305029,0.09374960862121329,-0.009273446886566117,0.1406274054727845
0.196,0.09808534125231154,-0.6805252514414796,0.3,-0.006185402911438409,-0.5863880773763975,0.29161650594612454,-0.10427074416374994,0.09413717406508204,-0.008383494053875451,0.1407283859140476
0.197,0.09806581746433227,-0.6804271758539483,0.3,-0.006051979327997918,-0.5859338129980024,0.29252991773071113,-0.10411779679233019,0.0944933628559459,-0.007470082269288858,0.1408023911793559
0.198,0.09804619561054372,-0.6803291198392395,0.3,-0.005921267405818796,-0.5854697337377427,0.293408210851253,-0.1039674630163625,0.0948593861014968,-0.006591789148746974,0.14089353491836695
0.199,0.09802647571056772,-0.6802310834954093,0.3,-0.005775825881251313,-0.5850369197510554,0.2943098682063543,-0.10380230159181902,0.09519416374435385,-0.005690131793645692,0.14095823575291677
0.2,0.09800665778412417,-0.6801330669204938,0.3,-0.005633130710670703,-0.584594331265248,0.2951763366731763,-0.10363978849479487,0.09553873565524584,-0.004823663326823713,0.14103943951157527
0.201,0.09798674185103101,-0.6800350702125099,0.3,-0.005476313743462259,-0.584182875992063,0.2960660876272492,-0.10346305559449327,0.09585219422044688,-0.003933912372750814,0.14109472944224374
0.202,0.09796672793120416,-0.679937093469454,0.3,-0.005322264911445452,-0.5837616773673858,0.296920588370801,-0.10328899284264961,0.09617541610206815,-0.0030794116291990026,0.14116589347585667
0.203,0.09794661604465754,-0.6798391367893031,0.3,-0.005154688765805928,-0.5833714789478573,0.29779830194571966,-0.10310130481046346,0.09646765784144573,-0.002201698054280332,0.1412116692676514
0.20400000000000001,0.09792640621150306,-0.6797412002700136,0.3,-0.004989890067253018,-0.5829715592936293,0.2986407123397635,-0.10291629627875608,0.0967696409763843,-0.0013592876602364634,0.14127269770687573
0.20500000000000002,0.09790609845195052,-0.6796432840095221,0.3,-0.00481214499369865,-0.5826025061101457,0.299506277166876,-0.10271824344564917,0.09704077789937637,-0.0004937228331239885,0.1413088598570935
0.20600000000000002,0.09788569278630767,-0.679545388105745,0.3,-0.004637174725055647,-0.5822237449871166,0.3003364936860283,-0.10252286751136332,0.09732164311862845,0.0003364936860283385,0.14135966118402724
0.20700000000000002,0.09786518923498021,-0.6794475126565781,0.3,-0.004449825394924339,-0.5818757160624616,0.3011898167085273,-0.10231501462990454,0.09757179659411652,0.0011898167085273026,0.14138611449898864
0.20800000000000002,0.09784458781847166,-0.6793496577598968,0.3,-0.004265236826451328,-0.5815179838860555,0.30200775366706567,-0.10210982464492299,0.09783167387384128,0.0020077536670656815,0.141426602083067
0.209,0.09782388855738344,-0.6792518235135561,0.3,-0.0040688229036426014,-0.5811908492632095,0.3028487589226755,-0.10189271146102605,0.09806097425034654,0.0028487589226754984,0.14144325628041288
0.21,0.09780309147241484,-0.67915401001539,0.3,-0.0038751448649824768,-0.5808540076890688,0.30365434728976937,-0.10167823633739731,0.09830000232632119,0.0036543472897693774,0.14147334892534574
0.211,0.0977821965843629,-0.6790562173632122,0.3,-0.0036701816631370832,-0.5805476287986177,0.30448297476828246,-0.10145237824749997,0.09850858856459455,0.004482974768282466,0.14148011922470036
0.212,0.09776120391412252,-0.6789584456548153,0.3,-0.003467919197811916,-0.5802315310968604,0.30527616105494393,-0.10122912311193444,0.0987269145579549,0.00527616105494394,0.1414997416945438
0.213,0.09774011348268637,-0.6788606949879711,0.3,-0.0032548983877642938,-0.5799457611171935,0.30609236562549214,-0.10099501187045067,0.09891493387077754,0.0060923656254921466,0.14149654937236966
0.214,0.0977189253111449,-0.67876296546043,0.3,-0.0030445334461783585,-0.5796502525409729,0.30687311083865787,-0.10076345875732326,0.09911271291945711,0.006873110838657881,0.14150563287584697
0.215,0.09769763942068624,-0.6786652571699218,0.3,-0.002823850181371634,-0.5793846128625989,0.3076763517077712,-0.10052148960205787,0.09928064430732286,0.007676351707771201,0.14149255309533146
0.216,0.09767625583259631,-0.6785675702141545,0.3,-0.002605823239532153,-0.5791094119270548,0.3084443494549992,-0.10028207907212847,0.0994581582870997,0.008444349454999223,0.14149108689457632
0.217,0.0976547745682587,-0.6784699046908153,0.3,-0.00237783532508163,-0.5788633185425004,0.30923383929856674,-0.10003260989334034,0.09960658614831486,0.009233839298566748,0.14146822552922134
0.218,0.09763319564915464,-0.6783722606975696,0.3,-0.0021525447385053395,-0.578608025448203,0.30998852702085367,-0.09978574038765997,0.09976423524936662,0.009988527020853677,0.14145623807966462
0.219,0.09761151909686308,-0.6782746383320614,0.3,-0.0019176437162242155,-0.5783811122696736,0.31076374705100274,-0.0995291628130873,0.09989352606238777,0.010763747051002748,0.14142358024752785
0.22,0.09758974493306055,-0.6781770376919131,0.3,-0.0016854658423841595,-0.5781453377459063,0.31150460296520444,-0.09927521077544471,0.1000316999460068,0.011504602965204447,0.14140107622639903
0.221,0.09756787317952123,-0.6780794588747252,0.3,-0.001444023649884248,-0.5779372488626173,0.3122650789280592,-0.09901189682940548,0.10014221001210788,0.012265078928059225,0.14135858693753794
0.222,0.09754590385811684,-0.6779819019780766,0.3,-0.0012053170876872316,-0.5777206190965293,0.3129916307018719,-0.09875122094580407,0.10026128288154734,0.012991630701871926,0.14132554953593668
0.223,0.09752383699081674,-0.6778843670995243,0.3,-0.0009576888791869697,-0.5775310115003646,0.3137369348978301,-0.09848152587000371,0.1003533555991597,0.013736934897830122,0.1412731761449527
0.224,0.09750167259968778,-0.6777868543366029,0.3,-0.0007127960685729198,-0.5773331660993754,0.31444875646501075,-0.0982144686682607,0.10045368823722756,0.01444875646501076,0.14122957161882232
0.225,0.09747941070689434,-0.6776893637868254,0.3,-0.00045932106599468406,-0.5771617080721799,0.3151785048876583,-0.09793873177288902,0.1005276557146455,0.015178504887658317,0.14116724745984413
0.226,0.0974570513346983,-0.6775918955476823,0.3,-0.00020856911416904968,-0.5769822985123391,0.3158752136348,-0.09766562044886735,0.10060959703534322,0.01587521363479999,0.141113028601993
0.227,0.09743459450545906,-0.6774944497166417,0.3,5.04287969771474e-05,-0.5768286682632972,0.3165890632642676,-0.09738416570848192,0.1006657814533446,0.016589063264267623,0.14104067607018722
0.228,0.09741204024163344,-0.6773970263911495,0.3,0.0003067275838418253,-0.5766673565432076,0.3172703173163539,-0.09710531265779161,0.10072966984794196,0.017270317316353923,0.14097578513436415
0.229,0.09738938856577568,-0.6772996256686291,0.3,0.000570939382171877,-0.5765312409919472,0.31796796348718526,-0.0968184491836038,0.10076838467668192,0.017967963487185268,0.1408933183814713
0.23,0.09736663950053749,-0.6772022476464811,0.3,0.0008324870913348839,-0.5763876984498413,0.3186334590852393,-0.0965341524092026,0.10081454919663979,0.018633459085239334,0.14081768961521188
0.231,0.0973437930686679,-0.6771048924220836,0.3,0.001101618210284326,-0.5762687921482023,0.31931463293343176,-0.09624217485838357,0.10083610027388135,0.019314632933431775,0.14072501691337308
0.232,0.09732084929301336,-0.6770075600927917,0.3,0.0013681309759366739,-0.5761426984216238,0.3199641018958313,-0.09595271831707669,0.10086486167116793,0.01996410189583131,0.14063857876446006
0.233,0.09729780819651762,-0.6769102507559378,0.3,0.0016419009319635254,-0.5760407026058614,0.3206285678817471,-0.0956559072645541,0.10086954815007643,0.020628567881747106,0.140535604568584
0.234,0.09727466980222182,-0.6768129645088312,0.3,0.0019131086243208027,-0.575931744721817,0.32126177514221194,-0.09536156117790102,0.10088121978701425,0.021261775142211947,0.14043828159800453
0.23500000000000001,0.09725143413326431,-0.6767157014487583,0.3,0.002191250670379301,-0.5758463664874705,0.3219093286444792,-0.09506018346288501,0.1008693349612878,0.021909328644479198,0.14032490832771505
0.23600000000000002,0.09722810121288077,-0.6766184616729819,0.3,0.0024668966087559733,-0.5757542380737718,0.32252606986044646,-0.0947612046041248,0.1008642235992101,0.022526069860446474,0.14021662285069472
0.23700000000000002,0.09720467106440411,-0.6765212452787419,0.3,0.0027491574064598626,-0.57568518966564,0.32315653483573625,-0.09445551365794425,0.10083605561310194,0.023156534835736264,0.1400927524092283
0.23800000000000002,0.0971811437112645,-0.6764240523632546,0.3,0.00302899809036746,-0.5756095902751744,0.32375663406138677,-0.09415214562089705,0.1008144620880802,0.023756634061386783,0.13997342588168016
0.23900000000000002,0.09715751917698928,-0.676326883023713,0.3,0.0033151373970048276,-0.5755565884849996,0.324369860765224,-0.09384238177998445,0.10077029453871345,0.024369860765224016,0.1398389609274748
0.24,0.09713379748520297,-0.6762297373572865,0.3,0.0035989422519180324,-0.5754972230250446,0.3249531681839636,-0.09353485523328493,0.10073251433224195,0.024953168183963592,0.13970851509347623
0.241,0.09710997865962727,-0.6761326154611206,0.3,0.0038887326199764597,-0.5754599886895938,0.32554903094819077,-0.0932212460396508,0.10067262677152677,0.025549030948190776,0.13956336007941286
0.242,0.097086062724081,-0.6760355174323373,0.3,0.004176283755749843,-0.5754165669484549,0.32611542065994426,-0.09290977896833116,0.10061895048388236,0.026115420659944266,0.13942171789455174
0.243,0.09706204970248011,-0.6759384433680344,0.3,0.00446951024349265,-0.5753948245407484,0.3266938157230116,-0.09259253945898746,0.10054361882728602,0.026693815723011605,0.13926577988940728
0.244,0.0970379396188376,-0.6758413933652863,0.3,0.004760602224167822,-0.5753670608040637,0.3272431835822831,-0.09227733739466977,0.10047433256122251,0.027243183582283115,0.13911286623447466
0.245,0.09701373249726354,-0.6757443675211428,0.3,0.005057062116342762,-0.5753605381105178,0.32780402696914723,-0.09195667038092079,0.10038382941062496,0.027804026969147244,0.13894605554094666
0.246,0.09698942836196509,-0.6756473659326296,0.3,0.005351501740520805,-0.5753481508595879,0.32833628847045093,-0.09163792662144428,0.10029921507304174,0.028336288470450943,0.13878179774028762
0.247,0.09696502723724634,-0.6755503886967487,0.3,0.005651004278611176,-0.5753565787358619,0.32887951391952996,-0.09131402295863517,0.10019380996088678,0.028879513919529975,0.13860402832384336
0.248,0.09694052914750845,-0.6754534359104769,0.3,0.005948610369828834,-0.5753592904203726,0.32939460212748095,-0.09099191877767962,0.10009414549010431,0.029394602127480962,0.13842835648258967
0.249,0.09691593411724948,-0.6753565076707672,0.3,0.006250976491448817,-0.575382402618687,0.32992015906282646,-0.09066495762580067,0.09997410505208015,0.029920159062826468,0.1382395462253744
0.25,0.09689124217106448,-0.6752596040745477,0.3,0.0065515796981377925,-0.5753999394961805,0.33041802258492603,-0.09033966247292669,0.09985966457836715,0.03041802258492604,0.13805239339976466
0.251,0.09686645333364538,-0.6751627252187221,0.3,0.006856641785290649,-0.5754374725568786,0.33092587413250873,-0.09000981154835473,0.09972525266184351,0.030925874132508746,0.1378524641937845
0.252,0.09684156762978102,-0.6750658712001691,0.3,0.007160084389986166,-0.5754695645913539,0.3314064751334531,-0.08968148323979486,0.09959630660881524,0.03140647513345313,0.13765376640875088
0.253,0.09681658508435709,-0.674969042115743,0.3,0.00746768602596839,-0.5755212577914655,0.33189659618122713,-0.08934889905838869,0.09944778432427759,0.031896596181227144,0.13744264410255805
0.254,0.09679150572235616,-0.6748722380622727,0.3,0.007773821763506508,-0.5755676386035162,0.33235990843837404,-0.08901768395884965,0.09930459945875647,0.03235990843837405,0.13723234023072567
0.255,0.09676632956885756,-0.6747754591365621,0.3,0.008083817498297303,-0.5756332339551103,0.33283228374055546,-0.08868251207056026,0.09914222518145177,0.03283228374055547,0.13700995444381076
0.256,0.09674105664903747,-0.6746787054353904,0.3,0.008392511382824725,-0.5756936408161113,0.3332782907410339,-0.08834854526621275,0.09898506461927914,0.03327829074103389,0.1367879859599654
0.257,0.09671568698816878,-0.674581977055511,0.3,0.008704766506874883,-0.5757728831072859,0.33373291306776875,-0.0880109204812939,0.09880909394822512,0.033732913067768766,0.1365542697789837
0.258,0.09669022061162115,-0.6744852740936527,0.3,0.009015894667639125,-0.5758470569703139,0.33416160614851653,-0.08767432594398203,0.09863821712333876,0.03416160614851654,0.1363205804038733
0.259,0.09666465754486098,-0.674388596646518,0.3,0.009330284994099564,-0.5759396938417864,0.33459847448278945,-0.08733437255076142,0.09844890280473151,0.034598474482789465,0.13607546997466843
0.26,0.09663899781345132,-0.6742919448107845,0.3,0.009643734520223681,-0.5760273794022105,0.33500985101557823,-0.08699526329322764,0.09826456540857398,0.03500985101557824,0.13583000522169944
0.261,0.0966132414430519,-0.674195318683104,0.3,0.009960146175859101,-0.5761331614526847,0.33542896879977835,-0.08665309526719281,0.09806215723041933,0.03542896879977836,0.13557343925077783
0.262,0.0965873884594191,-0.6740987183601027,0.3,0.010275814970671864,-0.5762341072317789,0.33582303042392225,-0.08631157348874724,0.09786461112832379,0.035823030423922264,0.13531614588863633
0.263,0.09656143888840588,-0.674002143938381,0.3,0.010594144196015353,-0.5763527881455668,0.3362244038588815,-0.08596729469239052,0.0976493557928142,0.03622440385888154,0.13504806506726144
0.264,0.0965353927559618,-0.6739055955145131,0.3,0.01091194084204614,-0.5764667465910137,0.33660115476482205,-0.08562345191391567,0.09743884892349941,0.036601154764822064,0.1347788905107533
0.265,0.09650925008813303,-0.6738090731850475,0.3,0.011232093801816834,-0.5765980832818299,0.336984791164289,-0.0852771562863162,0.09721098990321753,0.03698479116428899,0.13449923687408166
0.266,0.0964830109110622,-0.6737125770465066,0.3,0.011551937438306199,-0.576724810879688,0.3373442364314769,-0.08493107347275601,0.09698776616681859,0.037344236431476885,0.13421812851442314
0.267,0.09645667525098851,-0.6736161071953863,0.3,0.011873830043743202,-0.5768685636451034,0.33771014263485544,-0.08458284520724531,0.09674754355028292,0.03771014263485545,0.1339268447470777
0.268,0.09643024313424761,-0.6735196637281569,0.3,0.012195650259505813,-0.5770078210386963,0.3380522866272762,-0.0842345928747418,0.09651184268946056,0.03805228662727622,0.13363374923144627
0.269,0.09640371458727161,-0.6734232467412613,0.3,0.012519208005109162,-0.5771637537204852,0.33840046747294195,-0.08388450658216244,0.09625949302077608,0.03840046747294196,0.13333077792951695
0.27,0.09637708963658906,-0.6733268563311169,0.3,0.012842944750866447,-0.5773153058327086,0.33872531229516323,-0.08353414488572261,0.09601155049840826,0.03872531229516324,0.13302564039783915
0.271,0.09635036830882489,-0.6732304925941138,0.3,0.01316810256910168,-0.5774831859792174,0.33905576915569635,-0.0831822657397232,0.09574730661489639,0.03905576915569636,0.1327109232954995
0.272,0.09632355063070046,-0.6731341556266159,0.3,0.013493706094968834,-0.5776468021360054,0.3393633131713719,-0.08282984453573163,0.09548735349061055,0.03936331317137193,0.13239368658014547
0.273,0.09629663662903341,-0.6730378455249603,0.3,0.01382040823382864,-0.5778264011637471,0.3396760425505983,-0.08247622839520477,0.0952114443612132,0.03967604255059831,0.13206716374679692
0.274,0.09626962633073777,-0.6729415623854568,0.3,0.014147839059591522,-0.5780018552178321,0.3399662789638888,-0.08212178727114625,0.09493970716762468,0.039966278963888824,0.13173776753801889
0.275,0.0962425197628238,-0.6728453063043887,0.3,0.014476038989509287,-0.5781929485707423,0.3402612711535916,-0.08176648077331451,0.09465235773364633,0.04026127115359163,0.13139937654910697
0.276,0.0962153169523981,-0.6727490773780119,0.3,0.014805267917636776,-0.5783800190264208,0.3405341866519011,-0.08141004903476132,0.09436905835159115,0.040534186651901116,0.1310577565256609
0.277,0.09618801792666347,-0.6726528757025556,0.3,0.01513492827619188,-0.5785823863326022,0.34081142444344603,-0.08105308965047159,0.09407048936995344,0.04081142444344604,0.13070743160697867
0.278,0.09616062271291892,-0.6725567013742213,0.3,0.015465936460307576,-0.5787808564739153,0.34106699789718065,-0.08069468625261134,0.093775844900306,0.04106699789718066,0.13035351852735186
0.279,0.09613313133855966,-0.6724605544891833,0.3,0.015797029045450058,-0.5789942817012431,0.34132645534005374,-0.08033610229310961,0.09346627278794017,0.04132645534005375,0.1299911896687313
0.28,0.0961055438310771,-0.6723644351435886,0.3,0.016129808130291058,-0.5792039397278503,0.3415646565517567,-0.07997573570078603,0.09316049541573823,0.04156465655175673,0.12962490841367355
0.281,0.0960778602180587,-0.6722683434335563,0.3,0.016462313955540462,-0.5794282113414811,0.3418062977470797,-0.07961554626251824,0.0928401320920752,0.041806297747079724,0.129250500443405
0.28200000000000003,0.0960500805271881,-0.6721722794551784,0.3,0.01679686630837969,-0.5796488505185335,0.3420270862382746,-0.0792532142188084,0.09252342893664489,0.042027086238274614,0.12887176899494351
0.28300000000000003,0.09602220478624496,-0.6720762433045187,0.3,0.017130775736729578,-0.5798837616452164,0.3422508641507376,-0.07889142904951538,0.09219248165930227,0.04225086415073759,0.12848520060092364
0.28400000000000003,0.09599423302310506,-0.6719802350776133,0.3,0.017467114795043398,-0.5801151804757471,0.3424541879700512,-0.07852711822806166,0.09186505460186623,0.04245418797005124,0.12809392893655921
0.28500000000000003,0.09596616526574012,-0.6718842548704705,0.3,0.01780242777225532,-0.5803605290818222,0.34266004323628246,-0.07816373749348479,0.09152372578864831,0.042660043236282474,0.127695111613983
0.28600000000000003,0.0959380015422179,-0.6717883027790705,0.3,0.01814057853836152,-0.5806025315126921,0.34284583776691474,-0.07779742300385639,0.09118577126637839,0.04284583776691475,0.12729120048704867
0.28700000000000003,0.09590974188070216,-0.6716923788993654,0.3,0.018477304951256747,-0.5808581206049269,0.3430336974719644,-0.0774324369294454,0.09083425829443847,0.043033697471964394,0.12688003738509007
0.28800000000000003,0.09588138630945252,-0.6715964833272791,0.3,0.018817304672175805,-0.5811105162802656,0.34320188421017617,-0.07706408163727671,0.0904859670470135,0.04320188421017618,0.12646337695293264
0.289,0.09585293485682456,-0.671500616158707,0.3,0.01915546486376586,-0.5813761541412381,0.3433716605963554,-0.0766974699930587,0.09012446201746893,0.04337166059635539,0.12603976158403263
0.29,0.09582438755126972,-0.6714047774895164,0.3,0.019497363944288085,-0.581638758720818,0.34352214586518615,-0.07632702360698164,0.08976601876869839,0.04352214586518616,0.12561022983417228
0.291,0.09579574442133532,-0.6713089674155459,0.3,0.01983698942568163,-0.5819142591936219,0.3436737349286048,-0.07595875499565369,0.08939470822192397,0.043673734928604824,0.1251740445986575
0.292,0.09576700549566448,-0.6712131860326056,0.3,0.020180852635526495,-0.582186894758027,0.3438064084822148,-0.07558615286013799,0.08902629127457862,0.04380640848221479,0.12473150550848378
0.293,0.09573817080299614,-0.6711174334364769,0.3,0.020521987045307048,-0.582472077598799,0.34393968840149947,-0.0752161837576891,0.08864535583767785,0.04393968840149948,0.12428261997350977
0.294,0.09570924037216497,-0.6710217097229124,0.3,0.02086789509867829,-0.582754573168936,0.3440544218648658,-0.07484134527348668,0.08826713655397644,0.0440544218648658,0.12382692132016825
0.295,0.0956802142321014,-0.6709260149876357,0.3,0.021211563974240965,-0.5830493730993802,0.3441687402059236,-0.07446865025786042,0.0878766418882555,0.044168740205923596,0.12336434522244508
0.296,0.09565109241183156,-0.6708303493263416,0.3,0.0215608693744258,-0.583341586509969,0.3442648294904495,-0.07409022303740576,0.08748876281637252,0.04426482949044952,0.12289434445364274
0.297,0.0956218749404773,-0.6707347128346957,0.3,0.021908494738995105,-0.5836457478247477,0.3443588560047698,-0.0737133802014822,0.087088965009948,0.0443588560047698,0.12241674049444429
0.298,0.09559256184725606,-0.6706391056083346,0.3,0.02226386552853926,-0.5839486394547138,0.3444357836654865,-0.0733286963187168,0.08669046615362086,0.044435783665486506,0.12192978920551201
0.299,0.09556315316148094,-0.6705435277428654,0.3,0.022618612135552236,-0.5842575481110286,0.34450547241827684,-0.0729445410259287,0.08628597963183682,0.04450547241827685,0.12143687010823012
0.3,0.09553364891256061,-0.670447979333866,0.3,0.022968024726879036,-0.5845729698997139,0.3445675815387267,-0.07256562418568158,0.08587500943415216,0.0445675815387267,0.1209403009049686
0.301,0.09550404912999932,-0.6703524604768848,0.3,0.023310239475178192,-0.5848957119589193,0.3446213787892741,-0.07219380965482114,0.08545674851796548,0.044621378789274135,0.12044031494809047
0.302,0.09547435384339689,-0.6702569712674407,0.3,0.0236502177164781,-0.5852215900094762,0.3446618564381172,-0.07182413612691879,0.0850353812579645,0.04466185643811721,0.11993499913104821
0.303,0.09544456308244856,-0.6701615118010228,0.3,0.02399069658801013,-0.5855501565009327,0.34468965546288544,-0.07145386649443843,0.08461135530009012,0.04468965546288545,0.11942320456307697
0.304,0.0954146768769451,-0.6700660821730906,0.3,0.024331649693303772,-0.5858818257773868,0.3447064667936554,-0.07108302718364133,0.08418425639570382,0.04470646679365542,0.1189052309684486
0.305,0.09538469525677272,-0.6699706824790738,0.3,0.024670889611938668,-0.5862180472821167,0.34471437349872586,-0.07071380564483405,0.08375263519695708,0.04471437349872587,0.1183820991898416
0.306,0.09535461825191302,-0.669875312814372,0.3,0.025007219826502183,-0.5865590212027809,0.3447134083891794,-0.07034739842541084,0.08331629161159104,0.04471340838917942,0.11785435843832298
0.307,0.09532444589244302,-0.6697799732743549,0.3,0.025340990441294477,-0.5869042665254314,0.3447028592654792,-0.06998345545114854,0.08287570674892353,0.04470285926547923,0.11732183271891768
0.308,0.09529417820853507,-0.6696846639543619,0.3,0.025673475449903876,-0.5872529645937699,0.34468206559395664,-0.06962070275863119,0.08243169936059203,0.044682065593956655,0.11678404984338979
0.309,0.09526381523045685,-0.6695893849497025,0.3,0.026005239963049088,-0.5876050114741369,0.34465144967429995,-0.06925857526740777,0.08198437347556564,0.04465144967429996,0.11624086931999761
0.31,0.09523335698857134,-0.6694941363556556,0.3,0.02633607741357943,-0.5879605902545091,0.3446116805747968,-0.06889727957499191,0.08153354610114649,0.04461168057479681,0.11569250760688905
0.311,0.09520280351333678,-0.6693989182674698,0.3,0.026665511766972797,-0.5883199123952757,0.34456324124513515,-0.06853729174636398,0.08107900587219408,0.044563241245135166,0.11513925491951739
0.312,0.09517215483530665,-0.6693037307803632,0.3,0.026993455028067895,-0.5886828701294298,0.344506149098454,-0.06817869980723876,0.08062086065093343,0.04450614909845402,0.11458121829984452
0.313,0.0951414109851296,-0.6692085739895233,0.3,0.027320169189951168,-0.589049234276436,0.34444034232158527,-0.06782124179517843,0.08015933971308731,0.04444034232158528,0.11401835206464737
0.314,0.0951105719935495,-0.6691134479901067,0.3,0.027645971411418318,-0.5894188057369516,0.3443658929885617,-0.06746460058213118,0.07969464225315515,0.044365892988561695,0.1134506095013922
0.315,0.09507963789140533,-0.6690183528772397,0.3,0.02797097114274268,-0.5897915290979349,0.34428306645227746,-0.06710866674866266,0.07922682377930479,0.044283066452277475,0.11287804362831994
0.316,0.0950486087096312,-0.6689232887460171,0.3,0.02829514299950176,-0.590167378356249,0.34419212414183065,-0.06675346571012944,0.07875591038976815,0.04419212414183066,0.11230076777031218
0.317,0.09501748447925627,-0.6688282556915033,0.3,0.02861846632051264,-0.5905462993645437,0.34409325281186964,-0.06639901815874363,0.07828195632695956,0.044093252811869654,0.11171888489576245
0.318,0.09498626523140478,-0.6687332538087312,0.3,0.028941042425662596,-0.590928155535304,0.34398654652538185,-0.06604522280574218,0.07780509827342719,0.043986546525381864,0.11113244822295319
0.319,0.09495495099729598,-0.6686382831927026,0.3,0.0292632133072941,-0.5913126442932193,0.34387200615508995,-0.06569173769000188,0.0773256388994833,0.04387200615508996,0.11054144813606138
0.32,0.09492354180824408,-0.6685433439383882,0.3,0.029585128656857272,-0.5916996614847383,0.343749924415098,-0.0653384131513868,0.07684368245364992,0.04374992441509801,0.10994596696789515
0.321,0.09489203769565831,-0.6684484361407272,0.3,0.029906843056954225,-0.5920890784675694,0.3436205700365333,-0.06498519463870409,0.07635935767315782,0.0436205700365333,0.1093461529126636
0.322,0.09486043869104273,-0.6683535598946275,0.3,0.030228375581153735,-0.5924807707745853,0.3434842129641723,-0.06463206310988899,0.07587278912004225,0.04348421296417232,0.10874217437502604
0.323,0.09482874482599638,-0.6682587152949653,0.3,0.030549731208960533,-0.592874615343256,0.3433411177925564,-0.06427901361703584,0.07538409995170925,0.043341117792556394,0.10813420646870545
0.324,0.09479695613221309,-0.6681639024365851,0.3,0.030870909085225558,-0.5932704908658568,0.343191542967499,-0.06392604704698754,0.07489341157072826,0.043191542967499,0.1075224254361362
0.325,0.09476507264148158,-0.6680691214142999,0.3,0.031191905678361425,-0.5936682778026084,0.3430357404293415,-0.06357316696312015,0.07440084361169141,0.043035740429341496,0.10690700651572736
0.326,0.09473309438568532,-0.6679743723228905,0.3,0.03151271599733491,-0.5940678584096745,0.34287395558618333,-0.0632203783883504,0.07390651391321601,0.04287395558618334,0.10628812308991356
0.327,0.09470102139680257,-0.6678796552571062,0.3,0.03183333406792616,-0.5944691167580014,0.3427064273961433,-0.0628676873288764,0.07341053849910484,0.04270642739614333,0.10566594632970445
0.328,0.09466885370690631,-0.667784970311664,0.3,0.03215375312655106,-0.5948719387481738,0.3425333884905658,-0.06251510058035525,0.07291303156349016,0.042533388490565815,0.1050406450324818
0.329,0.09463659134816424,-0.6676903175812486,0.3,0.03247396570646267,-0.5952762121220013,0.3423550653107824,-0.06216262564170157,0.07241410545924731,0.042355065310782425,0.10441238553741586
0.33,0.09460423435283871,-0.6675956971605131,0.3,0.03279396368299527,-0.5956818264712967,0.34217167824813904,-0.061810270669843445,0.0719138706892164,0.042171678248139055,0.10378133167409835
0.331,0.0945717827532867,-0.6675011091440777,0.3,0.03311373830326142,-0.5960886732440962,0.34198344178336254,-0.061458044450025284,0.07141243589998147,0.04198344178336255,0.10314764472719307
0.332,0.09453923658195983,-0.6674065536265305,0.3,0.03343328020996678,-0.5964966457485046,0.3417905646237785,-0.061105956371993043,0.07090990787802587,0.0417905646237785,0.10251148341030013
0.333,0.09450659587140424,-0.6673120307024268,0.3,0.033752579462998235,-0.5969056391543164,0.34159324983782263,-0.060754016408406004,0.07040639154811046,0.04159324983782264,0.10187300384621158
0.334,0.09447386065426067,-0.6672175404662899,0.3,0.03407162556014892,-0.5973155504925374,0.3413916949866102,-0.060402235094111745,0.06990198997375252,0.04139169498661022,0.10123235955226725
0.335,0.09444103096326431,-0.6671230830126096,0.3,0.03439040745746843,-0.5977262786529188,0.3411860922524701,-0.06005062350579588,0.06939680435969076,0.04118609225247011,0.10058970143012165
0.336,0.09440810683124486,-0.6670286584358437,0.3,0.034708913589378096,-0.5981377243796036,0.34097662856435434,-0.05969919324186676,0.06889093405624014,0.040976628564354356,0.09994517775946991
0.337,0.09437508829112644,-0.6669342668304166,0.3,0.03502713188857384,-0.5985497902649523,0.3407634857200421,-0.059347956402552596,0.06838447656546431,0.040763485720042125,0.0992989341953875
0.338,0.09434197537592759,-0.6668399082907198,0.3,0.03534504980566071,-0.5989623807416163,0.3405468405050156,-0.05899692557026688,0.06787752754910348,0.04054684050501561,0.09865111376898938
0.339,0.09430876811876124,-0.666745582911112,0.3,0.03566265432844563,-0.5993754020728902,0.3403268648078548,-0.05864611379031561,0.06737018083822177,0.0403268648078548,0.0980018568911444
0.34,0.09427546655283463,-0.6666512907859186,0.3,0.03597993200078412,-0.599788762341357,0.34010372573193864,-0.058295534552050506,0.06686252844456153,0.040103725731938655,0.0973513013590043
0.341,0.09424207071144931,-0.6665570320094315,0.3,0.03629686894084996,-0.6002023714358274,0.33987758570317517,-0.05794520177059935,0.06635466057360406,0.03987758570317518,0.0966995823651155
0.342,0.09420858062800114,-0.6664628066759096,0.3,0.03661345085867308,-0.6006161410365249,0.3396486025734148,-0.057595129769328055,0.06584666563938468,0.03964860257341479,0.09604683250891337
0.343,0.0941749963359802,-0.6663686148795783,0.3,0.036929663072746116,-0.6010299845984752,0.3394169297191078,-0.05724533326323408,0.0653386302811031,0.03941692971910782,0.095393181810392
0.34400000000000003,0.09414131786897076,-0.6662744567146294,0.3,0.03724549052546694,-0.6014438173330081,0.3391827161346825,-0.05689582734350382,0.06483063938162126,0.039182716134682494,0.09473875772577307
0.34500000000000003,0.0941075452606513,-0.6661803322752208,0.3,0.037560917797128834,-0.6018575561872678,0.3389461065199745,-0.05654662746352247,0.064322776087953,0.03894610651997449,0.09408368516498773
0.34600000000000003,0.09407367854479443,-0.6660862416554773,0.3,0.0378759291181039,-0.60227111982157,0.33870724136092734,-0.05619774942669053,0.06381512183390725,0.03870724136092735,0.09342808651082717
0.34700000000000003,0.09403971775526684,-0.6659921849494891,0.3,0.03819050837880279,-0.6026844285844686,0.3384662570026189,-0.05584920937646405,0.0633077563650205,0.03846625700261891,0.09277208163957756
0.34800000000000003,0.09400566292602935,-0.6658981622513133,0.3,0.03850463913689823,-0.6030974044853273,0.3382232857135298,-0.055501023789131125,0.06280075776598593,0.03822328571352979,0.09211578794301155
0.34900000000000003,0.09397151409113674,-0.6658041736549722,0.3,0.0388183046212098,-0.603509971164167,0.3379784557397224,-0.055153209469926946,0.062294202490805195,0.037978455739722417,0.09145932035158108
0.35000000000000003,0.09393727128473789,-0.6657102192544548,0.3,0.03913148773152296,-0.6039220538585255,0.337731891347378,-0.05480578355321493,0.06178816539592935,0.03773189134737803,0.09080279135867413
0.35100000000000003,0.09390293454107558,-0.6656162991437152,0.3,0.03944417103348397,-0.6043335793669874,0.3374837128518371,-0.05445876350759161,0.061282719776727834,0.0374837128518371,0.09014631104580885
0.352,0.09386850389448656,-0.6655224134166736,0.3,0.039756336747538396,-0.6047444760089477,0.3372340366308815,-0.054112167146948165,0.06077793740772597,0.037234036630881484,0.08948998710865108
0.353,0.09383397937940147,-0.6654285621672158,0.3,0.04006796673068533,-0.6051546735800265,0.3369829751194744,-0.05376601264871614,0.060273888587189295,0.036982975119474404,0.08883392488374289
0.354,0.09379936103034481,-0.6653347454891928,0.3,0.04037904244954654,-0.6055641033022864,0.3367306367824338,-0.053420318580798265,0.05977064218690642,0.03673063678243382,0.08817822737587924
0.355,0.09376464888193493,-0.6652409634764215,0.3,0.0406895449429336,-0.6059726977679964,0.3364771260604671,-0.053075103939001333,0.05926826570842503,0.0364771260604671,0.08752299528610452
0.356,0.093729842968884,-0.6651472162226838,0.3,0.04099945477161708,-0.6063803908750706,0.33622254328343304,-0.052730388197266914,0.05876682534761324,0.03622254328343305,0.08686832704036336
0.357,0.0936949433259979,-0.665053503821727,0.3,0.04130875195239109,-0.6067871177512454,0.33596698454240365,-0.05238619137360681,0.058266386070481624,0.03596698454240366,0.0862143188189762
0.358,0.09365994998817628,-0.6649598263672635,0.3,0.0416174158726126,-0.6071928146624531,0.33571054150856977,-0.052042534115563685,0.057767011704810356,0.03571054150856978,0.08556106458727937
0.359,0.09362486299041248,-0.6648661839529707,0.3,0.04192542518006541,-0.6075974188981771,0.33545330118157257,-0.05169943781034707,0.05726876505479361,0.03545330118157258,0.08490865612809091
0.36,0.09358968236779348,-0.664772576672491,0.3,0.04223275764098842,-0.608000868622248,0.3351953455411698,-0.051356924726805066,0.05677170805024301,0.03519534554116982,0.08425718307716613
0.361,0.09355440815549994,-0.6646790046194316,0.3,0.04253938995597736,-0.6084031026701927,0.33493675106198595,-0.05101501819952258,0.05627590194923893,0.03493675106198596,0.08360673296371023
0.362,0.09351904038880603,-0.6645854678873647,0.3,0.0428452975184385,-0.6088040602615488,0.334677588027227,-0.05067374287036753,0.05578140762581596,0.034677588027227035,0.08295739125958364
0.363,0.09348357910307951,-0.664491966569827,0.3,0.04315045409193857,-0.6092036805725349,0.3344179195354019,-0.05033312501114094,0.055288285997292075,0.03441791953540191,0.08230924144378263
0.364,0.09344802433378169,-0.6643985007603198,0.3,0.04345483136830596,-0.6096019020709176,0.3341578000172074,-0.049993192965475726,0.05479659868940223,0.03415780001720742,0.08166236509449273
0.365,0.09341237611646731,-0.6643050705523088,0.3,0.043758398341956536,-0.609998661427556,0.33389727293034677,-0.04965397777451078,0.05430640912475282,0.03389727293034678,0.08101684203282097
0.366,0.09337663448678461,-0.6642116760392243,0.3,0.04406112038467885,-0.6103938916318119,0.3336363669893372,-0.049315514102105766,0.05381778440741236,0.033636366989337196,0.08037275056833057
0.367,0.0933407994804752,-0.6641183173144608,0.3,0.04436295779765292,-0.610787518501934,0.3333750895857175,-0.048977841682822286,0.05333079881252678,0.0333750895857175,0.07973016795883776
0.368,0.0933048711333741,-0.664024994471377,0.3,0.044663863368953484,-0.6111794536571303,0.33311341429784214,-0.04864100776442062,0.05284554081424664,0.03311341429784215,0.0790891713621351
0.369,0.09326884948140962,-0.6639317076032957,0.3,0.04496377781188688,-0.6115695787134435,0.332851254375195,-0.04830507166952274,0.052362128889852144,0.03285125437519504,0.07844984005655453
0.37,0.09323273456060345,-0.6638384568035037,0.3,0.045262619922455144,-0.611957703899136,0.3325883970154223,-0.047970114638148306,0.05188075290436778,0.03258839701542232,0.07781226150392972
0.371,0.09319652640707049,-0.663745242165252,0.3,0.045560260155639944,-0.6123434323959386,0.3323242987108228,-0.04763626625143055,0.05140180976931341,0.03232429871082282,0.07717655211969739
0.372,0.09316022505701888,-0.6636520637817551,0.3,0.0458582733534932,-0.6127259863774969,0.33205804301672553,-0.04730195170352568,0.05092607740425825,0.032058043016725546,0.07654187165734455
0.373,0.09312383054674997,-0.6635589217461914,0.3,0.046156610710532404,-0.613099752476764,0.3317829190103526,-0.046967219836217565,0.050459169269427395,0.03178291901035263,0.07590916573986932
0.374,0.09308734291265829,-0.6634658161517029,0.3,0.04645354373450804,-0.6134757261416806,0.33151263344060755,-0.04663379917815025,0.0499900900100223,0.03151263344060756,0.07527792765054227
0.375,0.09305076219123143,-0.6633727470913952,0.3,0.046747393416499,-0.6138488462126556,0.33124126058397835,-0.04630336877473243,0.04952390087873959,0.03124126058397836,0.07465008426661104
0.376,0.09301408841905015,-0.6632797146583373,0.3,0.04703761875923169,-0.6142232607658267,0.3309736800509154,-0.04597646965981846,0.049056453892510676,0.030973680050915386,0.07402526789404215
0.377,0.09297732163278821,-0.6631867189455618,0.3,0.047324008232438944,-0.6145964975763768,0.33070701990499063,-0.04565331340034927,0.048590221369185005,0.03070701990499064,0.07340405784820349
0.378,0.09294046186921237,-0.6630937600460642,0.3,0.04760649457808937,-0.6149702101021994,0.3304431880054094,-0.045333967291123003,0.04812354994386481,0.030443188005409405,0.07278620985794607
0.379,0.09290350916518242,-0.6630008380528035,0.3,0.04788508695807317,-0.6153433024278597,0.33018090265982797,-0.04501842220710925,0.04765753562494379,0.03018090265982798,0.07217191922917351
0.38,0.09286646355765103,-0.6629079530587016,0.3,0.048159803889020754,-0.6157164402908557,0.3299209204330704,-0.04470665966863028,0.047191512767845945,0.02992092043307043,0.07156106326492523
0.381,0.09282932508366383,-0.6628151051566437,0.3,0.04843068188494617,-0.6160891376880095,0.32966266485847584,-0.04439864319871766,0.04672596746863411,0.02966266485847585,0.07095371195556403
0.382,0.09279209378035928,-0.6627222944394775,0.3,0.04869775444889843,-0.6164616536943889,0.32940642204313764,-0.044094339331460855,0.04626064074508862,0.029406422043137648,0.07034980668490357
0.383,0.0927547696849687,-0.6626295210000137,0.3,0.048961059953215876,-0.6168337625465744,0.3291519174117379,-0.04379370973175282,0.045795758453439306,0.029151917411737893,0.06974937127441054
0.384,0.09271735283481614,-0.6625367849310257,0.3,0.0492206345212633,-0.6172055533391698,0.3288992413661428,-0.04349671831355283,0.045331231591855925,0.028899241366142803,0.06915237677203595
0.385,0.09267984326731848,-0.6624440863252499,0.3,0.04947651565562235,-0.6175769103833924,0.3286482476999465,-0.04320332761169614,0.04486717594185752,0.028648247699946505,0.06855882940948332
0.386,0.09264224101998528,-0.6623514252753844,0.3,0.04972873968329607,-0.617947851158246,0.328398944930597,-0.04291350133668921,0.044403574117138356,0.028398944930597025,0.0679687138654345
0.387,0.09260454613041877,-0.6622588018740906,0.3,0.0499773432207651,-0.6183183063392625,0.3281512414782103,-0.04262720290965367,0.04394049553482804,0.028151241478210298,0.06738203004148463
0.388,0.09256675863631386,-0.6621662162139917,0.3,0.0502223622454222,-0.6186882629045816,0.32790511147760004,-0.04234439639089166,0.04347795330941018,0.027905111477600053,0.06679876927205693
0.389,0.09252887857545801,-0.6620736683876736,0.3,0.05046383266145444,-0.619057670797673,0.32766048656396735,-0.04206504591400357,0.04301599759000052,0.027660486563967357,0.06621892972077982
0.39,0.09249090598573131,-0.6619811584876838,0.3,0.05070178997551448,-0.6194265036150335,0.32741732625107356,-0.041789116010216835,0.04255465487265031,0.02741732625107357,0.06564250640403328
0.391,0.09245284090510633,-0.6618886866065324,0.3,0.050936269516158365,-0.6197947188801535,0.32717557182941687,-0.041516571388947966,0.04209396772637897,0.027175571829416878,0.06506949763982232
0.392,0.09241468337164815,-0.6617962528366912,0.3,0.05116730633937898,-0.6201622837844021,0.32693517625837315,-0.041247377032269175,0.04163396905228911,0.02693517625837316,0.06449990086161965
0.393,0.09237643342351429,-0.661703857270594,0.3,0.05139493532525833,-0.6205291581938464,0.3266960844325561,-0.04098149809825596,0.041174699076747645,0.02669608443255611,0.06393371531882254
0.394,0.09233809109895472,-0.6616115000006363,0.3,0.05161919117593109,-0.6208953055306975,0.32645824585346533,-0.040718899923023626,0.04071619446993879,0.026458245853465345,0.06337094031728979
0.395,0.09229965643631173,-0.6615191811191754,0.3,0.05184010847909203,-0.621260685426614,0.3262216061083205,-0.0404595479572197,0.04025849569256146,0.026221606108320528,0.06281157634728221
0.396,0.09226112947402,-0.6614269007185303,0.3,0.05205772175142813,-0.6216252582599724,0.3259861121940119,-0.04020340772259187,0.039801642458557884,0.025986112194011923,0.0622556243392323
0.397,0.09222251025060649,-0.6613346588909811,0.3,0.05227206550750338,-0.6219889818955181,0.3257517087670255,-0.03995044474310311,0.039345676995462986,0.02575170876702554,0.06170308612885372
0.398,0.09218379880469041,-0.6612424557287698,0.3,0.05248317433777198,-0.6223518134912996,0.3255183403176608,-0.03970062446691843,0.038890642237470185,0.025518340317660815,0.06115396413376761
0.399,0.0921449951749832,-0.6611502913240996,0.3,0.052691083004023614,-0.6227137079541207,0.32528594944628253,-0.03945391217095959,0.038436583369978905,0.02528594944628254,0.0606082615338131
0.4,0.09210609940028852,-0.6610581657691349,0.3,0.05289582655718994,-0.6230746185489227,0.32505447767564966,-0.03921027284309858,0.037983547220212244,0.025054477675649667,0.06006598211517027
0.401,0.09206711151950209,-0.6609660791560011,0.3,0.053097440477227004,-0.6234344960531364,0.32482386458028156,-0.038969671042275084,0.03753158310286475,0.024823864580281574,0.05952713031929671
0.402,0.09202803157161182,-0.6608740315767849,0.3,0.05329596084553399,-0.6237932888150567,0.32459404799885166,-0.03873207072607783,0.037080742761728236,0.024594047998851676,0.05899171114200008
0.403,0.09198885959569765,-0.660782023123534,0.3,0.053491424550449286,-0.6241509421647855,0.32436496351298727,-0.038497435045248364,0.03663108095874845,0.02436496351298728,0.058459730107645054
0.404,0.09194959563093155,-0.6606900538882565,0.3,0.05368386953776078,-0.624507398188905,0.32413654438405015,-0.03826572609317077,0.03618265569935153,0.024136544384050163,0.05793119316653688
0.405,0.09191023971657747,-0.660598123962922,0.3,0.05387333511052511,-0.6248625951988268,0.3239087211635835,-0.03803690460605236,0.03573552876409514,0.023908721163583502,0.05740610660667891
0.406,0.09187079189199135,-0.66050623343946,0.3,0.0540598622915687,-0.625216467325111,0.3236814214917487,-0.03781092960042265,0.035289766114348975,0.023681421491748733,0.056884476911750095
0.40700000000000003,0.09183125219662099,-0.6604143824097615,0.3,0.054243494257832245,-0.625568943945554,0.3234545697440486,-0.03758775793878874,0.03484543846420751,0.023454569744048637,0.0563663105986749
0.40800000000000003,0.09179162067000607,-0.6603225709656773,0.3,0.05442427686272028,-0.6259199491297968,0.3232280867486995,-0.03736734380728579,0.0344026218358805,0.023228086748699528,0.0558516139999518
0.40900000000000003,0.09175189735177815,-0.6602307991990187,0.3,0.05460225926144369,-0.626269400970003,0.32300188942694263,-0.037149638090334454,0.03396139822901567,0.023001889426942645,0.055340392997537645
0.41000000000000003,0.09171208228166051,-0.6601390672015577,0.3,0.05477749466024585,-0.6266172108719749,0.32277589045255617,-0.03693458762141467,0.03352185632958282,0.02277589045255618,0.05483265268480077
0.41100000000000003,0.09167217549946824,-0.6600473750650261,0.3,0.054950041211758234,-0.6269632827449549,0.3225499978660526,-0.036722134287710005,0.033084092320071146,0.022549997866052607,0.05432839694898584
0.41200000000000003,0.0916321770451081,-0.6599557228811161,0.3,0.05511996308452526,-0.6273075121165304,0.32232411468531186,-0.036512213960582844,0.032648210764585794,0.02232411468531187,0.053827627951779124
0.41300000000000003,0.09159208695857857,-0.6598641107414799,0.3,0.0552873317383587,-0.6276497851392467,0.3220981384843975,-0.036304755220219864,0.03221432560223314,0.02209813848439751,0.053330345489996454
0.41400000000000003,0.0915519052799697,-0.6597725387377297,0.3,0.055452227443762096,-0.627989977493072,0.3218719609588116,-0.03609967783620761,0.031782561244657725,0.02187196095881161,0.05283654620934431
0.41500000000000004,0.09151163204946318,-0.6596810069614373,0.3,0.055614741089600614,-0.6283279531608809,0.3216454674649604,-0.035896890959862565,0.03135305380055642,0.021645467464960433,0.052346222642913866
0.41600000000000004,0.09147126730733224,-0.6595895155041346,0.3,0.055775115710413645,-0.6286637413047508,0.32141865286580684,-0.03569615159691859,0.030925774199383804,0.021418652865806853,0.05185920785402919
0.417,0.0914308110939416,-0.6594980644573131,0.3,0.05593361487494024,-0.628997312035267,0.3211915297743281,-0.03549719621900137,0.030500752422046085,0.02119152977432809,0.051375361525710636
0.418,0.0913902634497475,-0.6594066539124237,0.3,0.05609036124405811,-0.6293286401029121,0.3209641350765794,-0.03529990220568939,0.030078013809511583,0.020964135076579404,0.050894645788780876
0.419,0.09134962441529758,-0.659315283960877,0.3,0.05624541518142559,-0.6296577023746898,0.32073651473789266,-0.03510420923387199,0.029657581586187254,0.020736514737892675,0.05041706749654978
0.42,0.09130889403123083,-0.6592239546940429,0.3,0.05639880953312741,-0.6299844802709117,0.3205087195233495,-0.034910084498103414,0.02923947442313124,0.020508719523349483,0.04994265151844746
0.421,0.09126807233827766,-0.6591326662032508,0.3,0.056550567233923044,-0.630308956710455,0.32028080049527685,-0.03471750510435462,0.02882370949279589,0.020280800495276863,0.049471428707135626
0.422,0.09122715937725978,-0.659041418579789,0.3,0.05670070722400994,-0.6306311161658167,0.3200528084076113,-0.03452645215324984,0.028410302413972355,0.02005280840761131,0.04900343157959839
0.423,0.09118615518909011,-0.6589502119149053,0.3,0.05684924690695174,-0.6309509438074592,0.3198247926803846,-0.03433690828213837,0.02799926810744613,0.019824792680384618,0.04853869270745623
0.424,0.09114505981477285,-0.6588590462998063,0.3,0.0569962029439288,-0.6312684256386689,0.31959680152076064,-0.03414885687084405,0.027590620661137377,0.019596801520760654,0.04807724413791061
0.425,0.09110387329540337,-0.6587679218256575,0.3,0.05714159156719267,-0.6315835482362978,0.31936888166336885,-0.0339622817282107,0.027184373589359656,0.019368881663368864,0.047619117216952014
0.426,0.09106259567216819,-0.6586768385835834,0.3,0.057285428684094405,-0.6318962988424275,0.3191410785076364,-0.03377716698807379,0.026780539741155907,0.01914107850763641,0.04716434251638999
0.427,0.09102122698634492,-0.6585857966646673,0.3,0.05742772991891245,-0.6322066652649894,0.3189134360463475,-0.03359349706743247,0.026379131399677958,0.018913436046347487,0.04671294982871823
0.428,0.09097976727930226,-0.6584947961599511,0.3,0.05756851062968719,-0.6325146359206977,0.3186859969538719,-0.03341125664961508,0.025980160239253425,0.01868599695387191,0.04626496816300474
0.429,0.0909382165924999,-0.6584038371604353,0.3,0.057707785916819465,-0.6328201997889162,0.31845880257433956,-0.033230430675680434,0.02558363737151903,0.018458802574339572,0.045820425756719387
0.43,0.09089657496748851,-0.6583129197570788,0.3,0.057845570628940274,-0.6331233464273542,0.318231892978711,-0.03305100433854824,0.0251895733297246,0.01823189297871103,0.04537935008247121
0.431,0.09085484244590974,-0.6582220440407992,0.3,0.057981879367502515,-0.6334240659471304,0.318005306975631,-0.03287296307840723,0.024797978093668793,0.01800530697563102,0.044941767859921905
0.432,0.0908130190694961,-0.658131210102472,0.3,0.05811672649116623,-0.6337223490154198,0.3177790821526567,-0.032696292578329865,0.024408861087052203,0.017779082152656722,0.04450770506469275
0.433,0.09077110488007095,-0.6580404180329312,0.3,0.058250126119883935,-0.6340181868397019,0.31755325489620767,-0.032520978760187016,0.024022231193229326,0.017553254896207682,0.04407718693919491
0.434,0.09072909991954849,-0.6579496679229689,0.3,0.05838209213899856,-0.6343115711644463,0.3173278604248718,-0.03234700778054993,0.023638096758522686,0.017327860424871833,0.043650238001917904
0.435,0.09068700422993367,-0.6578589598633351,0.3,0.05851263820321798,-0.6346024942594798,0.3171029328127728,-0.03217436602671569,0.023256465603855303,0.01710293281277281,0.043226882057379554
0.436,0.09064481785332218,-0.657768293944738,0.3,0.05864177774059035,-0.6348909489140032,0.31687850501867754,-0.03200304011273183,0.022877345030734797,0.016878505018677548,0.04280714220522005
0.437,0.09060254083190038,-0.6576776702578434,0.3,0.05876952395640094,-0.6351769284268551,0.31665460891030506,-0.031833016875499436,0.02250074183098827,0.01665460891030507,0.0423910408494039
0.438,0.0905601732079453,-0.6575870888932751,0.3,0.05889588983705187,-0.6354604265993568,0.3164312752909496,-0.03166428337089342,0.022126662293918353,0.01643127529094962,0.041978599706854414
0.439,0.09051771502382457,-0.6574965499416143,0.3,0.059020888153880346,-0.6357414377264861,0.31620853392365,-0.03149682686994422,0.02175511221512827,0.016208533923650015,0.041569839815931174
0.44,0.09047516632199634,-0.6574060534934,0.3,0.059144531466945795,-0.6360199565892384,0.3159864135561273,-0.03133063485505055,0.0213860969041616,0.015986413556127288,0.04116478154444924
0.441,0.09043252714500935,-0.6573155996391287,0.3,0.05926683212876711,-0.6362959784462624,0.315764941944342,-0.031165695016242244,0.021019621192866267,0.015764941944342026,0.04076344459740239
0.442,0.09038979753550275,-0.6572251884692542,0.3,0.05938780228802106,-0.6365694990260612,0.3155441458761382,-0.031001995247481685,0.02065568944319296,0.015544145876138227,0.04036584802425406
0.443,0.09034697753620613,-0.6571348200741876,0.3,0.05950745389319311,-0.6368405145188912,0.31532405119399765,-0.03083952364301302,0.02029430555529632,0.015324051193997656,0.03997201022585618
0.444,0.0903040671899395,-0.6570444945442974,0.3,0.059625798696188205,-0.6371090215689525,0.315104682817582,-0.03067826849375129,0.019935472975344815,0.015104682817582038,0.03958194896092352
0.445,0.09026106653961322,-0.6569542119699091,0.3,0.059742848255895764,-0.6373750172664676,0.31488606476562164,-0.030518218283717452,0.019579194703441494,0.014886064765621654,0.039195681352084955
0.446,0.09021797562822792,-0.6568639724413052,0.3,0.05985861394171191,-0.6376384991399283,0.3146682201774655,-0.030359361686516012,0.019225473301376916,0.014668220177465496,0.038813223891468476
0.447,0.0901747944988745,-0.6567737760487252,0.3,0.05997310693701673,-0.6378994651483257,0.3144511713340945,-0.030201687561857767,0.018874310900399482,0.014451171334094515,0.03843459244582109
0.448,0.09013152319473411,-0.6566836228823657,0.3,0.06008633824260849,-0.6381579136734876,0.3142349396787495,-0.030045184952125617,0.018525709208878083,0.014234939678749503,0.03805980226113875
0.449,0.09008816175907802,-0.6565935130323797,0.3,0.060198318690497715,-0.6384138435113947,0.3140195458377797,-0.029889843068580307,0.01817966952098493,0.014019545837779701,0.03768886795930852
0.45,0.0900447102352677,-0.6565034465888769,0.3,0.060309058965161026,-0.6386672538629634,0.3138050096408661,-0.029735651270106668,0.017836192725913524,0.013805009640866117,0.037321803528202295
0.451,0.09000116866675463,-0.656413423641924,0.3,0.06041856956119559,-0.6389181443319333,0.31359135013642847,-0.029582599105559042,0.01749527930999073,0.013591350136428482,0.03695862235670869
0.452,0.0899575370970804,-0.6563234442815438,0.3,0.060526860808171275,-0.6391665149152734,0.3133785856152046,-0.02943067628890913,0.017156929366270335,0.013378585615204608,0.03659933722303051
0.453,0.08991381556987657,-0.6562335085977157,0.3,0.06063394286784826,-0.6394123659942358,0.3131667336249726,-0.02927987270202831,0.01682114260347989,0.013166733624972615,0.03624396030078078
0.454,0.08987000412886466,-0.6561436166803754,0.3,0.060739825739167745,-0.6396556983290839,0.31295581099176084,-0.029130178389696913,0.016487918351291486,0.012955810991760852,0.03589250315913688
0.455,0.08982610281785612,-0.6560537686194147,0.3,0.060844519260497415,-0.6398965130501958,0.3127458338354829,-0.028981583557358706,0.016157255569218876,0.01274583383548289,0.035544976764417216
0.456,0.08978211168075223,-0.6559639645046816,0.3,0.06094803311292337,-0.6401348116521681,0.3125368175888127,-0.02883407856782886,0.015829152852513517,0.012536817588812699,0.035201391480154984
0.457,0.08973803076154416,-0.6558742044259804,0.3,0.06105037682318119,-0.6403705959858291,0.31232877701315687,-0.028687653938362964,0.015503608440151306,0.012328777013156877,0.034861757066920025
0.458,0.0896938601043128,-0.6557844884730712,0.3,0.061151559766693266,-0.6406038682518389,0.31212172621599676,-0.02854230033761953,0.015180620221232344,0.012121726215996775,0.0345260826813548
0.459,0.0896495997532288,-0.6556948167356698,0.3,0.06125159117051855,-0.6408346309933045,0.3119156786666852,-0.028398008582710244,0.01486018574236525,0.011915678666685192,0.034194376874699395
0.46,0.08960524975255252,-0.655605189303448,0.3,0.06135048011628258,-0.6410628870891885,0.31171064721271113,-0.02825476963626994,0.014542302214259561,0.011710647212711145,0.0338666475906624
0.461,0.08956081014663397,-0.6555156062660331,0.3,0.06144823554305522,-0.641288639747293,0.3115066440950639,-0.02811257460357875,0.014226966518740114,0.011506644095063912,0.033542902162716964
0.462,0.08951628097991272,-0.6554260677130083,0.3,0.061544866250193224,-0.6415118924976545,0.3113036809636519,-0.0279714147297195,0.013914175215353763,0.011303680963651919,0.03322314731077658
0.463,0.08947166229691796,-0.6553365737339121,0.3,0.061640380900136155,-0.6417326491857772,0.3111017688921278,-0.0278312813967818,0.01360392454813486,0.011101768892127828,0.03290738913728065
0.464,0.08942695414226837,-0.6552471244182384,0.3,0.06173478802116361,-0.641950913966095,0.3109009183925766,-0.027692166121104755,0.013296210452143353,0.01090091839257662,0.03259563312267708
0.465,0.08938215656067205,-0.6551577198554365,0.3,0.06182809601010837,-0.6421666912954035,0.3107011394297687,-0.027554060550563683,0.01299102856003298,0.010701139429768691,0.032287884120317835
0.466,0.08933726959692666,-0.6550683601349111,0.3,0.061920313135030595,-0.6423799859264284,0.31050244143518796,-0.027416956461896062,0.012688374208482678,0.01050244143518797,0.031984146350771125
0.467,0.08929229329591909,-0.6549790453460217,0.3,0.0620114475378483,-0.6425908029014238,0.3103048333207066,-0.02728084575807079,0.012388242444597908,0.010304833320706586,0.03168442339556349
0.468,0.08924722770262568,-0.6548897755780834,0.3,0.06210150723692932,-0.6427991475458728,0.3101083234919979,-0.02714572046569636,0.012090628032210615,0.010108323491997917,0.031388718190360695
0.46900000000000003,0.08920207286211201,-0.6548005509203656,0.3,0.06219050012964163,-0.6430050254622371,0.30991291986164293,-0.027011572732470387,0.011795525458128453,0.009912919861642944,0.03109703301760876
0.47000000000000003,0.08915682881953291,-0.6547113714620931,0.3,0.062278433994861354,-0.6432084425237966,0.3097186298619667,-0.026878394824671553,0.01150292893829652,0.009718629861966699,0.030809369498649933
0.47100000000000003,0.0891114956201324,-0.6546222372924454,0.3,0.06236531649544607,-0.6434094048685486,0.30952546045758755,-0.026746179124686333,0.011212832423896812,0.009525460457587565,0.03052572858533049
0.47200000000000003,0.08906607330924371,-0.6545331485005567,0.3,0.06245115518066183,-0.6436079188931852,0.309333418157707,-0.026614918128581883,0.010925229607371412,0.009333418157706996,0.030246110551135595
0.47300000000000003,0.08902056193228913,-0.6544441051755157,0.3,0.06253595748857577,-0.6438039912471408,0.3091425090281223,-0.026484604443713367,0.010640113928374828,0.009142509028122303,0.02997051498186268
0.47400000000000003,0.08897496153478003,-0.6543551074063656,0.3,0.06261973074840643,-0.6439976288267115,0.30895273870299167,-0.0263552307863736,0.010357478579654078,0.00895273870299168,0.0296989407658767
0.47500000000000003,0.08892927216231683,-0.6542661552821044,0.3,0.06270248218283704,-0.6441888387692444,0.30876411239633306,-0.02622678997947979,0.010077316512860035,0.008764112396333068,0.029431386083969304
0.47600000000000003,0.08888349386058886,-0.654177248891684,0.3,0.0627842189102899,-0.6443776284474021,0.3085766349132833,-0.026099274950298956,0.009799620444281953,0.00857663491328331,0.029167848398862772
0.47700000000000004,0.08883762667537444,-0.6540883883240111,0.3,0.06286494794716176,-0.6445640054634928,0.3083903106611072,-0.025972678728212684,0.009524382860518266,0.008390310661107236,0.02890832444439794
0.47800000000000004,0.08879167065254075,-0.6539995736679459,0.3,0.06294467621002114,-0.6447479776438755,0.3082051436599702,-0.025846994442519602,0.009251596024070441,0.008205143659970215,0.028652810214444668
0.47900000000000004,0.08874562583804381,-0.6539108050123033,0.3,0.06302341051777019,-0.6449295530334331,0.3080211375534754,-0.02572221532027362,0.00898125197887012,0.008021137553475388,0.028401300951580555
0.48,0.08869949227792842,-0.6538220824458516,0.3,0.06310115759376671,-0.6451087398901155,0.30783829561897214,-0.025598334684161714,0.008713342555736081,0.007838295618972146,0.028153791135588753
0.481,0.08865327001832815,-0.6537334060573139,0.3,0.06317792406791063,-0.6452855466795577,0.3076566207776379,-0.02547534595041752,0.008447859377756162,0.007656620777637901,0.02791027447182047
0.482,0.08860695910546525,-0.6536447759353661,0.3,0.06325371647869292,-0.645459982069757,0.30747611560434374,-0.025353242626772327,0.008184793865609108,0.007476115604343747,0.027670743879484157
0.483,0.08856055958565062,-0.6535561921686386,0.3,0.06332854127521136,-0.6456320549258305,0.30729678233729874,-0.025232018310439266,0.00792413724280805,0.007296782337298746,0.027435191479906147
0.484,0.08851407150528379,-0.653467654845715,0.3,0.06340240481914411,-0.6458017743048335,0.3071186228874886,-0.025111666686139678,0.0076658805408814645,0.0071186228874886015,0.02720360858483887
0.485,0.08846749491085283,-0.6533791640551326,0.3,0.06347531338669515,-0.6459691494506503,0.30694163884790115,-0.024992181524157678,0.007410014604482318,0.006941638847901166,0.02697598568486016
0.486,0.08842082984893435,-0.6532907198853825,0.3,0.06354727317049937,-0.646134189788951,0.3067658315025568,-0.02487355667843498,0.007156530096431468,0.006765831502556829,0.026752312437945194
0.487,0.08837407636619336,-0.6532023224249084,0.3,0.06361829028149447,-0.6462969049222171,0.3065912018353327,-0.02475578608469889,0.006905417502691247,0.006591201835332738,0.026532577658266436
0.488,0.08832723450938339,-0.6531139717621081,0.3,0.06368837075075831,-0.6464573046248344,0.3064177505385969,-0.024638863758625076,0.006656667137273642,0.006417750538596889,0.026316769305296722
0.489,0.08828030432534625,-0.653025667985332,0.3,0.0637575205313128,-0.6466153988382509,0.30624547802165114,-0.024522783794033456,0.0064102691470810935,0.006245478021651152,0.026104874473282903
0.49,0.08823328586101215,-0.6529374111828842,0.3,0.06382574549989233,-0.6467711976662016,0.3060743844189857,-0.02440754036111982,0.006166213516682562,0.006074384418985723,0.02589687938116537
0.491,0.08818617916339955,-0.6528492014430212,0.3,0.06389305145868132,-0.6469247113700016,0.3059044695983528,-0.024293127704718226,0.005924490073019539,0.005904469598352835,0.025692769363012003
0.492,0.08813898427961514,-0.6527610388539528,0.3,0.06395944413701497,-0.6470759503639028,0.30573573316865965,-0.024179540142600167,0.005685088490050005,0.005735733168659662,0.025492528859047597
0.493,0.08809170125685378,-0.6526729235038415,0.3,0.06402492919305239,-0.6472249252105124,0.305568174487687,-0.024066772063801395,0.005447998293329093,0.005568174487687039,0.025296141407345447
0.494,0.0880443301423985,-0.6525848554808029,0.3,0.06408951221541175,-0.6473716466162827,0.3054017926696355,-0.023954817926986754,0.005213208864520258,0.00540179266963553,0.02510358963626371
0.495,0.08799687098362043,-0.6524968348729049,0.3,0.06415319872477857,-0.6475161254270592,0.3052365865925025,-0.02384367225884186,0.004980709445845721,0.0052365865925025346,0.024914855257692728
0.496,0.08794932382797871,-0.652408861768168,0.3,0.06421599417547925,-0.6476583726236947,0.30507255490529683,-0.023733329652499455,0.004750489144473291,0.005072554905296844,0.024729919061194268
0.497,0.08790168872302047,-0.6523209362545653,0.3,0.06427790395702385,-0.6477983993177261,0.30490969603508744,-0.023623784765996622,0.004522536936839239,0.004909696035087452,0.024548760909100135
0.498,0.08785396571638085,-0.6522330584200225,0.3,0.06433893339561925,-0.647936216747114,0.30474800819389786,-0.023515032320761603,0.004296841672908558,0.004748008193897868,0.024371359732641668
0.499,0.08780615485578283,-0.6521452283524173,0.3,0.0643990877556515,-0.6480718362720448,0.3045874893854449,-0.023407067100131337,0.0040733920803724954,0.004587489385444898,0.024197693529178804
0.5,0.08775825618903728,-0.6520574461395796,0.3,0.06445837224113633,-0.6482052693707925,0.30442813741172225,-0.023299883947900946,0.00385217676878713,0.004428137411722266,0.024027739360595907
0.501,0.08771026976404284,-0.651969711869292,0.3,0.06451679199714243,-0.6483365276356435,0.30426994987943934,-0.02319347776690041,0.0036331842336484454,0.00426994987943935,0.0238614733529231
0.502,0.08766219562878597,-0.6518820256292883,0.3,0.06457435211118376,-0.6484656227688832,0.3041129242063122,-0.023087843517602208,0.003416402860405121,0.004112924206312207,0.02369887069724504
0.503,0.08761403383134075,-0.651794387507255,0.3,0.06463105761458318,-0.6485925665788382,0.3039570576272118,-0.022982976216757572,0.0032018209284168098,0.003957057627211824,0.02353990565195127
0.504,0.08756578441986901,-0.6517067975908303,0.3,0.06468691348380841,-0.6487173709759843,0.3038023472001731,-0.0228788709360606,0.0029894266148460247,0.003802347200173084,0.023384551546376343
0.505,0.08751744744262013,-0.651619255967604,0.3,0.06474192464177748,-0.6488400479691071,0.30364878981226584,-0.02277552280084265,0.0027792079984968465,0.0036487898122658513,0.023232780785878974
0.506,0.08746902294793113,-0.6515317627251176,0.3,0.06479609595913953,-0.6489606096615278,0.3034963821853337,-0.0226729269887916,0.002571153063589793,0.003496382185333713,0.02308456485839403
0.507,0.08742051098422646,-0.6514443179508644,0.3,0.064849432255525,-0.6490790682473818,0.30334512088159693,-0.022571078728701455,0.002365249703482619,0.0033451208815969413,0.022939874342497165
0.508,0.08737191160001807,-0.6513569217322893,0.3,0.06490193830077087,-0.6491954360079581,0.3031950023091331,-0.0224699732992472,0.002161485724331169,0.0031950023091331103,0.022798678917006036
0.509,0.0873232248439054,-0.6512695741567883,0.3,0.06495361881611898,-0.649309725308094,0.3030460227272253,-0.022369606027786412,0.001959848848694268,0.003046022727225317,0.022660947372139577
0.51,0.08727445076457513,-0.6511822753117092,0.3,0.06500447847538507,-0.6494219485926286,0.3028981782515915,-0.02226997228919006,0.0017603267190806626,0.002898178251591499,0.022526647622253967
0.511,0.08722558941080139,-0.6510950252843507,0.3,0.06505452190610661,-0.6495321183829098,0.30275146485948773,-0.022171067504694775,0.001562906901440897,0.00275146485948774,0.022395746720154253
0.512,0.0871766408314455,-0.6510078241619628,0.3,0.06510375369066047,-0.6496402472733586,0.3026058783946987,-0.022072887140785022,0.0013675768886042272,0.002605878394698724,0.0222682108729919
0.513,0.08712760507545603,-0.6509206720317466,0.3,0.06515217836735894,-0.649746347928089,0.30246141457240794,-0.021975426708097087,0.0011743241036575869,0.0024614145724079495,0.02214400545973199
0.514,0.08707848219186876,-0.6508335689808544,0.3,0.06519980043151818,-0.6498504330775804,0.3023180689839544,-0.02187868176035057,0.000983135903274035,0.0023180689839544244,0.02202309505018254
0.515,0.08702927222980655,-0.6507465150963891,0.3,0.0652466243365025,-0.649952515515405,0.3021758371014802,-0.021782647893304058,0.0007939995809841394,0.002175837101480227,0.021905443425560795
0.516,0.08697997523847936,-0.6506595104654046,0.3,0.06529265449474735,-0.6500526080950121,0.30203471428246503,-0.021687320743732016,0.0006069023703925147,0.0020347142824650444,0.02179101360056398
0.517,0.08693059126718419,-0.6505725551749054,0.3,0.06533789527875351,-0.6501507237265587,0.30189469577415984,-0.02159269598843068,0.00042183144834673225,0.0018946957741598491,0.021679767846917178
0.518,0.08688112036530499,-0.650485649311847,0.3,0.06538235102206162,-0.6502468753737985,0.30175577671790654,-0.021498769343243365,0.00023877393804849767,0.0017557767179065542,0.021571667718343304
0.519,0.08683156258231267,-0.6503987929631352,0.3,0.065426026020203,-0.650341076051021,0.30161795215336545,-0.021405536562109667,5.7716912114202934e-05,0.001617952153365465,0.021466674076911347
0.52,0.086781917967765,-0.6503119862156262,0.3,0.06546892453162688,-0.6504333388200428,0.3014812170226331,-0.021312993436138114,-0.00012135260441659135,0.0014812170226330967,0.021364747120703374
0.521,0.08673218657130659,-0.650225229156127,0.3,0.06551105077860443,-0.6505236767872467,0.30134556617426844,-0.021221135792702156,-0.000298447631119636,0.0013455661742684533,0.02126584641273798
0.522,0.08668236844266884,-0.6501385218713944,0.3,0.06555240894811303,-0.6506121031006759,0.30121099436721804,-0.021129959494555817,-0.0004735812292814279,0.0012109943672180545,0.021169930911076
0.523,0.08663246363166988,-0.6500518644481358,0.3,0.06559300319269701,-0.6506986309471782,0.3010774962746484,-0.021039460438972868,-0.0006467664990423838,0.0010774962746484262,0.021076959000037674
0.524,0.08658247218821448,-0.6499652569730086,0.3,0.06563283763130863,-0.650783273549594,0.30094506648768604,-0.02094963455690585,-0.000818016576585423,0.0009450664876860526,0.020986888522447046
0.525,0.08653239416229414,-0.6498786995326201,0.3,0.06567191635012568,-0.6508660441640001,0.3008136995190669,-0.02086047781216846,-0.0009873446313799494,0.0008136995190669016,0.02089967681282218
0.526,0.08648222960398683,-0.6497921922135281,0.3,0.06571024340335052,-0.6509469560769986,0.3006833898066954,-0.020771986200636305,-0.0011547638634704649,0.0006833898066954114,0.020815280731416943
0.527,0.08643197856345713,-0.6497057351022396,0.3,0.06574782281398794,-0.6510260226030532,0.30055413171711837,-0.02068415574946919,-0.0013202875008135884,0.0005541317171183779,0.02073365669902491
0.528,0.08638164109095606,-0.6496193282852119,0.3,0.06578465857460446,-0.6511032570818783,0.30042591954891296,-0.0205969825163516,-0.0014839287966664783,0.00042591954891296746,0.020654760732446546
0.529,0.0863312172368211,-0.6495329718488516,0.3,0.06582075464806346,-0.6511786728758667,0.3002987475359918,-0.020510462588757647,-0.0016457010270151118,0.0002987475359917946,0.020578548480527162
0.53,0.08628070705147611,-0.6494466658795153,0.3,0.06585611496824866,-0.6512522833675718,0.3001726098508246,-0.020424592083227458,-0.0018056174880565212,0.0001726098508246232,0.020504975260653573
0.531,0.08623011058543124,-0.6493604104635089,0.3,0.0658907434407606,-0.6513241019572303,0.3000475006075811,-0.020339367144670648,-0.0019636914937214422,4.750060758113017e-05,0.020433996095623155
0.532,0.08617942788928298,-0.6492742056870877,0.3,0.06592464394360033,-0.6513941420603366,0.2999234138651969,-0.020254783945682656,-0.0021199363732489207,-7.658613480310272e-05,0.020365565750770386
0.533,0.08612865901371403,-0.6491880516364568,0.3,0.06595782032783083,-0.6514624171052542,0.29980034363035923,-0.020170838685883194,-0.0022743654687974457,-0.00019965636964075495,0.02029963877125695
0.534,0.08607780400949322,-0.6491019483977699,0.3,0.06599027641822436,-0.6515289405308793,0.29967828386041995,-0.02008752759126886,-0.0024269921331093736,-0.00032171613958004164,0.020236169519418166
0.535,0.08602686292747558,-0.6490158960571304,0.3,0.06602201601388825,-0.6515937257843449,0.29955722846623484,-0.020004846913587324,-0.0025778297272145423,-0.00044277153376515166,0.020175112212071782
0.536,0.08597583581860219,-0.6489298947005906,0.3,0.06605304288887535,-0.6516567863187683,0.2994371713149284,-0.019922792929726832,-0.0027268916181777403,-0.0005628286850715702,0.020116420957685312
0.537,0.08592472273390012,-0.6488439444141518,0.3,0.0660833607927774,-0.651718135591044,0.2993181062325925,-0.01984136194112271,-0.002874191176892138,-0.0006818937674075154,0.020060049793307756
0.538,0.0858735237244825,-0.6487580452837644,0.3,0.06611297345130214,-0.6517777870596768,0.2992000270069093,-0.019760550273180355,-0.0030197417759124656,-0.0007999729930907029,0.02000595272117161
0.539,0.0858222388415483,-0.6486721973953273,0.3,0.06614188456683191,-0.65183575418266,0.2990829273897155,-0.019680354274716386,-0.003163556787332711,-0.0009170726102845084,0.019954083744876897
0.54,0.08577086813638242,-0.6485864008346887,0.3,0.06617009781896876,-0.651892050415393,0.29896680109948975,-0.019600770317413654,-0.0033056495807043396,-0.0010331989005102349,0.01990439690506674
0.541,0.08571941166035554,-0.6485006556876448,0.3,0.06619761686506233,-0.65194668920864,0.2988516418237833,-0.019521794795293215,-0.003446033520995151,-0.0011483581762166684,0.019856846314514377
0.542,0.08566786946492416,-0.6484149620399411,0.3,0.06622444534072222,-0.6519996840065336,0.2987374432215836,-0.01944342412420194,-0.003584721966592541,-0.0012625567784164127,0.019811386192543277
0.543,0.08561624160163045,-0.648329319977271,0.3,0.06625058686031537,-0.652051048244613,0.2986241989256158,-0.019365654741315075,-0.0037217282673420726,-0.0013758010743841753,0.019767970898704516
0.544,0.08556452812210225,-0.6482437295852765,0.3,0.06627604501744919,-0.6521007953479065,0.2985119025445843,-0.01928848310465306,-0.0038570657626300076,-0.0014880974554156712,0.019726554965643486
0.545,0.08551272907805307,-0.6481581909495483,0.3,0.06630082338543934,-0.6521489387290523,0.2984005476653522,-0.01921190569261373,-0.003990747779504034,-0.0015994523346478107,0.01968709313109253
0.546,0.08546084452128196,-0.6480727041556247,0.3,0.06632492551776338,-0.6521954917864564,0.2982901278550667,-0.019135919003518576,-0.004122787630831737,-0.0017098721449332888,0.019649540368929276
0.547,0.08540887450367343,-0.6479872692889926,0.3,0.06634835494849962,-0.6522404679024936,0.29818063666322125,-0.019060519555173808,-0.00425319861350093,-0.0018193633367787343,0.019613851919249928
0.548,0.08535681907719751,-0.647901886435087,0.3,0.06637111519275495,-0.6522838804417391,0.29807206762366856,-0.018985703884442567,-0.004381994006652179,-0.0019279323763314316,0.01957998331740301
0.549,0.08530467829390964,-0.6478165556792905,0.3,0.0663932097470753,-0.6523257427492486,0.29796441425657205,-0.018911468546834342,-0.004509187069958065,-0.0020355857434279367,0.019547890421951642
0.55,0.08525245220595057,-0.647731277106934,0.3,0.06641464208984695,-0.6523660681488632,0.2978576700703088,-0.018837810116103623,-0.004634791041929209,-0.0021423299296912113,0.01951752944151421
0.551,0.0852001408655464,-0.6476460508032961,0.3,0.06643541568168101,-0.6524048699415622,0.2977518285633164,-0.01876472518386539,-0.004758819138266146,-0.002248171436683599,0.01948885696046436
0.552,0.08514774432500849,-0.647560876853603,0.3,0.06645553396578802,-0.6524421614038436,0.2976468832258917,-0.018692210359220474,-0.004881284550240617,-0.002353116774108266,0.01946182996345299
0.553,0.08509526263673334,-0.6474757553430287,0.3,0.06647500036834056,-0.6524779557861472,0.29754282754193506,-0.01862026226839278,-0.0050022004431184985,-0.002457172458064927,0.019436405858736835
0.554,0.08504269585320262,-0.6473906863566946,0.3,0.06649381829882026,-0.6525122663113075,0.29743965499064945,-0.018548877554382365,-0.0051215799546129315,-0.0025603450093505398,0.01941254250029782
0.555,0.08499004402698315,-0.6473056699796698,0.3,0.06651199115035801,-0.6525451061730466,0.2973373590481877,-0.018478052876625142,-0.005239436193376856,-0.0026626409518122895,0.019390198208736546
0.556,0.08493730721072673,-0.6472207062969706,0.3,0.06652952230005713,-0.6525764885344971,0.29723593318925645,-0.018407784910669606,-0.00535578223752653,-0.0027640668107435373,0.019369331790940393
0.557,0.0848844854571702,-0.6471357953935608,0.3,0.06654641510931027,-0.6526064265267638,0.2971353708886694,-0.018338070347859933,-0.005470631133203008,-0.0028646291113305633,0.019349902558517245
0.558,0.08483157881913526,-0.6470509373543512,0.3,0.06656267292410216,-0.6526349332475142,0.2970356656228585,-0.018268905895033105,-0.005583995893163052,-0.0029643343771414976,0.019331870345001285
0.559,0.08477858734952859,-0.6469661322641997,0.3,0.06657829907530255,-0.6526620217596059,0.29693681087134083,-0.01820028827422604,-0.0056958894954061146,-0.0030631891286591606,0.019315195521835735
0.56,0.08472551110134162,-0.6468813802079116,0.3,0.06659329687894759,-0.6526877050897479,0.29683880011814034,-0.018132214222394027,-0.0058063248818363,-0.0031611998818596443,0.01929983901314436
0.561,0.08467235012765062,-0.6467966812702388,0.3,0.06660766963651334,-0.6527119962271863,0.29674162685316763,-0.018064680491137283,-0.005915314956947526,-0.0032583731468323607,0.01928576230929857
0.562,0.08461910448161652,-0.6467120355358804,0.3,0.06662142063517679,-0.6527349081224346,0.29664528457356054,-0.017997683846439738,-0.0060228725865542065,-0.0033547154264394474,0.019272927479307724
0.5630000000000001,0.08456577421648503,-0.6466274430894821,0.3,0.06663455314806714,-0.6527564536860253,0.2965497667849817,-0.017931221068417894,-0.0061290105965432495,-0.0034502332150183057,0.019261297182044328
0.5640000000000001,0.08451235938558635,-0.6465429040156361,0.3,0.06664707043450897,-0.6527766457872967,0.2964550670028764,-0.017865288951077377,-0.006233741771660584,-0.0035449329971236065,0.019250834676328432
0.5650000000000001,0.08445886004233533,-0.6464584183988816,0.3,0.06665897574025616,-0.6527954972532106,0.29636117875369294,-0.01779988430207917,-0.006337078854328992,-0.0036388212463070446,0.01924150382989759
0.5660000000000001,0.08440527624023131,-0.6463739863237044,0.3,0.06667027229771344,-0.652813020867199,0.29626809557606526,-0.01773500394251787,-0.006439034543494593,-0.0037319044239347288,0.019233269127291504
0.5670000000000001,0.08435160803285807,-0.6462896078745363,0.3,0.06668096332615382,-0.6528292293680434,0.29617581102195606,-0.01767064470670425,-0.006539621493507175,-0.0038241889780439298,0.019226095676676234
0.5680000000000001,0.08429785547388384,-0.6462052831357559,0.3,0.06669105203192315,-0.6528441354487798,0.29608431865776697,-0.017606803441960694,-0.0066388523130239685,-0.003915681342233024,0.019219949215642962
0.5690000000000001,0.08424401861706116,-0.6461210121916877,0.3,0.06670054160863793,-0.6528577517556373,0.29599361206540986,-0.017543477008423222,-0.006736739563949601,-0.004006387934590128,0.019214796116014017
0.5700000000000001,0.08419009751622687,-0.6460367951266031,0.3,0.06670943523737563,-0.6528700908870007,0.29590368484334534,-0.01748066227885124,-0.006833295760397595,-0.004096315156654651,0.01921060338768564
0.5710000000000001,0.0841360922253021,-0.6459526320247186,0.3,0.06671773608685602,-0.652881165392406,0.29581453060758656,-0.017418356138446084,-0.006928533367687395,-0.004185469392413432,0.01920733868154903
0.5720000000000001,0.0840820027982921,-0.6458685229701978,0.3,0.06672544731361378,-0.6528909877715613,0.2957261429926713,-0.01735655548467832,-0.007022464801363482,-0.004273857007328685,0.019204970291520854
0.5730000000000001,0.08402782928928632,-0.6457844680471494,0.3,0.06673257206216536,-0.6528995704733948,0.2956385156525975,-0.017295257227120955,-0.007115102426245357,-0.004361484347402467,0.019203467155721618
0.5740000000000001,0.08397357175245825,-0.6457004673396285,0.3,0.06673911346516688,-0.652906925895132,0.29555164226173414,-0.017234458287291365,-0.007206458555503503,-0.004448357738265851,0.01920279885683765
0.5750000000000001,0.08391923024206542,-0.6456165209316357,0.3,0.0667450746435654,-0.6529130663813992,0.2954655165156921,-0.017174155598500024,-0.007296545449763547,-0.004534483484307905,0.0192029356217068
0.5760000000000001,0.08386480481244935,-0.6455326289071175,0.3,0.06675045870674357,-0.6529180042233531,0.29538013213217185,-0.01711434610570578,-0.007385375316235621,-0.004619867867828142,0.019203848320160727
0.577,0.08381029551803544,-0.6454487913499657,0.3,0.06675526875265639,-0.6529217516578346,0.29529548285177865,-0.017055026765379053,-0.0074729603078689255,-0.004704517148221343,0.01920550846316465
0.578,0.08375570241333302,-0.6453650083440181,0.3,0.06675950786796096,-0.6529243208665527,0.29521156243880786,-0.01699619454537206,-0.007559312522534611,-0.004788437561192127,0.019207888200292064
0.579,0.08370102555293514,-0.6452812799730576,0.3,0.06676317912814306,-0.6529257239752888,0.29512836468200476,-0.016937846424792083,-0.007644444002231188,-0.0048716353179952265,0.019210960316564833
0.58,0.0836462649915187,-0.6451976063208126,0.3,0.06676628559763259,-0.6529259730531307,0.2950458833952928,-0.016879979393886108,-0.007728366732318137,-0.004954116604707182,0.0192146982287065
0.581,0.08359142078384424,-0.6451139874709567,0.3,0.06676883032991596,-0.6529250801117275,0.29496411241847864,-0.016822590453928282,-0.007811092640770734,-0.005035887581521348,0.019219075980832757
0.582,0.08353649298475596,-0.6450304235071087,0.3,0.06677081636764233,-0.6529230571045688,0.2948830456179275,-0.01676567661711363,-0.007892633597460064,-0.005116954382072492,0.019224068239620796
0.583,0.08348148164918165,-0.6449469145128327,0.3,0.06677224674272306,-0.6529199159262926,0.2948026768872145,-0.016709234906458592,-0.007973001413459913,-0.005197323112785479,0.019229650288992314
0.584,0.08342638683213265,-0.6448634605716375,0.3,0.06677312447642567,-0.6529156684120085,0.2947230001477506,-0.01665326235570698,-0.008052207840371084,-0.005276999852249387,0.01923579802433943
0.585,0.08337120858870377,-0.6447800617669772,0.3,0.06677345257946377,-0.6529103263366544,0.2946440093493834,-0.016597756009240003,-0.008130264569677137,-0.005355990650616593,0.01924248794633122
0.586,0.08331594697407324,-0.6446967181822505,0.3,0.06677323405207959,-0.652903901414364,0.2945656984709748,-0.01654271292199365,-0.008207183232113557,-0.005434301529025187,0.019249697154328095
0.587,0.08326060204350269,-0.6446134299008011,0.3,0.06677247188412337,-0.652896405297869,0.2944880615209512,-0.01648813015937932,-0.008282975397067904,-0.005511938479048795,0.01925740333944026
0.588,0.08320517385233704,-0.6445301970059171,0.3,0.06677116905512658,-0.6528878495779125,0.29441109253783804,-0.016434004797210466,-0.008357652571995389,-0.005588907462161952,0.019265584777253125
0.589,0.08314966245600447,-0.6444470195808314,0.3,0.06676932853437018,-0.6528782457826935,0.2943347855907647,-0.016380333921634294,-0.008431226201862096,-0.005665214409235286,0.019274220320257215
0.59,0.08309406791001636,-0.6443638977087216,0.3,0.06676695328094943,-0.6528676053773247,0.2942591347799519,-0.016327114629066927,-0.008503707668603089,-0.005740865220048075,0.01928328939000055
0.591,0.08303839026996727,-0.6442808314727094,0.3,0.06676404624383336,-0.6528559397633183,0.29418413423717477,-0.01627434402613391,-0.008575108290608924,-0.005815865762825223,0.019292771969000023
0.592,0.08298262959153484,-0.6441978209558611,0.3,0.06676061036191973,-0.6528432602780881,0.2941097781262081,-0.01622201922961511,-0.008645439322227055,-0.005890221873791901,0.019302648592429195
0.593,0.08292678593047971,-0.6441148662411872,0.3,0.06675664856408607,-0.6528295781944727,0.2940360606432485,-0.01617013736639364,-0.008714711953285548,-0.005963939356751491,0.019312900339612048
0.594,0.08287085934264558,-0.6440319674116424,0.3,0.0667521637692373,-0.6528149047202813,0.29396297601731847,-0.01611869557340828,-0.008782937308638883,-0.006037023982681522,0.01932350882534444
0.595,0.08281484988395901,-0.6439491245501255,0.3,0.06674715888634718,-0.652799250997856,0.29389051851064896,-0.016067690997611836,-0.008850126447730422,-0.006109481489351032,0.019334456191066683
0.596,0.08275875761042946,-0.6438663377394794,0.3,0.0667416368145006,-0.6527826281036562,0.2938186824190462,-0.01601712079592886,-0.008916290364176738,-0.006181317580953805,0.019345725095904168
0.597,0.08270258257814919,-0.6437836070624909,0.3,0.06673560044292584,-0.6527650470478593,0.2937474620722357,-0.01596698213522335,-0.008981439985368378,-0.006252537927764312,0.019357298707605015
0.598,0.08264632484329323,-0.6437009326018907,0.3,0.06672905265102903,-0.6527465187739844,0.29367685183419395,-0.0159172721922642,-0.009045586172093723,-0.006323148165806036,0.019369160693384128
0.599,0.08258998446211933,-0.6436183144403531,0.3,0.06672199630842095,-0.652727054158529,0.29360684610345555,-0.015867988153698387,-0.00910873971817594,-0.0063931538965444346,0.01938129521069966
0.6,0.08253356149096784,-0.6435357526604965,0.3,0.06671443427494463,-0.6527066640106305,0.29353743931341025,-0.015819127216023215,-0.009170911350134037,-0.006462560686589736,0.019393686897972724
0.601,0.08247705598626173,-0.6434532473448824,0.3,0.0667063694006961,-0.6526853590717386,0.2934686259325764,-0.01577068658556563,-0.00923211172685623,-0.006531374067423601,0.01940632086527247
0.602,0.08242046800450652,-0.6433707985760162,0.3,0.06669780452604389,-0.6526631500153105,0.2934004004648654,-0.01572266347846263,-0.0092923514392943,-0.006599599535134615,0.019419182684976378
0.603,0.08236379760229016,-0.6432884064363469,0.3,0.06668874248164607,-0.6526400474465222,0.2933327574498219,-0.0156750551206441,-0.009351641010175271,-0.006667242550178087,0.019432258382425033
0.604,0.08230704483628308,-0.6432060710082663,0.3,0.06667918608846278,-0.6526160619019933,0.2932656914628573,-0.0156278587478203,-0.00940999089372696,-0.006734308537142686,0.019445534426579297
0.605,0.082250209763238,-0.64312379237411,0.3,0.06666913815776768,-0.6525912038495355,0.2931991971154613,-0.015581071605470329,-0.009467411475425513,-0.006800802884538715,0.019458997720698836
0.606,0.08219329243999003,-0.6430415706161565,0.3,0.0666586014911569,-0.6525654836879087,0.2931332690554015,-0.015534690948833127,-0.009523913071752155,-0.006866730944598498,0.019472635593045847
0.607,0.08213629292345646,-0.6429594058166277,0.3,0.06664757888055327,-0.6525389117466025,0.29306790196690813,-0.015488714042903196,-0.009579505929974808,-0.00693209803309186,0.019486435787635592
0.608,0.08207921127063682,-0.6428772980576883,0.3,0.06663607310821132,-0.6525114982856248,0.29300309057084684,-0.015443138162425499,-0.009634200227936485,-0.006996909429153153,0.01950038645502972
0.609,0.08202204753861274,-0.6427952474214462,0.3,0.06662408694671818,-0.6524832534953134,0.29293882962487316,-0.015397960591894563,-0.009688006073867217,-0.007061170375126824,0.019514476143196742
0.61,0.08196480178454796,-0.6427132539899518,0.3,0.06661162315899183,-0.652454187496157,0.2928751139235797,-0.01535317862555613,-0.009740933506205196,-0.0071248860764203115,0.019528693788436354
0.611,0.08190747406568821,-0.6426313178451987,0.3,0.06659868449827912,-0.6524243103386341,0.2928119382986246,-0.015308789567409095,-0.00979299249343546,-0.00718806170137537,0.019543028706382134
0.612,0.08185006443936126,-0.642549439069123,0.3,0.06658527370815122,-0.6523936320030675,0.29274929761885127,-0.015264790731210037,-0.009844192933944562,-0.0072507023811487215,0.01955747058308808
0.613,0.08179257296297665,-0.6424676177436033,0.3,0.06657139352249523,-0.6523621623994905,0.29268718679039574,-0.015221179440481417,-0.009894544655887239,-0.007312813209604252,0.019572009466205645
0.614,0.08173499969402592,-0.6423858539504612,0.3,0.06655704666550646,-0.6523299113675285,0.2926256007567791,-0.015177953028519459,-0.009944057417067276,-0.007374399243220864,0.019586635756257124
0.615,0.0816773446900823,-0.6423041477714603,0.3,0.06654223585167916,-0.6522968886762964,0.2925645344989919,-0.015135108838403133,-0.00999274090483615,-0.007435465501008098,0.019601340198011356
0.616,0.08161960800880079,-0.6422224992883068,0.3,0.06652696378579348,-0.6522631040243054,0.2925039830355657,-0.01509264422300731,-0.01004060473599866,-0.007496016964434304,0.019616113871965605
0.617,0.08156178970791807,-0.6421409085826492,0.3,0.06651123316290246,-0.6522285670393868,0.2924439414226322,-0.015050556545015609,-0.010087658456737647,-0.007556058577367797,0.019630948185941407
0.618,0.08150388984525245,-0.6420593757360782,0.3,0.06649504666831715,-0.6521932872786285,0.2923844047539751,-0.015008843176935294,-0.010133911542550278,-0.007615595246024898,0.01964583486679423
0.619,0.08144590847870377,-0.6419779008301266,0.3,0.06647840697759166,-0.6521572742283215,0.2923253681610687,-0.014967501501112104,-0.010179373398194858,-0.007674631838931301,0.019660765952241237
0.62,0.0813878456662534,-0.6418964839462694,0.3,0.06646131675650356,-0.6521205373039235,0.29226682681310745,-0.01492652890974984,-0.010224053357654084,-0.007733173186892539,0.01967573378281555
0.621,0.08132970146596415,-0.6418151251659234,0.3,0.06644377866103772,-0.6520830858500308,0.2922087759170254,-0.014885922804926427,-0.010267960684107402,-0.007791224082974613,0.019690730993940465
0.622,0.0812714759359802,-0.6417338245704474,0.3,0.06642579533736584,-0.652044929140363,0.29215121071750716,-0.014845680598614366,-0.010311104569915686,-0.00784878928249283,0.019705750508133037
0.623,0.0812131691345271,-0.641652582241142,0.3,0.06640736942182462,-0.6520060763777632,0.29209412649698924,-0.014805799712702475,-0.010353494136621233,-0.007905873503010752,0.01972078552733938
0.624,0.08115478111991163,-0.6415713982592495,0.3,0.06638850354089626,-0.6519665366942053,0.2920375185756492,-0.014766277579015372,-0.010395138434955875,-0.007962481424350798,0.01973582952539772
0.625,0.0810963119505218,-0.6414902727059537,0.3,0.06636920031118333,-0.6519263191508147,0.29198138231139303,-0.014727111639338472,-0.010436046444860958,-0.008018617688606955,0.019750876240634846
0.626,0.08103776168482678,-0.6414092056623805,0.3,0.0663494623393886,-0.6518854327378993,0.29192571309982696,-0.01468829934543818,-0.010476227075518874,-0.008074286900173033,0.019765919668594735
0.627,0.08097913038137683,-0.6413281972095967,0.3,0.06632929222228805,-0.6518438863749935,0.29187050637422474,-0.014649838159088782,-0.010515689165396802,-0.008129493625775253,0.019780954054904883
0.628,0.08092041809880324,-0.6412472474286107,0.3,0.06630869254670764,-0.6518016889109103,0.29181575760548795,-0.014611725552095597,-0.01055444148229956,-0.008184242394512042,0.01979597388827277
0.629,0.08086162489581829,-0.6411663564003726,0.3,0.06628766588949692,-0.6517588491238049,0.29176146230209293,-0.014573959006321371,-0.010592492723432323,-0.008238537697907056,0.019810973893621138
0.63,0.08080275083121519,-0.641085524205773,0.3,0.06626621481750491,-0.651715375721249,0.2917076160100387,-0.014536536013710272,-0.010629851515476019,-0.008292383989961294,0.019825949025353867
0.631,0.08074379596386799,-0.6410047509256444,0.3,0.0662443418875508,-0.6516712773403153,0.29165421431278016,-0.014499454076317198,-0.010666526414670918,-0.008345785687219831,0.019840894460762277
0.632,0.08068476035273156,-0.6409240366407598,0.3,0.06622204964639881,-0.6516265625476688,0.29160125283115923,-0.014462710706332746,-0.01070252590690901,-0.008398747168840759,0.01985580559355981
0.633,0.0806256440568415,-0.6408433814318338,0.3,0.06619934063073063,-0.6515812398396729,0.291548727223324,-0.01442630342611087,-0.01073785840783903,-0.008451272776676011,0.019870678027556148
0.634,0.0805664471353141,-0.6407627853795214,0.3,0.06617621736711737,-0.6515353176425005,0.29149663318464836,-0.014390229768196733,-0.01077253226297914,-0.008503366815351632,0.019885507570460585
0.635,0.08050716964734628,-0.6406822485644187,0.3,0.06615268237199164,-0.6514888043122558,0.2914449664476382,-0.014354487275354641,-0.010806555747837066,-0.008555033552361813,0.01990029022781992
0.636,0.08044781165221553,-0.6406017710670624,0.3,0.0661287381516193,-0.6514417081351053,0.2913937227818362,-0.014319073500596219,-0.01083993706804287,-0.008606277218163816,0.01991502219708761
0.637,0.08038837320927981,-0.6405213529679301,0.3,0.06610438720207011,-0.651394037327416,0.2913428979937183,-0.014283986007209704,-0.010872684359485851,-0.00865710200628167,0.01992969986182273
0.638,0.0803288543779776,-0.64044099434744,0.3,0.06607963200919181,-0.6513458000359061,0.2912924879265849,-0.014249222368785786,-0.01090480568846619,-0.00870751207341508,0.019944319786018756
0.639,0.0802692552178277,-0.6403606952859505,0.3,0.06605447504857832,-0.651297004337798,0.2912424884604466,-0.014214780169249375,-0.010936309051847504,-0.008757511539553398,0.019958878708560206
0.64,0.08020957578842927,-0.6402804558637607,0.3,0.06602891878554186,-0.6512476582409852,0.2911928955119054,-0.014180657002887412,-0.010967202377224483,-0.008807104488094575,0.01997337353780662
0.641,0.08014981614946173,-0.6402002761611102,0.3,0.06600296567508558,-0.651197769684203,0.291143705034029,-0.014146850474376152,-0.01099749352309276,-0.008856294965971012,0.019987801346298885
0.642,0.08008997636068473,-0.6401201562581784,0.3,0.0659766181618734,-0.6511473465372093,0.2910949130162199,-0.014113358198811321,-0.011027190279030874,-0.008905086983780064,0.020002159365593426
0.643,0.08003005648193803,-0.6400400962350854,0.3,0.06594987868020175,-0.6510963966009724,0.29104651548408433,-0.014080177801736288,-0.011056300365887006,-0.008953484515915655,0.02001644498121387
0.644,0.07997005657314153,-0.6399600961718912,0.3,0.0659227496539712,-0.6510449276078648,0.290998508499287,-0.014047306919170333,-0.011084831435973608,-0.009001491500713,0.020030655727727133
0.645,0.07990997669429512,-0.6398801561485958,0.3,0.0658952334966574,-0.6509929472218674,0.2909508881594122,-0.014014743197637722,-0.011112791073271566,-0.009049111840587765,0.02004478928393568
0.646,0.07984981690547867,-0.6398002762451394,0.3,0.0658673326112838,-0.6509404630387768,0.29090365059781315,-0.013982484294194866,-0.011140186793637485,-0.009096349402186843,0.020058843468186448
0.647,0.07978957726685197,-0.6397204565414015,0.3,0.065839049390393,-0.6508874825864215,0.29085679198345993,-0.013950527876458965,-0.011167026045019957,-0.009143208016540061,0.020072816233795775
0.648,0.07972925783865464,-0.6396406971172022,0.3,0.06581038621601923,-0.6508340133248854,0.2908103085207818,-0.013918871622635415,-0.011193316207683268,-0.009189691479218165,0.02008670566458834
0.649,0.07966885868120614,-0.6395609980523006,0.3,0.06578134545966087,-0.6507800626467366,0.29076419644950824,-0.013887513221545272,-0.011219064594436001,-0.00923580355049175,0.02010050997054548
0.65,0.0796083798549056,-0.639481359426396,0.3,0.06575192948225263,-0.650725637877262,0.2907184520445053,-0.01385645037265297,-0.011244278450866063,-0.009281547955494684,0.020114227483563795
0.651,0.07954782142023181,-0.639401781319127,0.3,0.06572214063414085,-0.6506707462747096,0.29067307161560385,-0.013825680786090963,-0.011268964955582605,-0.009326928384396138,0.020127856653322233
0.652,0.07948718343774325,-0.6393222638100715,0.3,0.06569198125505403,-0.6506153950305357,0.2906280515074341,-0.013795202182689217,-0.011293131220464159,-0.009371948492565896,0.0201413960432539
0.653,0.07942646596807787,-0.6392428069787471,0.3,0.0656614536740798,-0.6505595912696573,0.29058338809924605,-0.013765012293998069,-0.011316784290910209,-0.009416611900753935,0.0201548443266211
0.654,0.07936566907195314,-0.6391634109046108,0.3,0.06563056020963667,-0.6505033420507125,0.29053907780473454,-0.013735108862316464,-0.011339931146101656,-0.009460922195265453,0.02016820028269447
0.655,0.07930479281016595,-0.6390840756670585,0.3,0.06559930316945108,-0.6504466543663237,0.2904951170718577,-0.013705489640714871,-0.011362578699265158,-0.009504882928142278,0.020181462793029337
0.656,0.07924383724359256,-0.6390048013454254,0.3,0.06556768485053203,-0.650389535143367,0.2904515023826528,-0.013676152393060526,-0.011384733797941582,-0.009548497617347163,0.020194630837841353
0.657,0.07918280243318854,-0.6389255880189859,0.3,0.06553570753914628,-0.6503319912432478,0.2904082302530516,-0.013647094894042255,-0.011406403224261896,-0.009591769746948364,0.020207703492478316
0.658,0.07912168843998868,-0.6388464357669533,0.3,0.06550337351079505,-0.6502740294621805,0.29036529723268895,-0.013618314929193631,-0.011427593695227167,-0.009634702767311043,0.02022067992398685
0.659,0.07906049532510695,-0.6387673446684798,0.3,0.06547068503019227,-0.6502156565314713,0.2903226999047122,-0.013589810294914684,-0.011448311862991445,-0.009677300095287777,0.020233559387768052
0.66,0.07899922314973651,-0.6386883148026565,0.3,0.06543764435124037,-0.6501568791178106,0.2902804348855885,-0.013561578798496135,-0.011468564315154084,-0.009719565114411466,0.02024634122432816
0.661,0.07893787197514951,-0.6386093462485134,0.3,0.0654042537170093,-0.6500977038235637,0.29023849882490627,-0.013533618258140215,-0.01148835757505029,-0.009761501175093723,0.020259024856113823
0.662,0.0788764418626971,-0.6385304390850189,0.3,0.06537051535971512,-0.6500381371870712,0.2901968884051776,-0.013505926502981977,-0.01150769810205221,-0.009803111594822389,0.02027160978443666
0.663,0.07881493287380939,-0.6384515933910802,0.3,0.0653364315006993,-0.6499781856829502,0.2901556003416389,-0.013478501373110088,-0.01152659229187003,-0.009844399658361092,0.020284095586480266
0.664,0.07875334506999539,-0.638372809245543,0.3,0.06530200435040849,-0.6499178557224017,0.29011463138204613,-0.013451340719586896,-0.011545046476858722,-0.00988536861795386,0.020296481912392392
0.665,0.07869167851284287,-0.6382940867271913,0.3,0.06526723610837634,-0.6498571536535205,0.2900739783064731,-0.013424442404466524,-0.011563066926329135,-0.00992602169352691,0.02030876848245537
0.666,0.0786299332640184,-0.6382154259147478,0.3,0.06523212896320345,-0.6497960857616102,0.29003363792710235,-0.013397804300814956,-0.011580659846862407,-0.009966362072897639,0.020320955084339894
0.667,0.07856810938526722,-0.6381368268868732,0.3,0.0651966850925398,-0.6497346582695013,0.2899936070880208,-0.013371424292727419,-0.011597831382628043,-0.01000639291197919,0.020333041570432107
0.668,0.0785062069384132,-0.6380582897221666,0.3,0.06516090666306791,-0.649672877337872,0.28995388266500616,-0.013345300275345293,-0.01161458761570544,-0.010046117334993832,0.020345027855240033
0.669,0.07844422598535879,-0.6379798144991652,0.3,0.06512479583048669,-0.6496107490655747,0.2899144615653215,-0.013319430154872094,-0.011630934566409512,-0.010085538434678465,0.020356913912869805
0.67,0.07838216658808493,-0.637901401296344,0.3,0.06508835473949395,-0.6495482794899636,0.2898753407274978,-0.013293811848590978,-0.011646878193619647,-0.010124659272502168,0.02036869977458097
0.671,0.07832002880865102,-0.6378230501921164,0.3,0.06505158552377359,-0.6494854745872269,0.2898365171211245,-0.013268443284877432,-0.01166242439511056,-0.010163482878875474,0.020380385526404397
0.672,0.07825781270919481,-0.6377447612648334,0.3,0.06501449030597994,-0.649422340272721,0.28979798774663246,-0.013243322403214866,-0.011677579007887684,-0.010202012253367532,0.020391971306835767
0.673,0.07819551835193243,-0.6376665345927839,0.3,0.06497707119772365,-0.649358882401309,0.2897597496350799,-0.013218447154208779,-0.011692347808525128,-0.0102402503649201,0.020403457304593718
0.674,0.0781331457991582,-0.6375883702541947,0.3,0.06493933029956091,-0.649295106767699,0.28972179984793334,-0.013193815499597292,-0.01170673651350429,-0.010278200152066652,0.020414843756442792
0.675,0.07807069511324469,-0.63751026832723,0.3,0.06490126970098033,-0.6492310191067913,0.28968413547685357,-0.01316942541226436,-0.011720750779561251,-0.010315864523146423,0.020426130945083335
0.676,0.07800816635664257,-0.6374322288899917,0.3,0.06486289148039066,-0.6491666250940207,0.2896467536434738,-0.013145274876251903,-0.01173439620402894,-0.01035324635652618,0.020437319197102906
0.677,0.0779455595918806,-0.6373542520205194,0.3,0.06482419770511308,-0.6491019303457062,0.2896096514991814,-0.013121361886767519,-0.01174767832518675,-0.010390348500818603,0.020448408880987323
0.678,0.07788287488156553,-0.6372763377967898,0.3,0.06478519043136954,-0.6490369404194027,0.28957282622489944,-0.01309768445019599,-0.011760602622612915,-0.010427173775100551,0.020459400405194193
0.679,0.07782011228838207,-0.6371984862967173,0.3,0.0647458717042738,-0.6489716608142521,0.289536275030863,-0.013074240584108263,-0.01177317451753479,-0.010463724969137,0.020470294216283633
0.68,0.07775727187509279,-0.6371206975981532,0.3,0.06470624355782506,-0.6489060969713384,0.2894999951564001,-0.013051028317267732,-0.011785399373185235,-0.010500004843599864,0.02048109079710404
0.681,0.07769435370453814,-0.6370429717788861,0.3,0.06466630801490021,-0.6488402542740478,0.28946398386970995,-0.013028045689637932,-0.011797282495161654,-0.010536016130290038,0.0204917906650364
0.682,0.07763135783963625,-0.6369653089166422,0.3,0.06462606708724658,-0.6487741380484241,0.289428238467641,-0.013005290752389667,-0.01180882913178194,-0.010571761532359003,0.020502394370289525
0.683,0.07756828434338298,-0.636887709089084,0.3,0.06458552277547794,-0.648707753563533,0.28939275627546646,-0.012982761567905038,-0.011820044474449065,-0.010607243724533533,0.020512902494251806
0.684,0.07750513327885183,-0.6368101723738114,0.3,0.06454467706906807,-0.6486411060318209,0.28935753464666303,-0.012960456209783769,-0.011830933658009468,-0.01064246535333696,0.02052331564788988
0.685,0.07744190470919388,-0.6367326988483614,0.3,0.06450353194634882,-0.648574200609484,0.28932257096268865,-0.012938372762845055,-0.011841501761122641,-0.010677429037311337,0.020533634470200852
0.686,0.07737859869763766,-0.636655288590207,0.3,0.06446208937450677,-0.648507042396831,0.2892878626327584,-0.01291650932313089,-0.011851753806623955,-0.010712137367241581,0.020543859626710993
0.687,0.0773152153074892,-0.636577941676759,0.3,0.06442035130957934,-0.6484396364386501,0.2892534070936195,-0.012894863997909858,-0.01186169476189114,-0.01074659290638047,0.020553991808024412
0.6880000000000001,0.07725175460213186,-0.6365006581853638,0.3,0.06437831969645527,-0.6483719877245805,0.2892192018093314,-0.012873434905676592,-0.011871329539216657,-0.010780798190668572,0.020564031728415835
0.6890000000000001,0.07718821664502637,-0.6364234381933053,0.3,0.06433599646887428,-0.6483041011894806,0.28918524427104036,-0.01285222017615209,-0.011880662996175295,-0.010814755728959624,0.020573980124468986
0.6900000000000001,0.07712460149971066,-0.6363462817778032,0.3,0.06429338354942517,-0.648235981713799,0.28915153199675536,-0.012831217950285495,-0.011889699935995868,-0.010848468003244627,0.020583837753761356
0.6910000000000001,0.07706090922979988,-0.636269189016014,0.3,0.06425048284955032,-0.6481676341239474,0.2891180625311267,-0.012810426380249568,-0.011898445107933364,-0.010881937468873282,0.020593605393586758
0.6920000000000001,0.0769971398989863,-0.6361921599850305,0.3,0.06420729626954534,-0.6480990631926741,0.28908483344522223,-0.012789843629440953,-0.011906903207643538,-0.010915166554777755,0.020603283839725216
0.6930000000000001,0.07693329357103923,-0.6361151947618817,0.3,0.06416382569856274,-0.6480302736394371,0.2890518423363039,-0.012769467872476487,-0.011915078877555385,-0.010948157663696112,0.020612873905249688
0.6940000000000001,0.076869370309805,-0.6360382934235329,0.3,0.06412007301461563,-0.647961270130782,0.28901908682760535,-0.012749297295189366,-0.011922976707249067,-0.010980913172394635,0.020622376419375064
0.6950000000000001,0.07680537017920686,-0.6359614560468853,0.3,0.06407604008458195,-0.6478920572807123,0.28898656456811106,-0.012729330094624902,-0.011930601233827054,-0.01101343543188893,0.02063179222634101
0.6960000000000001,0.07674129324324494,-0.6358846827087763,0.3,0.06403172876420996,-0.6478226396510723,0.28895427323233175,-0.012709564479034985,-0.011937956942296046,-0.01104572676766824,0.020641122184339805
0.6970000000000001,0.07667713956599619,-0.6358079734859792,0.3,0.06398714089812572,-0.6477530217519206,0.28892221052008477,-0.012689998667870461,-0.01194504826594145,-0.011077789479915223,0.020650367164473014
0.6980000000000001,0.07661290921161423,-0.6357313284552033,0.3,0.06394227831983752,-0.6476832080419076,0.28889037415627217,-0.01267063089177671,-0.011951879586704295,-0.011109625843727822,0.020659528049748625
0.6990000000000001,0.07654860224432947,-0.6356547476930936,0.3,0.0638971428517461,-0.6476132029286558,0.2888587618906602,-0.012651459392583372,-0.01195845523556216,-0.011141238109339813,0.020668605734111237
0.7000000000000001,0.07648421872844885,-0.6355782312762308,0.3,0.06385173630515291,-0.6475430107691349,0.28882737149765914,-0.01263248242329594,-0.011964779492904087,-0.011172628502340853,0.020677601121503873
0.7010000000000001,0.07641975872835587,-0.6355017792811315,0.3,0.06380606048026763,-0.6474726358700442,0.2887962007761029,-0.012613698248088237,-0.011970856588912726,-0.011203799223897082,0.020686515124968156
0.7020000000000001,0.07635522230851051,-0.6354253917842474,0.3,0.0637601171662214,-0.6474020824881889,0.28876524754903155,-0.012595105142289106,-0.011976690703941473,-0.011234752450968444,0.020695348665768765
0.7030000000000001,0.07629060953344922,-0.6353490688619662,0.3,0.06371390814107625,-0.6473313548308605,0.2887345096634705,-0.012576701392372977,-0.01198228596889428,-0.011265490336529516,0.020704102672555433
0.704,0.07622592046778476,-0.6352728105906107,0.3,0.06366743517183601,-0.6472604570562155,0.2887039849902149,-0.012558485295948746,-0.011987646465604795,-0.01129601500978511,0.02071277808055159
0.705,0.07616115517620618,-0.6351966170464393,0.3,0.06362070001446206,-0.6471893932736553,0.28867367142361167,-0.012540455161744124,-0.011992776227216062,-0.011326328576388323,0.020721375830772056
0.706,0.07609631372347876,-0.6351204883056454,0.3,0.06357370441388385,-0.647118167544205,0.28864356688134285,-0.01252260930959491,-0.011997679238559655,-0.011356433118657139,0.020729896869271954
0.707,0.07603139617444397,-0.6350444244443577,0.3,0.06352645010401464,-0.6470467838808915,0.2886136693042093,-0.012504946070429332,-0.012002359436533827,-0.011386330695790703,0.02073834214642058
0.708,0.07596640259401934,-0.6349684255386403,0.3,0.06347893880776699,-0.6469752462491255,0.2885839766559174,-0.012487463786252345,-0.0120068207104852,-0.011416023344082593,0.020746712616203533
0.709,0.07590133304719844,-0.6348924916644918,0.3,0.06343117223706637,-0.646903558567076,0.28855448692286406,-0.012470160810132067,-0.012011066902584244,-0.011445513077135927,0.02075500923555077
0.71,0.07583618759905082,-0.6348166228978462,0.3,0.06338315209287061,-0.6468317247060525,0.28852519811392346,-0.01245303550618021,-0.012015101808206308,-0.011474801886076524,0.020763232963689756
0.711,0.07577096631472192,-0.6347408193145725,0.3,0.06333488006518498,-0.6467597484908817,0.2884961082602339,-0.012436086249536946,-0.012018929176309201,-0.01150389173976607,0.020771384761525083
0.712,0.07570566925943303,-0.6346650809904738,0.3,0.06328635783308177,-0.646687633700284,0.2884672154149885,-0.012419311426351262,-0.01202255270981023,-0.011532784585011502,0.020779465591038264
0.713,0.07564029649848118,-0.6345894080012888,0.3,0.06323758706471846,-0.6466153840672528,0.2884385176532216,-0.012402709433762718,-0.012025976065964006,-0.011561482346778396,0.02078747641471553
0.714,0.07557484809723913,-0.6345138004226903,0.3,0.06318856941735711,-0.6465430032794304,0.2884100130716015,-0.012386278679882026,-0.012029202856740029,-0.011589986928398466,0.0207954181949955
0.715,0.0755093241211553,-0.6344382583302859,0.3,0.06313930653738585,-0.6464704949794837,0.2883816997882215,-0.012370017583769446,-0.012032236649197836,-0.01161830021177851,0.020803291893738293
0.716,0.07544372463575362,-0.6343627817996178,0.3,0.06308980006033794,-0.6463978627654807,0.28835357594239036,-0.012353924575415676,-0.012035080965862921,-0.011646424057609628,0.020811098471719452
0.717,0.0753780497066336,-0.6342873709061623,0.3,0.06304005161091553,-0.6463251101912645,0.2883256396944267,-0.012337998095718075,-0.012037739285102211,-0.011674360305573284,0.02081883888814122
0.718,0.07531229939947015,-0.6342120257253305,0.3,0.06299006280301093,-0.6462522407668293,0.2882978892254541,-0.012322236596459216,-0.01204021504149877,-0.011702110774545915,0.020826514100165578
